Bons	ADJ	bon
fut	VERB	être
li	DET	le
secles	NOUN	scel
al	ADP.DET	à.le
tens	NOUN	tens
ancïenur	NOUN	encïonnir
quer	CCONJ	querre
feit	VERB	faire
i	ADV	i
ert	VERB	estre
e	CCONJ	et
justise	NOUN	justicier
et	CCONJ	et
amur	NOUN	amur
,	PUNCT	,
si	ADV	si
ert	VERB	estre
creance	NOUN	crëance
dunt	PRON	dont
ore	NOUN	ore
n'	ADV	ne
i	ADV	i
at	VERB	avoir
nul	DET	nul
prut	VERB	preux
,	PUNCT	,
tut	DET	tout
est	VERB	estre
müez	VERB	movoir
,	PUNCT	,
perdut	VERB	perdre
ad	VERB	avoir
sa	DET	son
colur	NOUN	collur
,	PUNCT	,
ja	ADV	ja
mais	NOUN	mais
n'	ADV	ne
iert	VERB	estre
tel	DET	tel
cum	SCONJ	comme
fut	VERB	être
as	VERB	a.le
anceisurs	NOUN	ancelos
.	PUNCT	.
Al	ADP.DET	à.le
tens	NOUN	tens
Noé	VERB	nozer
et	CCONJ	et
al	ADP.DET	à.le
tens	NOUN	tens
Abraham	PROPN	abraham
et	CCONJ	et
al	ADP.DET	à.le
David	PROPN	david
qui	PRON	qui
Deus	PROPN	dieu
par	ADP	par
amat	NOUN	ametre
tant	ADV	tant
,	PUNCT	,
bons	ADJ	bon
fut	VERB	être
li	DET	le
secles	NOUN	scel
,	PUNCT	,
jamais	ADV	jamais
n'	ADV	ne
ert	VERB	estre
si	ADV	si
vailant	ADJ	valoir
,	PUNCT	,
velz	ADJ	vel
est	VERB	estre
e	CCONJ	et
frailes	NOUN	fraisse
,	PUNCT	,
tut	DET	tout
s'	DET	soi
en	ADP	en
vat	VERB	aler
remanant	VERB	remanant
,	PUNCT	,
si'	DET	si
st	DET	set
ampairét	VERB	amperait
tut	DET	tout
bien	NOUN	bien
vait	VERB	aler
remanant	VERB	remanant
.	PUNCT	.
Puis	NOUN	puis
icel	DET	cil
tens	NOUN	tens
que	SCONJ	que
Deus	PROPN	dieu
nus	DET	nul
vint	VERB	venir
salver	VERB	sauver
,	PUNCT	,
nostra	VERB	notre
anceisur	NOUN	anceloir
ourent	VERB	ouïr
cristïentét	NOUN	cristaité
,	PUNCT	,
si	ADV	si
fut	VERB	être
un	DET	un
sire	NOUN	seignor
de	ADP	de
Rome	PROPN	rome
la	DET	le
citét	NOUN	cité
,	PUNCT	,
rices	NOUN	riche
hom	NOUN	ome
fud	VERB	deuf
de	ADP	de
grant	ADJ	grant
nobilitét	NOUN	nobilité
,	PUNCT	,
pur	ADP	pour
hoc	NOUN	come
vus	PRON	vous
di	VERB	dire
d'	ADP	de
un	DET	un
son	DET	son
filz	NOUN	fil
voil	NOUN	voloir
parler	VERB	parler
.	PUNCT	.
Eufemïen	NOUN	exembier
si	ADV	si
out	VERB	avoir
a	ADP	a
nnum	NOUN	nom
li	DET	le
pedre	NOUN	perdre
,	PUNCT	,
cons	NOUN	compe
fut	VERB	être
de	ADP	de
Rome	PROPN	rome
des	ADP.DET	de.le
melz	NOUN	metre
ki	PRON	qui
dunc	ADV	donc
i	ADV	i
eret	VERB	estre
,	PUNCT	,
sur	ADP	sur
tuz	DET	tous
ses	DET	son
pers	NOUN	pers
l'	DET	le
amat	NOUN	ametre
li	DET	le
emperere	NOUN	emperëor
,	PUNCT	,
dunc	ADV	donc
prist	VERB	prendre
muiler	VERB	müil
vailante	ADJ	valoir
et	CCONJ	et
honurede	NOUN	honneur
,	PUNCT	,
des	ADP.DET	de.le
melz	NOUN	metre
gentils	ADJ	gentil
de	ADP	de
tuta	DET	tout
la	DET	le
cuntretha	VERB	contreter
.	PUNCT	.
Puis	NOUN	puis
converserent	VERB	converter
ansemble	ADV	ensemble
longament	ADV	longement
,	PUNCT	,
n'	ADV	ne
ourent	VERB	ouïr
amfant	NOUN	ametre
,	PUNCT	,
peiset	VERB	peser
lur	DET	leur
en	ADP	en
forment	ADV	forment
,	PUNCT	,
e	CCONJ	et
Deu	PROPN	dieu
apelent	VERB	apeler
andui	PRON	ambedos
parfitement	ADV	parfoit
:	PUNCT	:
«	PUNCT	"
E	CCONJ	et
!	PUNCT	!
reis	NOUN	roi
celeste	NOUN	celer
,	PUNCT	,
par	ADP	par
ton	DET	ton
cumandement	NOUN	commandement
amfant	NOUN	ametre
nus	DET	nul
done	VERB	doner
ki	PRON	qui
seit	VERB	être
a	ADP	a
tun	DET	ton
talent	NOUN	talent
.	PUNCT	.
»	PUNCT	"
Tant	ADV	tant
li	DET	le
prierent	VERB	prier
par	ADP	par
grant	ADJ	grant
humilitét	NOUN	humilité
,	PUNCT	,
que	SCONJ	que
la	DET	le
muiler	VERB	müil
dunat	VERB	donner
fecunditét	NOUN	ferdondement
,	PUNCT	,
un	DET	un
filz	NOUN	fil
lur	DET	leur
dunet	VERB	donner
,	PUNCT	,
si	ADV	si
l'	DET	le
en	ADP	en
sourent	VERB	sourrent
bont	VERB	bon
gret	ADJ	grever
,	PUNCT	,
de	ADP	de
sain	ADJ	sain
batesma	VERB	batesse
l'	DET	le
unt	VERB	avoir
fait	VERB	faire
regenerer	VERB	regierger
,	PUNCT	,
bel	ADJ	bel
num	DET	nom
li	DET	le
metent	VERB	metre
sur	ADP	sur
la	DET	le
cristïentét	NOUN	cristaité
.	PUNCT	.
Fud	VERB	feu
baptizét	NOUN	batister
,	PUNCT	,
si	ADV	si
out	VERB	avoir
num	DET	nom
Alexis	PROPN	alex
,	PUNCT	,
ki	PRON	qui
lui	PRON	lui
portat	VERB	porter
suëf	ADJ	souf
le	DET	le
fist	VERB	faire
nurrir	VERB	norrir
,	PUNCT	,
puis	NOUN	puis
ad	VERB	avoir
escole	NOUN	escole
li	DET	le
bons	ADJ	bon
pedre	NOUN	perdre
le	DET	le
mist	VERB	metre
,	PUNCT	,
tant	ADV	tant
aprist	VERB	aprendre
letres	NOUN	letre
que	SCONJ	que
bien	NOUN	bien
en	ADP	en
fut	VERB	être
guarnit	VERB	garint
,	PUNCT	,
puis	NOUN	puis
vait	VERB	aler
li	DET	le
emfes	NOUN	enfant
l'	DET	le
emperethur	NOUN	empereur
servir	VERB	servir
.	PUNCT	.
Quant	SCONJ	cant
veit	VERB	vëoir
li	DET	le
pedre	NOUN	perdre
que	SCONJ	que
mais	NOUN	mais
n'	ADV	ne
avrat	VERB	avoir
amfant	NOUN	ametre
,	PUNCT	,
mais	NOUN	mais
que	SCONJ	que
cel	DET	cel
sul	DET	seul
que	SCONJ	que
il	PRON	il
par	ADP	par
amat	NOUN	ametre
tant	ADV	tant
,	PUNCT	,
dunc	ADV	donc
se	PRON	se
purpenset	NOUN	prusempe
del	ADP.DET	de.le
secle	NOUN	scel
an	ADP	en
avant	ADV	avant
,	PUNCT	,
or	NOUN	or
volt	VERB	voloir
que	SCONJ	que
prenget	NOUN	prendre
moyler	VERB	mieuxler
a	ADP	a
sun	DET	son
vivant	VERB	vivre
,	PUNCT	,
dunc	ADV	donc
li	DET	le
acatet	VERB	acheter
filie	NOUN	filie
d'	ADP	de
un	DET	un
noble	ADJ	noble
franc	ADJ	franc
.	PUNCT	.
Fud	VERB	feu
la	DET	le
pulcela	VERB	poupler
nethe	NOUN	nëit
de	ADP	de
halt	ADJ	haut
parentét	NOUN	parenté
,	PUNCT	,
fille	NOUN	fille
ad	VERB	avoir
un	DET	un
conpta	VERB	conpattre
de	ADP	de
Rome	PROPN	rome
la	DET	le
ciptét	NOUN	cité
,	PUNCT	,
n'	ADV	ne
at	VERB	avoir
mais	NOUN	mais
amfant	NOUN	ametre
,	PUNCT	,
lui	PRON	lui
volt	VERB	voloir
mult	ADV	moult
honurer	VERB	honneur
,	PUNCT	,
ansemble	ADV	ensemble
an	ADP	en
vunt	VERB	vontre
li	DET	le
dui	PRON	deus
pedre	NOUN	perdre
parler	VERB	parler
,	PUNCT	,
lur	DET	leur
dous	DET	doux
amfanz	NOUN	amender
volent	VERB	voler
faire	VERB	faire
asembler	VERB	assembler
.	PUNCT	.
Domnnent	VERB	donner
lur	DET	leur
terme	NOUN	terme
de	ADP	de
lur	DET	leur
adaisement	NOUN	adversement
,	PUNCT	,
quant	SCONJ	cant
vint	VERB	venir
al	ADP.DET	à.le
fare	VERB	faire
,	PUNCT	,
dunc	ADV	donc
le	DET	le
funt	VERB	faire
gentement	NOUN	gentement
,	PUNCT	,
danz	NOUN	dent
Alexis	PROPN	alex
l'	DET	le
espuset	VERB	espuser
belament	NOUN	belmenté
,	PUNCT	,
mais	NOUN	mais
ço	PRON	ce
est	VERB	estre
tel	DET	tel
plait	NOUN	plait
dunt	PRON	dont
ne	ADV	ne
volsist	VERB	voloir
nïent	ADV	nevo
,	PUNCT	,
de	ADP	de
tut	DET	tout
an	ADP	en
tut	DET	tout
ad	VERB	avoir
a	ADP	a
Deu	PROPN	dieu
sun	DET	son
talent	NOUN	talent
.	PUNCT	.
Quant	SCONJ	cant
li	DET	le
jurz	NOUN	jour
passet	VERB	passer
et	CCONJ	et
il	PRON	il
fut	VERB	être
anuitét	ADJ	anuité
,	PUNCT	,
ço	PRON	ce
dist	VERB	dire
li	DET	le
pedres	NOUN	perdre
:	PUNCT	:
«	PUNCT	"
Filz	NOUN	fil
,	PUNCT	,
quar	CCONJ	car
t'	PRON	tu
en	ADP	en
vas	VERB	aler
colcer	VERB	courcel
avoc	ADP	avoc
ta	DET	ton
spuse	VERB	suspe
al	ADP.DET	à.le
cumand	VERB	commander
Deu	PROPN	dieu
del	ADP.DET	de.le
ciel	NOUN	ciel
.	PUNCT	.
»	PUNCT	"
Ne	CCONJ	ne
volt	VERB	voloir
li	DET	le
emfes	NOUN	enfant
sum	DET	sommi
pedre	NOUN	perdre
corocier	VERB	corrocier
,	PUNCT	,
vint	VERB	venir
en	ADP	en
la	DET	le
cambra	VERB	cambra
ou	CCONJ	ou
ert	VERB	estre
sa	DET	son
muiler	VERB	müil
.	PUNCT	.
Cum	X	comme
veit	VERB	vëoir
le	DET	le
lit	NOUN	lit
,	PUNCT	,
esguardat	VERB	esgarder
la	DET	le
pulcela	VERB	poupler
,	PUNCT	,
dunc	ADV	donc
li	DET	le
remembret	VERB	remembrer
de	ADP	de
sun	DET	son
seinor	NOUN	seignor
celeste	NOUN	celer
,	PUNCT	,
que	SCONJ	que
plus	ADV	plus
ad	VERB	avoir
cher	ADJ	cher
que	SCONJ	que
tut	DET	tout
aveir	NOUN	avoir
terrestre	NOUN	terreter
,	PUNCT	,
«	PUNCT	"
E	CCONJ	et
!	PUNCT	!
Deus	PROPN	dieu
,	PUNCT	,
dist	VERB	dire
il	PRON	il
,	PUNCT	,
cum	SCONJ	comme
fort	ADJ	fort
pecét	NOUN	pecer
m'	PRON	je
apresset	VERB	après
,	PUNCT	,
se	PRON	se
or	NOUN	or
ne	ADV	ne
m'	PRON	je
en	ADP	en
fui	VERB	estre
,	PUNCT	,
mult	ADV	moult
criem	VERB	criembre
que	SCONJ	que
ne	ADV	ne
t'	PRON	tu
em	ADP	en
perde	NOUN	perdre
.	PUNCT	.
»	PUNCT	"
Quant	SCONJ	cant
an	ADP	en
la	DET	le
cambra	VERB	cambra
furent	VERB	estre
tut	DET	tout
sul	DET	seul
remés	VERB	remanoir
,	PUNCT	,
danz	NOUN	dent
Alexis	PROPN	alex
la	DET	le
prist	VERB	prendre
ad	VERB	avoir
apeler	VERB	apeler
,	PUNCT	,
la	DET	le
mortel	ADJ	mortel
vithe	VERB	visté
li	DET	le
prist	VERB	prendre
mult	ADV	moult
a	ADP	a
blasmer	VERB	blasmer
,	PUNCT	,
de	ADP	de
la	DET	le
celeste	NOUN	celer
li	DET	le
mostret	VERB	mostrer
veritét	NOUN	verité
,	PUNCT	,
mais	NOUN	mais
lui	PRON	lui
est	VERB	estre
tart	ADV	tart
quet	SCONJ	quart
il	PRON	il
s'	DET	soi
en	ADP	en
seit	VERB	être
turnét	VERB	turner
.	PUNCT	.
«	PUNCT	"
Oz	NOUN	ost
mei	PRON	moi
,	PUNCT	,
pulcele	NOUN	puclele
,	PUNCT	,
celui	DET	cel
tien	VERB	tenir
ad	VERB	avoir
espus	ADV	espus
ki	PRON	qui
nus	DET	nul
raens	NOUN	raime
de	ADP	de
sun	DET	son
sanc	NOUN	sanc
precïus	ADJ	preuxhier
,	PUNCT	,
an	ADP	en
icés	NOUN	ice
secle	NOUN	scel
nen	NOUN	ne
at	VERB	avoir
parfit'	ADJ	parfoit
amor	NOUN	amor
,	PUNCT	,
la	DET	le
vithe	VERB	visté
est	VERB	estre
fraisle	NOUN	fraisse
,	PUNCT	,
n'	ADV	ne
i	ADV	i
ad	VERB	avoir
durable	ADJ	durable
honur	NOUN	honneur
,	PUNCT	,
cesta	DET	cest
lethece	NOUN	lecier
revert	VERB	revert
a	ADP	a
grant	ADJ	grant
tristur	NOUN	tristus
.	PUNCT	.
»	PUNCT	"
Quant	SCONJ	cant
sa	DET	son
raisun	NOUN	raison
li	DET	le
ad	VERB	avoir
tute	DET	tout
mustrethe	NOUN	murter
,	PUNCT	,
pois	NOUN	peise
li	DET	le
cumandet	VERB	comander
les	DET	le
renges	NOUN	renge
de	ADP	de
s'	DET	soi
espethe	NOUN	espeener
et	CCONJ	et
un	DET	un
anel	NOUN	anel
,	PUNCT	,
a	ADP	a
Deu	PROPN	dieu
li	DET	le
ad	VERB	avoir
comandethe	VERB	comander
,	PUNCT	,
dunc	ADV	donc
en	ADP	en
eissit	NOUN	aisier
de	ADP	de
la	DET	le
cambre	NOUN	chambre
sum	DET	sommi
pedre	NOUN	perdre
,	PUNCT	,
ensur	ADP	ensur
nuit	NOUN	nuit
s'	DET	soi
en	ADP	en
fuit	VERB	fuir
de	ADP	de
la	DET	le
contrethe	NOUN	contreter
.	PUNCT	.
Dunc	ADV	donc
vint	VERB	venir
errant	VERB	errer
dreitement	ADV	dreitemin
a	ADP	a
la	DET	le
mer	NOUN	mer
,	PUNCT	,
la	DET	le
nef	NOUN	nef
est	VERB	estre
preste	NOUN	prester
ou	CCONJ	ou
il	PRON	il
deveit	VERB	devoir
entrer	VERB	entrer
,	PUNCT	,
dunet	VERB	donner
sum	DET	sommi
pris	NOUN	prendre
et	CCONJ	et
enz	ADV	ens
est	VERB	estre
alöét	VERB	aller
,	PUNCT	,
drecent	VERB	drecier
lur	DET	leur
sigle	NOUN	signel
,	PUNCT	,
laisent	VERB	laisser
curre	VERB	cure
par	ADP	par
mer	NOUN	mer
,	PUNCT	,
la	DET	le
pristrent	VERB	prendre
terre	NOUN	terre
o	ADP	o
Deus	PROPN	dieu
les	DET	le
volt	VERB	voloir
mener	VERB	mener
.	PUNCT	.
Dreit	NOUN	dreit
a	ADP	a
Lalice	PROPN	lalice
,	PUNCT	,
ço	PRON	ce
fut	VERB	être
citét	NOUN	cité
mult	ADV	moult
bele	ADJ	bel
,	PUNCT	,
iloec	NOUN	illuec
arivet	NOUN	arriver
sainement	NOUN	sainement
la	DET	le
nacele	NOUN	nacele
,	PUNCT	,
dunc	ADV	donc
an	ADP	en
eisit	NOUN	aisier
danz	NOUN	dent
Alexis	PROPN	alex
acertes	ADV	à.certes
,	PUNCT	,
ço	PRON	ce
ne	ADV	ne
sai	VERB	savoir
jo	PRON	je
cum	SCONJ	comme
longes	NOUN	long
i	ADV	i
converset	VERB	converter
,	PUNCT	,
ou	CCONJ	ou
que	SCONJ	que
il	PRON	il
seit	VERB	être
de	ADP	de
Deu	PROPN	dieu
servir	VERB	servir
ne	ADV	ne
cesset	DET	cest
.	PUNCT	.
D'	ADP	de
iloc	DET	il
alat	VERB	aler
an	ADP	en
Alsis	VERB	alquis
la	DET	le
ciptét	NOUN	cité
,	PUNCT	,
pur	ADP	pour
une	DET	un
imagine	ADJ	ignage
dunt	PRON	dont
il	PRON	il
oït	VERB	öir
parler	VERB	parler
,	PUNCT	,
qued	CCONJ	quard
angeles	NOUN	angele
firent	VERB	faire
par	ADP	par
cumandement	NOUN	commandement
Deu	PROPN	dieu
,	PUNCT	,
el	ADP.DET	en.le
num	DET	nom
la	DET	le
virgine	ADJ	vigir
ki	PRON	qui
portat	VERB	porter
salvetét	NOUN	sauveté
,	PUNCT	,
sainta	ADJ	saint
Marie	PROPN	marie
ki	PRON	qui
portat	VERB	porter
Damnedeu	PROPN	damedieu
.	PUNCT	.
Tut	DET	tout
sun	DET	son
aver	VERB	aver
qu'	SCONJ	que
od	ADP	o
sei	PRON	soi
en	ADP	en
ad	VERB	avoir
portét	NOUN	porter
,	PUNCT	,
tut	DET	tout
le	DET	le
depart	NOUN	departir
par	ADP	par
Alsis	VERB	alquis
la	DET	le
citét	NOUN	cité
,	PUNCT	,
larges	ADJ	large
almosnes	NOUN	aler
,	PUNCT	,
que	SCONJ	que
gens	NOUN	gens
ne	ADV	ne
l'	DET	le
en	ADP	en
remest	VERB	remanoir
,	PUNCT	,
dunet	VERB	donner
as	VERB	a.le
povres	ADJ	pauvre
u	CCONJ	ou
qu'	SCONJ	que
il	PRON	il
les	DET	le
pout	VERB	pouvoir
trover	VERB	trover
,	PUNCT	,
pur	ADP	pour
nul	DET	nul
aver	VERB	aver
ne	ADV	ne
volt	VERB	voloir
estra	VERB	estre
ancumbrét	VERB	emborchier
.	PUNCT	.
Quant	SCONJ	cant
sun	DET	son
aver	VERB	aver
lur	DET	leur
ad	VERB	avoir
tot	DET	tot
departit	VERB	departir
,	PUNCT	,
entra	VERB	entrer
les	DET	le
povres	ADJ	pauvre
se	PRON	se
sist	VERB	sëoir
danz	NOUN	dent
Alexis	PROPN	alex
,	PUNCT	,
reçut	VERB	recevoir
l'	DET	le
almosne	NOUN	alemost
quant	SCONJ	cant
Deus	PROPN	dieu
la	DET	le
li	DET	le
tramist	VERB	trametre
,	PUNCT	,
tant	ADV	tant
an	ADP	en
retint	VERB	retenir
dunt	PRON	dont
ses	DET	son
cors	NOUN	cors
puet	VERB	pöoir
guarir	VERB	garir
,	PUNCT	,
se	PRON	se
lui'	PRON	lui
n	PUNCT	ne
remaint	VERB	remanoir
,	PUNCT	,
sil	DET	si.le
rent	VERB	rendre
as	VERB	a.le
poverins	NOUN	poversin
.	PUNCT	.
Or	ADV	or
revendrai	VERB	revenir
al	ADP.DET	à.le
pedra	VERB	perdre
et	CCONJ	et
a	ADP	a
la	DET	le
medra	VERB	medre
,	PUNCT	,
et	CCONJ	et
a	ADP	a
la	DET	le
spuse	VERB	suspe
qued	CCONJ	quard
il	PRON	il
out	VERB	avoir
espusethe	NOUN	espuser
.	PUNCT	.
Quant	SCONJ	cant
il	PRON	il
ço	PRON	ce
sourent	VERB	sourrent
qued	CCONJ	quard
il	PRON	il
fud	VERB	deuf
si	ADV	si
alét	VERB	aler
,	PUNCT	,
ço	PRON	ce
fut	VERB	être
granz	ADJ	grant
dols	ADJ	doux
quet	SCONJ	quart
il	PRON	il
unt	VERB	avoir
demenét	VERB	demener
,	PUNCT	,
e	CCONJ	et
granz	ADJ	grant
deplainz	VERB	déplance
par	ADP	par
tuta	DET	tout
la	DET	le
citiét	VERB	cité
.	PUNCT	.
Ço	PRON	ce
dist	VERB	dire
li	DET	le
pedres	NOUN	perdre
:	PUNCT	:
«	PUNCT	"
Cher	ADJ	cher
filz	NOUN	fil
,	PUNCT	,
cum	SCONJ	comme
t'	PRON	tu
ai	VERB	avoir
perdut	VERB	perdre
!	PUNCT	!
»	PUNCT	"
Respont	VERB	respondre
la	DET	le
medre	ADJ	medre
:	PUNCT	:
«	PUNCT	"
Lasse	ADJ	las
!	PUNCT	!
qued	CCONJ	quard
est	VERB	estre
devenut	VERB	devenir
?	PUNCT	?
»	PUNCT	"
Ço	PRON	ce
dist	VERB	dire
la	DET	le
spuse	VERB	suspe
:	PUNCT	:
«	PUNCT	"
Pechét	NOUN	peché
le	DET	le
m'	PRON	je
at	VERB	avoir
tolut	VERB	tolir
.	PUNCT	.
E	CCONJ	et
!	PUNCT	!
chers	ADJ	cher
amis	NOUN	ami
,	PUNCT	,
si	ADV	si
pou	ADV	peu
vus	PRON	vous
ai	VERB	avoir
oüt	VERB	avoir
,	PUNCT	,
or	NOUN	or
sui	VERB	estre
si	ADV	si
graime	NOUN	graime
que	SCONJ	que
ne	ADV	ne
puis	NOUN	puis
estra	VERB	estre
plus	ADV	plus
.	PUNCT	.
»	PUNCT	"
Dunc	ADV	donc
prent	VERB	prendre
li	DET	le
pedre	NOUN	perdre
de	ADP	de
sé	NOUN	savoir
meilurs	ADJ	meillor
serganz	NOUN	sergent
,	PUNCT	,
par	ADP	par
multes	NOUN	moult
terres	NOUN	terre
fait	VERB	faire
querre	VERB	querre
sun	DET	son
amfant	NOUN	ametre
,	PUNCT	,
jusque	ADP	jusque
en	ADP	en
Alsis	VERB	alquis
en	ADP	en
vindrent	VERB	venir
dui	PRON	deus
errant	VERB	errer
,	PUNCT	,
iloc	DET	il
truverent	VERB	trover
danz	NOUN	dent
Alexis	PROPN	alex
sedant	VERB	sant
,	PUNCT	,
mais	NOUN	mais
n'	ADV	ne
aconurent	VERB	acouncir
sum	DET	sommi
vis	NOUN	vis
ne	ADV	ne
sum	DET	sommi
semblant	NOUN	semblant
.	PUNCT	.
Des	ADP.DET	de.le
at	VERB	avoir
li	DET	le
emfes	NOUN	enfant
sa	DET	son
tendra	VERB	tenir
carn	NOUN	carn
mudede	VERB	mude
,	PUNCT	,
nel	ADV.PRON	ne.il
reconurent	VERB	reconnaître
li	DET	le
dui	PRON	deus
sergant	NOUN	sergent
sum	DET	sommi
pedre	NOUN	perdre
,	PUNCT	,
a	ADP	a
lui	PRON	lui
medisme	ADJ	medime
unt	VERB	avoir
l'	DET	le
almosne	NOUN	alemost
dunethe	VERB	donner
,	PUNCT	,
il	PRON	il
la	DET	le
receut	VERB	recevoir
cume	SCONJ	comme
li	DET	le
altre	ADJ	autre
frere	NOUN	frere
,	PUNCT	,
nel	ADV.PRON	ne.il
reconurent	VERB	reconnaître
,	PUNCT	,
sempres	NOUN	sempre
s'	DET	soi
en	ADP	en
returnerent	VERB	retorner
.	PUNCT	.
Nel	ADV.PRON	ne.il
reconurent	VERB	reconnaître
ne	ADV	ne
nel	ADV.PRON	ne.il
unt	VERB	avoir
anterciét	VERB	entercïer
,	PUNCT	,
danz	NOUN	dent
Alexis	PROPN	alex
an	ADP	en
lothet	VERB	loter
Deu	PROPN	dieu
del	ADP.DET	de.le
ciel	NOUN	ciel
d'	ADP	de
icez	DET	ice
sons	NOUN	son
sers	NOUN	serf
qui	PRON	qui
il	PRON	il
est	VERB	estre
provenders	NOUN	provendre
,	PUNCT	,
il	PRON	il
fut	VERB	être
lur	DET	leur
sire	NOUN	seignor
,	PUNCT	,
or	NOUN	or
est	VERB	estre
lur	DET	leur
almosners	NOUN	alerment
,	PUNCT	,
ne	ADV	ne
vus	PRON	vous
sai	VERB	savoir
dire	VERB	dire
cum	SCONJ	comme
il	PRON	il
s'	DET	soi
en	ADP	en
firet	VERB	faire
liez	ADJ	lié
.	PUNCT	.
Cil	DET	cel
s'	DET	soi
en	ADP	en
repairent	VERB	repairier
a	ADP	a
Rome	PROPN	rome
la	DET	le
citét	NOUN	cité
,	PUNCT	,
nuncent	NOUN	nonte
al	ADP.DET	à.le
pedre	NOUN	perdre
que	SCONJ	que
nel	ADV.PRON	ne.il
pourent	VERB	pouvoir
truver	VERB	trover
,	PUNCT	,
set	VERB	savoir
il	PRON	il
fut	VERB	être
graim	NOUN	graimpre
nel	ADV.PRON	ne.il
estot	ADJ	estot
demander	VERB	demander
,	PUNCT	,
la	DET	le
bone	ADJ	bon
medre	ADJ	medre
s'	DET	soi
em	ADP	en
prist	VERB	prendre
a	ADP	a
dementer	VERB	démenter
,	PUNCT	,
e	CCONJ	et
sun	DET	son
ker	CCONJ	car
filz	NOUN	fil
suvent	ADV	suvent
a	ADP	a
regreter	VERB	regreter
.	PUNCT	.
«	PUNCT	"
Filz	NOUN	fil
Aleïs	PROPN	alëis
,	PUNCT	,
pur	ADP	pour
quei	PRON	quere
portat	VERB	porter
ta	DET	ton
medre	ADJ	medre
?	PUNCT	?
Tu	PRON	tu
m'	PRON	je
ies	VERB	ies
fuït	VERB	fuir
,	PUNCT	,
dolente	ADJ	dolent
an	ADP	en
sui	VERB	estre
remese	VERB	remetre
,	PUNCT	,
ne	ADV	ne
sai	VERB	savoir
le	DET	le
leu	NOUN	lieu
ne	ADV	ne
n'	ADV	ne
en	ADP	en
sai	VERB	savoir
la	DET	le
contrede	VERB	contredire
u	CCONJ	ou
t'	PRON	tu
alge	VERB	alge
querre	VERB	querre
,	PUNCT	,
tute	DET	tout
en	ADP	en
sui	VERB	estre
esguarethe	VERB	égarter
,	PUNCT	,
jamais	ADV	jamais
n'	ADV	ne
ierc	NOUN	escre
lede	ADJ	ledit
,	PUNCT	,
kers	NOUN	cerf
filz	NOUN	fil
,	PUNCT	,
nul	DET	nul
ert	VERB	estre
tun	DET	ton
pedre	NOUN	perdre
.	PUNCT	.
»	PUNCT	"
Vint	VERB	venir
en	ADP	en
la	DET	le
cambre	NOUN	chambre
plaine	ADJ	plein
de	ADP	de
marrement	NOUN	marrement
,	PUNCT	,
si	ADV	si
la	DET	le
despeiret	VERB	desperer
que	SCONJ	que
n'	ADV	ne
i	ADV	i
remest	VERB	remanoir
nïent	ADV	nevo
,	PUNCT	,
n'	ADV	ne
i	ADV	i
remest	VERB	remanoir
palie	NOUN	palir
ne	ADV	ne
neül	ADJ	nuire
ornement	NOUN	ornement
,	PUNCT	,
a	ADP	a
tel	DET	tel
tristur	NOUN	tristus
aturnat	ADJ	atorner
sun	DET	son
talent	NOUN	talent
,	PUNCT	,
unches	ADV	once
puis	NOUN	puis
cel	DET	cel
di	VERB	dire
ne	ADV	ne
se	PRON	se
contint	VERB	contenir
ledement	ADV	leder
.	PUNCT	.
«	PUNCT	"
Cambra	VERB	cambrat
,	PUNCT	,
dist	VERB	dire
ela	ADV	elle
,	PUNCT	,
jamais	ADV	jamais
n'	ADV	ne
estras	VERB	estras
parede	NOUN	parede
,	PUNCT	,
ne	ADV	ne
ja	ADV	ja
ledece	NOUN	ledit
n'	ADV	ne
ert	VERB	estre
an	ADP	en
tei	PRON	toi
demenede	VERB	demener
.	PUNCT	.
»	PUNCT	"
Si	ADV	si
l'	DET	le
at	VERB	avoir
destruite	VERB	destruire
cum	SCONJ	comme
dis	VERB	dire
l'	DET	le
ait	VERB	avoir
host	NOUN	hôte
depredethe	VERB	derrapte
,	PUNCT	,
sas	DET	sauf
i	ADV	i
fait	VERB	faire
pendre	VERB	pendre
,	PUNCT	,
curtines	NOUN	cortine
deramedes	NOUN	deramer
,	PUNCT	,
sa	DET	son
grant	ADJ	grant
honur	NOUN	honneur
a	ADP	a
grant	ADJ	grant
dol	NOUN	de.le
ad	VERB	avoir
aturnede	ADJ	atroudement
.	PUNCT	.
Del	ADP.DET	de.le
duel	NOUN	duel
s'	DET	soi
asist	VERB	asseoir
la	DET	le
medre	ADJ	medre
jusque	ADP	jusque
a	ADP	a
terre	NOUN	terre
,	PUNCT	,
si	ADV	si
fist	VERB	faire
la	DET	le
spuse	VERB	suspe
danz	NOUN	dent
Alexis	PROPN	alex
acertes	ADV	à.certes
.	PUNCT	.
«	PUNCT	"
Dama	PROPN	dame
,	PUNCT	,
dist	VERB	dire
ele	PRON	il
,	PUNCT	,
jo	PRON	je
i	ADV	i
ai	VERB	avoir
si	ADV	si
grant	ADJ	grant
perte	NOUN	perte
,	PUNCT	,
ore	NOUN	ore
vivrai	VERB	vivre
an	ADP	en
guise	NOUN	guise
de	ADP	de
turtrele	NOUN	trouter
,	PUNCT	,
quant	SCONJ	cant
n'	ADV	ne
ai	VERB	avoir
tun	DET	ton
filz	NOUN	fil
,	PUNCT	,
ansembl'	ADV	ensemble
ot	VERB	avoir
tei	PRON	toi
voil	NOUN	voloir
estra	VERB	estre
.	PUNCT	.
»	PUNCT	"
Ço	PRON	ce
di	VERB	dire
la	DET	le
medre	ADJ	medre
:	PUNCT	:
«	PUNCT	"
Se	SCONJ	se
a	ADP	a
mei	PRON	moi
te	PRON	tu
vols	PRON	vous
tenir	VERB	tenir
,	PUNCT	,
sit	DET	set
guardarai	VERB	garadre
pur	ADP	pour
amur	NOUN	amur
Alexis	PROPN	alex
,	PUNCT	,
ja	ADV	ja
n'	ADV	ne
avras	VERB	avoir
mal	NOUN	mal
dunt	PRON	dont
te	PRON	tu
puisse	VERB	pöoir
guarir	VERB	garir
,	PUNCT	,
plainums	ADJ	plaindre
ansemble	ADV	ensemble
le	DET	le
doel	NOUN	doloir
de	ADP	de
nostre	DET	notre
ami	NOUN	ami
,	PUNCT	,
tu	PRON	tu
de	ADP	de
tun	DET	ton
seinur	NOUN	seigneur
,	PUNCT	,
jol	NOUN	joul
frai	NOUN	frain
pur	ADP	pour
mun	DET	mon
filz	NOUN	fil
.	PUNCT	.
»	PUNCT	"
Ne	CCONJ	ne
poet	VERB	pöoir
estra	VERB	estre
altra	VERB	autre
,	PUNCT	,
turnent	VERB	torner
el	ADP.DET	en.le
consirrer	VERB	consirer
,	PUNCT	,
mais	NOUN	mais
la	DET	le
dolur	NOUN	douleur
ne	ADV	ne
pothent	VERB	pöoter
ublïer	VERB	bouvile
.	PUNCT	.
Danz	NOUN	damnedeu
Alexis	PROPN	alex
an	ADP	en
Alsis	VERB	alquis
la	DET	le
citét	NOUN	cité
sert	VERB	servir
sun	DET	son
seinur	NOUN	seigneur
par	ADP	par
bone	ADJ	bon
volentét	NOUN	volenté
,	PUNCT	,
ses	DET	son
enemis	NOUN	ennemi
nel	ADV.PRON	ne.il
poet	VERB	pöoir
anganer	VERB	angerent
.	PUNCT	.
Dis	PROPN	dire
e	CCONJ	et
seat	VERB	savoir
anz	NOUN	an
n'	ADV	ne
en	ADP	en
fut	VERB	être
nïent	ADV	nevo
a	ADP	a
dire	VERB	dire
,	PUNCT	,
penat	VERB	pener
sun	DET	son
cors	NOUN	cors
el	ADP.DET	en.le
Damnedeu	PROPN	damedieu
servise	NOUN	servise
.	PUNCT	.
Pur	ADP	pour
amistét	NOUN	amitié
ne	ADV	ne
d'	ADP	de
ami	NOUN	ami
ne	ADV	ne
d'	ADP	de
amie	NOUN	ami
,	PUNCT	,
ne	ADV	ne
pur	ADP	pour
honurs	NOUN	honneur
ki	PRON	qui
l'	DET	le
en	ADP	en
fussent	VERB	estre
tramise	VERB	trametre
,	PUNCT	,
n'	ADV	ne
en	ADP	en
volt	VERB	voloir
turner	VERB	turner
tant	ADV	tant
cum	SCONJ	comme
il	PRON	il
ad	VERB	avoir
a	ADP	a
vivre	VERB	vivre
.	PUNCT	.
Quant	SCONJ	cant
tut	DET	tout
sun	DET	son
quor	NOUN	comer
en	ADP	en
ad	VERB	avoir
si	ADV	si
afermét	VERB	afermer
que	SCONJ	que
ja	ADV	ja
sum	DET	sommi
voil	NOUN	voloir
n'	ADV	ne
istrat	VERB	issir
de	ADP	de
la	DET	le
citiéd	NOUN	cidité
,	PUNCT	,
Deus	PROPN	dieu
fist	VERB	faire
l'	DET	le
imagine	ADJ	ignage
pur	ADP	pour
sue	ADJ	suen
amur	NOUN	amur
parler	VERB	parler
al	ADP.DET	à.le
servitor	NOUN	serviter
ki	PRON	qui
serveit	NOUN	servir
al	ADP.DET	à.le
alter	VERB	autre
,	PUNCT	,
ço	PRON	ce
li	DET	le
cumandet	VERB	comander
:	PUNCT	:
«	PUNCT	"
Apele	VERB	apeler
l'	DET	le
ume	NOUN	ume
Deu	PROPN	dieu
.	PUNCT	.
»	PUNCT	"
Ço	PRON	ce
dist	VERB	dire
l'	DET	le
imagena	VERB	inagemer
:	PUNCT	:
«	PUNCT	"
Fai	VERB	faire
l'	DET	le
ume	NOUN	ume
Deu	PROPN	dieu
venir	VERB	venir
,	PUNCT	,
quar	CCONJ	car
il	PRON	il
ad	VERB	avoir
Deu	PROPN	dieu
bien	NOUN	bien
servit	VERB	servir
et	CCONJ	et
a	ADP	a
gret	ADJ	grever
et	CCONJ	et
il	PRON	il
est	VERB	estre
dignes	ADJ	digne
d'	ADP	de
entrer	VERB	entrer
en	ADP	en
paradis	NOUN	paradis
.	PUNCT	.
»	PUNCT	"
Cil	DET	cel
vait	VERB	aler
,	PUNCT	,
sil	DET	si.le
quert	NOUN	querre
,	PUNCT	,
mais	NOUN	mais
il	PRON	il
nel	ADV.PRON	ne.il
set	VERB	savoir
coisir	NOUN	coisir
,	PUNCT	,
icel	DET	cil
saint	ADJ	saint
home	NOUN	ome
de	ADP	de
cui	PRON	cui
l'	DET	le
imagene	ADJ	ignage
dist	VERB	dire
.	PUNCT	.
Revint	VERB	revenir
li	DET	le
costre	NOUN	costre
a	ADP	a
l'	DET	le
imagine	ADJ	ignage
el	ADP.DET	en.le
muster	VERB	moustre
:	PUNCT	:
«	PUNCT	"
Certes	ADV	certes
,	PUNCT	,
dist	VERB	dire
il	PRON	il
,	PUNCT	,
ne	ADV	ne
sai	VERB	savoir
cui	PRON	cui
antercier	VERB	entercïer
.	PUNCT	.
»	PUNCT	"
Respont	VERB	respondre
l'	DET	le
imagine	ADJ	ignage
:	PUNCT	:
«	PUNCT	"
Ço	PRON	ce
est	VERB	estre
cil	DET	cel
qui	PRON	qui
tres	ADV	très
l'	DET	le
us	NOUN	us
set	VERB	savoir
,	PUNCT	,
pres	ADV	près
est	VERB	estre
de	ADP	de
Deu	PROPN	dieu
e	CCONJ	et
des	ADP.DET	de.le
regnes	NOUN	renge
del	ADP.DET	de.le
ciel	NOUN	ciel
,	PUNCT	,
par	ADP	par
nule	DET	nul
guise	NOUN	guise
ne	ADV	ne
s'	DET	soi
en	ADP	en
volt	VERB	voloir
esluiner	VERB	eslignier
.	PUNCT	.
»	PUNCT	"
Cil	DET	cel
vait	VERB	aler
,	PUNCT	,
sil	DET	si.le
quert	NOUN	querre
,	PUNCT	,
fait	VERB	faire
l'	DET	le
el	ADP.DET	en.le
muster	VERB	moustre
venir	VERB	venir
,	PUNCT	,
est	VERB	estre
vus	PRON	vous
l'	DET	le
esample	NOUN	esmalant
par	ADP	par
trestut	DET	trestot
le	DET	le
païs	NOUN	päis
que	SCONJ	que
cele	DET	cel
imagine	ADJ	ignage
parlat	VERB	parler
pur	ADP	pour
Alexis	PROPN	alex
.	PUNCT	.
Trestuit	DET	trestot
l'	DET	le
onurent	VERB	onorer
li	DET	le
grant	ADJ	grant
e	CCONJ	et
li	DET	le
petit	ADJ	petit
,	PUNCT	,
e	CCONJ	et
tuit	DET	tot
le	DET	le
prient	VERB	priier
que	SCONJ	que
de	ADP	de
els	PRON	eux
ait	VERB	avoir
mercit	NOUN	merci
.	PUNCT	.
Quant	SCONJ	cant
il	PRON	il
ço	PRON	ce
veit	VERB	vëoir
qu'	SCONJ	que
il	PRON	il
volent	VERB	voler
onurer	VERB	onorer
:	PUNCT	:
«	PUNCT	"
Certes	ADV	certes
,	PUNCT	,
dist	VERB	dire
il	PRON	il
,	PUNCT	,
n'	ADV	ne
i	ADV	i
ai	VERB	avoir
mais	NOUN	mais
ad	VERB	avoir
ester	VERB	ester
,	PUNCT	,
d'	ADP	de
icest'	DET	cist
honur	NOUN	honneur
nen	NOUN	ne
revoil	NOUN	reveloir
ancumbrer	VERB	embronche
.	PUNCT	.
»	PUNCT	"
Ensur	ADP	ensur
nuit	NOUN	nuit
s'	DET	soi
en	ADP	en
fuit	VERB	fuir
de	ADP	de
la	DET	le
ciptét	NOUN	cité
,	PUNCT	,
dreit	NOUN	dret
a	ADP	a
Lalice	PROPN	lalice
revint	VERB	revenir
li	DET	le
sons	NOUN	son
edrers	ADP	edrer
.	PUNCT	.
Danz	NOUN	damnedeu
Alexis	PROPN	alex
entrat	VERB	entrat
en	ADP	en
une	DET	un
nef	NOUN	nef
,	PUNCT	,
ourent	VERB	ouïr
lur	DET	leur
vent	VERB	vent
,	PUNCT	,
laisent	VERB	laisser
curre	VERB	cure
par	ADP	par
mer	NOUN	mer
,	PUNCT	,
andreit	NOUN	endredre
Tarson	PROPN	terson
espeiret	NOUN	épérer
ariver	VERB	arriver
,	PUNCT	,
mais	NOUN	mais
ne	ADV	ne
puet	VERB	pöoir
estra	VERB	estre
,	PUNCT	,
ailurs	NOUN	ailler
l'	DET	le
estot	ADJ	estot
aler	VERB	aler
,	PUNCT	,
andreit	NOUN	endredre
a	ADP	a
Rome	PROPN	rome
les	DET	le
portet	VERB	porter
li	DET	le
orez	NOUN	orer
.	PUNCT	.
A	ADP	a
un	DET	un
des	ADP.DET	de.le
porz	NOUN	port
ki	PRON	qui
plus	ADV	plus
est	VERB	estre
pres	ADV	près
de	ADP	de
Rome	PROPN	rome
,	PUNCT	,
iloec	NOUN	illuec
arivet	NOUN	arriver
la	DET	le
nef	NOUN	nef
a	ADP	a
icel	DET	cil
saint	ADJ	saint
home	NOUN	ome
.	PUNCT	.
Quant	SCONJ	cant
vit	VERB	vëoir
sun	DET	son
regne	NOUN	renge
,	PUNCT	,
durement	ADV	durement
s'	DET	soi
en	ADP	en
redutet	VERB	reduter
de	ADP	de
ses	DET	son
parenz	NOUN	parent
qued	CCONJ	quard
il	PRON	il
nel	ADV.PRON	ne.il
recunuissent	VERB	reconquerre
,	PUNCT	,
e	CCONJ	et
de	ADP	de
l'	DET	le
honur	NOUN	honneur
del	ADP.DET	de.le
secle	NOUN	scel
nel	ADV.PRON	ne.il
encumbrent	VERB	embormenc
.	PUNCT	.
«	PUNCT	"
E	CCONJ	et
!	PUNCT	!
Deus	PROPN	dieu
,	PUNCT	,
dist	VERB	dire
il	PRON	il
,	PUNCT	,
bels	ADJ	bel
sire	NOUN	seignor
reis	NOUN	roi
qui	PRON	qui
tut	DET	tout
guvernes	NOUN	govrent
,	PUNCT	,
se	PRON	se
tei	PRON	toi
ploüst	VERB	plovoir
ci	ADV	ci
ne	ADV	ne
volisse	VERB	voloir
estra	VERB	estre
,	PUNCT	,
s'	DET	soi
or	NOUN	or
me	PRON	je
conuissent	VERB	conoistre
mi	DET	moi
parent	NOUN	parent
d'	ADP	de
icesta	DET	icest
terre	NOUN	terre
,	PUNCT	,
il	PRON	il
me	PRON	je
prendrunt	VERB	prendre
par	ADP	par
pri	VERB	priier
ou	CCONJ	ou
par	ADP	par
poëste	NOUN	pöoir
,	PUNCT	,
se	PRON	se
jos	PRON	joup
an	ADP	en
creid	VERB	croire
,	PUNCT	,
il	PRON	il
me	PRON	je
trairunt	VERB	traire
a	ADP	a
perdra	VERB	perdre
.	PUNCT	.
Mais	CCONJ	mais
ne	ADV	ne
pur	ADP	pour
huec	NOUN	huec
mun	DET	mon
pedre	NOUN	perdre
me	PRON	je
desirret	VERB	desirrer
,	PUNCT	,
si	ADV	si
fait	VERB	faire
ma	DET	mon
medra	VERB	medre
plus	ADV	plus
que	SCONJ	que
femme	NOUN	femme
qui	PRON	qui
vivet	VERB	vivre
,	PUNCT	,
avoc	ADP	avoc
ma	DET	mon
spuse	VERB	suspe
que	SCONJ	que
jo	PRON	je
lur	DET	leur
ai	VERB	avoir
guerpide	NOUN	guerpir
,	PUNCT	,
or	NOUN	or
ne	ADV	ne
lairai	VERB	laiier
nen	NOUN	ne
mete	VERB	metre
an	ADP	en
lur	DET	leur
bailie	VERB	baillier
,	PUNCT	,
nen	NOUN	ne
conuistrunt	VERB	consurt
,	PUNCT	,
tanz	DET	tant
jurz	NOUN	jour
ad	VERB	avoir
que	SCONJ	que
nen	NOUN	ne
virent	VERB	vëoir
.	PUNCT	.
»	PUNCT	"
Eist	VERB	aisier
de	ADP	de
la	DET	le
nef	NOUN	nef
e	CCONJ	et
vint	VERB	venir
andreit	NOUN	endredre
a	ADP	a
Rome	PROPN	rome
,	PUNCT	,
vait	VERB	aler
par	ADP	par
les	DET	le
rues	NOUN	rüe
dunt	PRON	dont
il	PRON	il
ja	ADV	ja
bien	NOUN	bien
fut	VERB	être
cointe	ADJ	cointe
,	PUNCT	,
n'	ADV	ne
altra	VERB	autre
pur	ADP	pour
altre	ADJ	autre
mais	NOUN	mais
sun	DET	son
pedre	NOUN	perdre
i	ADV	i
ancuntret	VERB	encontre
,	PUNCT	,
ansembl'	ADV	ensemble
ot	VERB	avoir
lui	PRON	lui
grant	ADJ	grant
masse	NOUN	masse
de	ADP	de
ses	DET	son
humes	NOUN	homme
,	PUNCT	,
sil	DET	si.le
reconut	VERB	reconoistre
,	PUNCT	,
par	ADP	par
sun	DET	son
dreit	NOUN	dret
num	DET	nom
le	DET	le
numet	VERB	nommer
.	PUNCT	.
«	PUNCT	"
Eufemïen	NOUN	exembier
,	PUNCT	,
bel	ADJ	bel
sire	NOUN	seignor
,	PUNCT	,
riches	ADJ	riche
hom	NOUN	ome
,	PUNCT	,
quar	CCONJ	car
me	PRON	je
herberges	NOUN	herberger
pur	ADP	pour
Deu	PROPN	dieu
an	ADP	en
tue	ADJ	tien
maison	NOUN	maison
,	PUNCT	,
suz	ADP	sous
tun	DET	ton
degrét	NOUN	degré
me	PRON	je
fai	VERB	faire
un	DET	un
grabatum	VERB	grant
empur	NOUN	empure
tun	DET	ton
filz	NOUN	fil
dunt	PRON	dont
tu	PRON	tu
as	VERB	a.le
tel	DET	tel
dolur	NOUN	douleur
,	PUNCT	,
tut	DET	tout
soi	PRON	soi
amferm	NOUN	amerte
,	PUNCT	,
sim	DET	sime
pais	NOUN	paix
pur	ADP	pour
sue	ADJ	suen
amor	NOUN	amor
.	PUNCT	.
»	PUNCT	"
Quant	SCONJ	cant
ot	VERB	avoir
li	DET	le
pedre	NOUN	perdre
le	DET	le
clamor	NOUN	clamer
de	ADP	de
sun	DET	son
filz	NOUN	fil
,	PUNCT	,
plurent	VERB	plurer
si	ADV	si
oil	NOUN	oui
,	PUNCT	,
ne	ADV	ne
s'	DET	soi
en	ADP	en
puet	VERB	pöoir
astenir	VERB	astentir
.	PUNCT	.
«	PUNCT	"
Por	ADP	por
amor	NOUN	amor
Deu	PROPN	dieu
e	CCONJ	et
pur	ADP	pour
mun	DET	mon
cher	ADJ	cher
ami	NOUN	ami
,	PUNCT	,
tut	DET	tout
te	PRON	tu
durai	ADJ	durer
,	PUNCT	,
boens	ADJ	bon
hom	NOUN	ome
,	PUNCT	,
quanque	PRON	cantque
m'	PRON	je
as	VERB	a.le
quis	VERB	querre
,	PUNCT	,
lit	NOUN	lit
et	CCONJ	et
ostel	NOUN	hôtel
e	CCONJ	et
pain	NOUN	pain
e	CCONJ	et
carn	NOUN	carn
e	CCONJ	et
vin	NOUN	vin
.	PUNCT	.
E	CCONJ	et
!	PUNCT	!
Deus	PROPN	dieu
,	PUNCT	,
dist	VERB	dire
il	PRON	il
,	PUNCT	,
quer	CCONJ	querre
oüsse	VERB	avoir
un	DET	un
sergant	NOUN	sergent
kil	DET	qui.le
me	PRON	je
guardrat	VERB	garder
,	PUNCT	,
jo	PRON	je
l'	DET	le
en	ADP	en
fereie	VERB	faire
franc	ADJ	franc
.	PUNCT	.
»	PUNCT	"
Un	DET	un
en	ADP	en
i	ADV	i
out	VERB	avoir
ki	PRON	qui
sempres	NOUN	sempre
vint	VERB	venir
avant	ADV	avant
.	PUNCT	.
«	PUNCT	"
As	ADV	a.le
me	PRON	je
,	PUNCT	,
dist	VERB	dire
il	PRON	il
,	PUNCT	,
kil	DET	qui.le
guard	NOUN	garder
pur	ADP	pour
ton	DET	ton
cumand	VERB	commander
,	PUNCT	,
pur	ADP	pour
tue	ADJ	tien
amur	NOUN	amur
an	ADP	en
soferai	VERB	sofrir
l'	DET	le
ahan	NOUN	ahan
.	PUNCT	.
»	PUNCT	"
Dunc	ADV	donc
le	DET	le
menat	VERB	mener
andreit	NOUN	endredre
suz	ADP	sous
le	DET	le
degrét	NOUN	degré
,	PUNCT	,
fait	VERB	faire
li	DET	le
sun	DET	son
lit	NOUN	lit
o	ADP	o
il	PRON	il
pot	VERB	pöoir
reposer	VERB	reposer
,	PUNCT	,
tut	DET	tout
li	DET	le
amanvet	NOUN	amener
quanque	PRON	cantque
bosuinz	NOUN	boussin
li	DET	le
ert	VERB	estre
,	PUNCT	,
contra	VERB	contre
seinur	NOUN	seigneur
ne	ADV	ne
s'	DET	soi
en	ADP	en
volt	VERB	voloir
mesaler	VERB	mesailler
,	PUNCT	,
par	ADP	par
nule	DET	nul
guise	NOUN	guise
ne	ADV	ne
l'	DET	le
em	ADP	en
puet	VERB	pöoir
hom	NOUN	ome
blasmer	VERB	blasmer
.	PUNCT	.
Sovent	PROPN	sovent
le	DET	le
virent	VERB	vëoir
e	CCONJ	et
le	DET	le
pedre	NOUN	perdre
e	CCONJ	et
le	DET	le
medra	VERB	medre
,	PUNCT	,
e	CCONJ	et
la	DET	le
pulcele	NOUN	puclele
quet	SCONJ	quart
li	DET	le
ert	VERB	estre
espusede	NOUN	espuedle
,	PUNCT	,
par	ADP	par
nule	DET	nul
guise	NOUN	guise
unces	NOUN	once
nel	ADV.PRON	ne.il
aviserent	VERB	aversier
,	PUNCT	,
n'	ADV	ne
il	PRON	il
ne	ADV	ne
lur	DET	leur
dist	VERB	dire
n'	ADV	ne
elfs	NOUN	esploit
nel	ADV.PRON	ne.il
demanderent	VERB	demander
,	PUNCT	,
quels	DET	quel
hom	NOUN	ome
esteit	VERB	estre
ne	ADV	ne
de	ADP	de
quel	DET	quel
terre	NOUN	terre
il	PRON	il
eret	VERB	estre
.	PUNCT	.
Soventes	PROPN	sovente
feiz	NOUN	faire
lur	DET	leur
veit	VERB	vëoir
grant	ADJ	grant
duel	NOUN	duel
mener	VERB	mener
e	CCONJ	et
de	ADP	de
lur	DET	leur
oilz	NOUN	oile
mult	ADV	moult
tendrement	NOUN	tendrement
plurer	VERB	plurer
,	PUNCT	,
e	CCONJ	et
tut	DET	tout
pur	ADP	pour
lui	PRON	lui
,	PUNCT	,
unces	NOUN	once
nïent	ADV	nevo
pur	ADP	pour
eil	NOUN	aler
.	PUNCT	.
Danz	NOUN	damnedeu
Alexis	PROPN	alex
le	DET	le
met	VERB	metre
el	ADP.DET	en.le
consirrer	VERB	consirer
,	PUNCT	,
ne	ADV	ne
l'	DET	le
en	ADP	en
est	VERB	estre
rien	NOUN	rien
,	PUNCT	,
issi	VERB	issir
est	VERB	estre
aturnét	ADJ	atroiment
.	PUNCT	.
Soz	DET	soz
le	DET	le
degrét	NOUN	degré
ou	CCONJ	ou
il	PRON	il
gist	VERB	jesir
sur	ADP	sur
sa	DET	son
nate	NOUN	nat
,	PUNCT	,
iluec	ADV	iluec
paist	VERB	paistre
l'	DET	le
um	DET	ume
del	ADP.DET	de.le
relef	NOUN	relever
de	ADP	de
la	DET	le
tabla	VERB	table
:	PUNCT	:
a	ADP	a
grant	ADJ	grant
poverte	NOUN	povreté
deduit	NOUN	deduit
sun	DET	son
grant	ADJ	grant
parage	NOUN	parage
.	PUNCT	.
Ço	PRON	ce
ne	ADV	ne
volt	VERB	voloir
il	PRON	il
que	SCONJ	que
sa	DET	son
mere	NOUN	mere
le	DET	le
sacet	NOUN	savoir
,	PUNCT	,
plus	ADV	plus
aimet	VERB	aimer
Deu	PROPN	dieu
que	SCONJ	que
tut	DET	tout
sun	DET	son
linage	NOUN	lignage
.	PUNCT	.
De	ADP	de
la	DET	le
vïande	VERB	vointe
ki	PRON	qui
del	ADP.DET	de.le
herberc	NOUN	herber
li	DET	le
vint	VERB	venir
,	PUNCT	,
tant	ADV	tant
an	ADP	en
retint	VERB	retenir
dunt	PRON	dont
sun	DET	son
cors	NOUN	cors
an	ADP	en
sustint	PRON	sustit
,	PUNCT	,
se	PRON	se
lui	PRON	lui
en	ADP	en
remaint	VERB	remanoir
,	PUNCT	,
sil	DET	si.le
rent	VERB	rendre
as	VERB	a.le
povrins	NOUN	povrir
,	PUNCT	,
n'	ADV	ne
en	ADP	en
fait	VERB	faire
musgode	NOUN	musage
pur	ADP	pour
sun	DET	son
cors	NOUN	cors
engraisser	VERB	engrestir
.	PUNCT	.
..........................	DET	drenchant
En	ADP	en
sainte	ADJ	saint
eglise	NOUN	église
converset	VERB	converter
volenters	NOUN	volenté
,	PUNCT	,
cascune	DET	chacun
feste	NOUN	fête
se	PRON	se
fait	VERB	faire
acomunier	VERB	acompuerin
,	PUNCT	,
sainte	ADJ	saint
escriture	NOUN	écrire
ço	PRON	ce
ert	VERB	estre
ses	DET	son
conseilers	NOUN	conseiller
,	PUNCT	,
del	ADP.DET	de.le
Deu	PROPN	dieu
servise	NOUN	servise
se	PRON	se
volt	VERB	voloir
mult	ADV	moult
esforcer	VERB	esforcier
,	PUNCT	,
par	ADP	par
nule	DET	nul
guise	NOUN	guise
ne	ADV	ne
s'	DET	soi
en	ADP	en
volt	VERB	voloir
esluiner	VERB	eslignier
.	PUNCT	.
Suz	ADP	sous
le	DET	le
degrét	NOUN	degré
ou	CCONJ	ou
il	PRON	il
gist	VERB	jesir
e	CCONJ	et
converset	VERB	converter
,	PUNCT	,
iloc	DET	il
deduit	NOUN	deduit
ledement	ADV	leder
sa	DET	son
poverte	NOUN	povreté
,	PUNCT	,
li	DET	le
serf	NOUN	serf
sum	DET	sommi
pedre	NOUN	perdre
ki	PRON	qui
la	DET	le
maisnede	ADJ	maisniee
servent	VERB	servir
lur	DET	leur
lavadures	NOUN	lavausser
li	DET	le
getent	VERB	jeter
sur	ADP	sur
la	DET	le
teste	NOUN	teste
,	PUNCT	,
ne	ADV	ne
s'	DET	soi
en	ADP	en
corucet	NOUN	corroche
net	CCONJ	naistre
il	PRON	il
nes	NOUN	ne.il
en	ADP	en
apelet	VERB	appeler
.	PUNCT	.
Tuz	DET	tous
l'	DET	le
escarnissent	VERB	escarnation
,	PUNCT	,
sil	DET	si.le
tenent	VERB	tenir
pur	ADP	pour
bricun	NOUN	bricon
,	PUNCT	,
l'	DET	le
egua	VERB	en.le
li	DET	le
getent	VERB	jeter
,	PUNCT	,
si	ADV	si
moilent	VERB	moiller
sun	DET	son
linçol	NOUN	ligneu
,	PUNCT	,
ne	ADV	ne
s'	DET	soi
en	ADP	en
corucet	NOUN	corroche
giens	NOUN	jean
cil	DET	cel
saintismes	ADJ	saintisme
hom	NOUN	ome
,	PUNCT	,
ainz	ADV	ainz
priet	VERB	priier
Deu	PROPN	dieu
quet	SCONJ	quart
il	PRON	il
le	DET	le
lur	DET	leur
parduinst	VERB	pardoner
par	ADP	par
sa	DET	son
mercit	NOUN	merci
,	PUNCT	,
quer	CCONJ	querre
ne	ADV	ne
sevent	VERB	savoir
que	SCONJ	que
funt	VERB	faire
.	PUNCT	.
Iloc	DET	il
converset	VERB	converter
eisi	NOUN	aisi
dis	VERB	dire
e	CCONJ	et
set	VERB	savoir
anz	NOUN	an
,	PUNCT	,
nel	ADV.PRON	ne.il
reconut	VERB	reconoistre
nuls	DET	nul
sons	NOUN	son
apartenanz	VERB	appartenir
,	PUNCT	,
ne	ADV	ne
nuls	DET	nul
hom	NOUN	ome
ne	ADV	ne
sout	VERB	estre
les	DET	le
sons	NOUN	son
ahanz	NOUN	ahant
.	PUNCT	.
..........................	DET	drenchant
..........................	DET	drenchant
Trente	PROPN	trente
quatre	DET	quatre
anz	NOUN	an
ad	VERB	avoir
si	ADV	si
sun	DET	son
cors	NOUN	cors
penét	NOUN	pener
,	PUNCT	,
Deus	PROPN	dieu
sun	DET	son
servise	NOUN	servise
li	DET	le
volt	VERB	voloir
guereduner	VERB	gaudere
,	PUNCT	,
mult	ADV	moult
li	DET	le
angreget	VERB	engreter
la	DET	le
sue	ADJ	suen
anfermetét	NOUN	enfermeté
,	PUNCT	,
or	NOUN	or
set	VERB	savoir
il	PRON	il
bien	NOUN	bien
qued	CCONJ	quard
il	PRON	il
s'	DET	soi
en	ADP	en
deit	VERB	devoir
aler	VERB	aler
,	PUNCT	,
cel	DET	cel
son	DET	son
servant	NOUN	servir
ad	VERB	avoir
a	ADP	a
sei	PRON	soi
apelét	VERB	appeler
.	PUNCT	.
«	PUNCT	"
Quer	CCONJ	querre
mei	PRON	moi
,	PUNCT	,
bel	ADJ	bel
frere	NOUN	frere
,	PUNCT	,
et	CCONJ	et
enca	VERB	enca
e	CCONJ	et
parcamin	NOUN	parmandir
,	PUNCT	,
et	CCONJ	et
une	DET	un
penne	NOUN	pene
,	PUNCT	,
ço	PRON	ce
pri	VERB	priier
,	PUNCT	,
tue	ADJ	tien
mercit	NOUN	merci
.	PUNCT	.
»	PUNCT	"
Cil	DET	cel
li	DET	le
aportet	VERB	aporter
,	PUNCT	,
receit	VERB	recet
le	DET	le
Aleïs	PROPN	alëis
,	PUNCT	,
escrit	NOUN	écrit
la	DET	le
cartra	VERB	cart
tute	DET	tout
de	ADP	de
sei	PRON	soi
medisme	ADJ	medime
,	PUNCT	,
cum	SCONJ	comme
s'	DET	soi
en	ADP	en
alat	VERB	aler
e	CCONJ	et
cum	SCONJ	comme
il	PRON	il
s'	DET	soi
en	ADP	en
revint	VERB	revenir
.	PUNCT	.
Tres	ADV	très
sei	PRON	soi
la	DET	le
tint	VERB	tenir
,	PUNCT	,
ne	ADV	ne
la	DET	le
volt	VERB	voloir
demustrer	VERB	demorer
ne	ADV	ne
reconuissent	VERB	reconoistre
usque	DET	usque
il	PRON	il
s'	DET	soi
en	ADP	en
seit	VERB	être
alét	VERB	aler
;	PUNCT	;
parfitement	ADV	parfoit
se	PRON	se
ad	VERB	avoir
a	ADP	a
Deu	PROPN	dieu
cumandét	VERB	comander
,	PUNCT	,
sa	DET	son
fin	NOUN	fin
aproismet	VERB	apremier
,	PUNCT	,
ses	DET	son
cors	NOUN	cors
est	VERB	estre
agravét	VERB	agrever
,	PUNCT	,
de	ADP	de
tut	DET	tout
an	ADP	en
tut	DET	tout
recesset	VERB	recesser
del	ADP.DET	de.le
parler	VERB	parler
.	PUNCT	.
An	ADP	en
la	DET	le
sameine	NOUN	samenir
qued	CCONJ	quard
il	PRON	il
s'	DET	soi
en	ADP	en
dut	VERB	devoir
aler	VERB	aler
,	PUNCT	,
vint	VERB	venir
une	DET	un
voiz	NOUN	voiz
treis	DET	traire
feiz	NOUN	faire
en	ADP	en
la	DET	le
citét	NOUN	cité
hors	ADV	hors
del	ADP.DET	de.le
sacrarie	NOUN	savoir
par	ADP	par
cumandement	NOUN	commandement
Deu	PROPN	dieu
,	PUNCT	,
ki	PRON	qui
ses	DET	son
fedeilz	NOUN	faire
li	DET	le
ad	VERB	avoir
tuz	DET	tous
amvïét	NOUN	avoir
,	PUNCT	,
prest'	ADJ	preste
est	VERB	estre
la	DET	le
glorie	NOUN	glorie
qued	CCONJ	quard
il	PRON	il
li	DET	le
volt	VERB	voloir
duner	VERB	donner
.	PUNCT	.
En	ADP	en
l'	DET	le
altra	VERB	autre
voiz	NOUN	voiz
lur	DET	leur
dist	VERB	dire
altra	VERB	autre
summunse	NOUN	sommis
,	PUNCT	,
que	SCONJ	que
l'	DET	le
ume	NOUN	ume
Deu	PROPN	dieu
quergent	NOUN	querre
,	PUNCT	,
ki	PRON	qui
est	VERB	estre
an	ADP	en
Rome	PROPN	rome
,	PUNCT	,
si	ADV	si
depreient	VERB	derrier(e)
que	SCONJ	que
la	DET	le
citét	NOUN	cité
ne	ADV	ne
fundet	VERB	fendre
,	PUNCT	,
ne	ADV	ne
ne	ADV	ne
perissent	VERB	perser
la	DET	le
gent	NOUN	gent
ki	PRON	qui
enz	ADV	ens
fregundent	ADJ	fregne
:	PUNCT	:
Ki	PRON	qui
l'	DET	le
un	DET	un
oïd	VERB	öir
remainent	VERB	remanoir
en	ADP	en
grant	ADJ	grant
dute	NOUN	devoir
.	PUNCT	.
Sainz	ADJ	saint
Innocenz	NOUN	innecort
ert	VERB	estre
idunc	ADJ	dire
apostolie	NOUN	apostle
,	PUNCT	,
a	ADP	a
lui	PRON	lui
repairent	VERB	repairier
e	CCONJ	et
li	DET	le
rice	ADJ	riche
e	CCONJ	et
li	DET	le
povre	ADJ	pauvre
,	PUNCT	,
si	ADV	si
li	DET	le
requerent	VERB	requerre
conseil	NOUN	conseil
d'	ADP	de
icele	DET	icel
cose	NOUN	chose
qu'	SCONJ	que
il	PRON	il
unt	VERB	avoir
oït	VERB	öir
,	PUNCT	,
ki	PRON	qui
mult	ADV	moult
les	DET	le
desconfortet	VERB	desconforter
,	PUNCT	,
ne	ADV	ne
guardent	NOUN	garder
l'	DET	le
ure	NOUN	ure
que	SCONJ	que
terre	NOUN	terre
nes	NOUN	ne.il
anglutet	NOUN	angleter
.	PUNCT	.
Li	DET	le
apostolie	NOUN	apostle
e	CCONJ	et
li	DET	le
empereör	NOUN	emperëor
,	PUNCT	,
li	DET	le
uns	DET	un
Acharies	PROPN	acheharie
,	PUNCT	,
li	DET	le
altre	ADJ	autre
Anories	PROPN	onorir
out	VERB	avoir
num	DET	nom
,	PUNCT	,
e	CCONJ	et
tut	DET	tout
le	DET	le
pople	NOUN	peuple
par	ADP	par
commune	ADJ	commun
oraisun	NOUN	orainsle
depreient	VERB	derrier(e)
Deu	PROPN	dieu
que	SCONJ	que
conseil	NOUN	conseil
lur	DET	leur
an	ADP	en
duins	ADJ	donner
d'	ADP	de
icel	DET	cil
saint	ADJ	saint
hume	NOUN	homme
par	ADP	par
qui	PRON	qui
il	PRON	il
guarirunt	VERB	garir
.	PUNCT	.
Ço	PRON	ce
li	DET	le
deprient	VERB	derpier
,	PUNCT	,
la	DET	le
sue	ADJ	suen
pïetét	NOUN	poiter
,	PUNCT	,
que	SCONJ	que
lur	DET	leur
anseinet	VERB	enseinement
ol	PRON	ol
poissent	VERB	peser
recovrer	VERB	recovrer
.	PUNCT	.
Vint	VERB	venir
une	DET	un
voiz	NOUN	voiz
ki	PRON	qui
lur	DET	leur
ad	VERB	avoir
anditét	NOUN	andité
:	PUNCT	:
«	PUNCT	"
An	ADP	en
la	DET	le
maisun	NOUN	maison
Eufemïen	NOUN	exembier
quereiz	NOUN	querre
,	PUNCT	,
quer	CCONJ	querre
iloec	NOUN	illuec
est	VERB	estre
et	CCONJ	et
iloc	DET	il
le	DET	le
trovereiz	NOUN	trover
.	PUNCT	.
»	PUNCT	"
Tuz	DET	tous
s'	DET	soi
en	ADP	en
returnent	VERB	retorner
sur	ADP	sur
dam	NOUN	dame
Eufemïen	NOUN	exembier
,	PUNCT	,
alquanz	PRON	alquant
l'	DET	le
i	ADV	i
prennent	VERB	prendre
forment	ADV	forment
a	ADP	a
blastenger	VERB	blasge
:	PUNCT	:
«	PUNCT	"
Iceste	ADJ	cist
cose	NOUN	chose
nus	DET	nul
doüses	VERB	devoir
nuncier	NOUN	noncire
,	PUNCT	,
a	ADP	a
tut	DET	tout
le	DET	le
pople	NOUN	peuple
ki	PRON	qui
ert	VERB	estre
desconseilét	VERB	desconforter
.	PUNCT	.
Tant	ADV	tant
l'	DET	le
as	VERB	a.le
celét	VERB	celer
,	PUNCT	,
mult	ADV	moult
i	ADV	i
as	VERB	a.le
grant	ADJ	grant
pechét	NOUN	peché
.	PUNCT	.
»	PUNCT	"
Il	PRON	il
l'	DET	le
escondit	VERB	escondire
cume	SCONJ	comme
cil	DET	cel
kil	DET	qui.le
nel	ADV.PRON	ne.il
set	VERB	savoir
,	PUNCT	,
mais	NOUN	mais
ne	ADV	ne
l'	DET	le
en	ADP	en
creient	VERB	craite
,	PUNCT	,
al	ADP.DET	à.le
helberc	NOUN	helechier
sunt	VERB	être
alét	VERB	aler
.	PUNCT	.
Il	PRON	il
vat	VERB	aler
avant	ADV	avant
la	DET	le
maisun	NOUN	maison
aprester	VERB	aprester
,	PUNCT	,
forment	ADV	forment
l'	DET	le
enquer	VERB	enquerre
a	ADP	a
tuz	DET	tous
ses	DET	son
menestrels	NOUN	menestrel
,	PUNCT	,
icil	DET	cil
respondent	VERB	répondre
que	SCONJ	que
neüls	ADJ	nul
d'	ADP	de
els	PRON	eux
nel	ADV.PRON	ne.il
set	VERB	savoir
.	PUNCT	.
Li	DET	le
apostolie	NOUN	apostle
e	CCONJ	et
li	DET	le
empereür	NOUN	emperëor
sedent	VERB	sentir
es	ADP.DET	en.le
bans	ADJ	ban
pensis	ADJ	penser
e	CCONJ	et
plurus	NOUN	plur
,	PUNCT	,
iloc	DET	il
esguardent	VERB	égarder
tuit	DET	tot
cil	DET	cel
altre	ADJ	autre
seinors	NOUN	seignor
,	PUNCT	,
si	ADV	si
preient	VERB	preien
Deu	PROPN	dieu
que	SCONJ	que
conseil	NOUN	conseil
lur	DET	leur
an	ADP	en
duins	ADJ	donner
,	PUNCT	,
d'	ADP	de
icel	DET	cil
saint	ADJ	saint
hume	NOUN	homme
par	ADP	par
qui	PRON	qui
il	PRON	il
guarirunt	VERB	garir
.	PUNCT	.
An	ADP	en
tant	ADV	tant
dementres	NOUN	dementre
cum	SCONJ	comme
il	PRON	il
iloec	NOUN	illuec
unt	VERB	avoir
sis	DET	son
,	PUNCT	,
deseivret	VERB	desevrer
l'	DET	le
aneme	NOUN	enneme
del	ADP.DET	de.le
cors	NOUN	cors
sainz	ADJ	saint
Alexis	PROPN	alex
,	PUNCT	,
tut	DET	tout
dreitement	ADV	dreitemin
en	ADP	en
vait	VERB	aler
en	ADP	en
paradis	NOUN	paradis
,	PUNCT	,
a	ADP	a
sun	DET	son
seinor	NOUN	seignor
qu'	SCONJ	que
il	PRON	il
aveit	VERB	avoir
tant	ADV	tant
servit	VERB	servir
.	PUNCT	.
E	CCONJ	et
!	PUNCT	!
reis	NOUN	roi
celeste	NOUN	celer
,	PUNCT	,
tu	PRON	tu
nus	DET	nul
i	ADV	i
fai	VERB	faire
venir	VERB	venir
!	PUNCT	!
Li	DET	le
boens	ADJ	bon
serganz	NOUN	sergent
kil	DET	qui.le
serveit	NOUN	servir
volentiers	ADV	volentiers
,	PUNCT	,
il	PRON	il
le	DET	le
nunçat	NOUN	nonce
sum	DET	sommi
pedre	NOUN	perdre
Eufemïen	NOUN	exembier
,	PUNCT	,
suëf	ADJ	souf
l'	DET	le
apelet	VERB	appeler
,	PUNCT	,
si	ADV	si
li	DET	le
ad	VERB	avoir
conseilét	VERB	conseillier
:	PUNCT	:
«	PUNCT	"
Sire	NOUN	seignor
,	PUNCT	,
dist	VERB	dire
il	PRON	il
,	PUNCT	,
morz	VERB	morir
est	VERB	estre
tes	DET	ton
provenders	NOUN	provendre
,	PUNCT	,
e	CCONJ	et
ço	PRON	ce
sai	VERB	savoir
dire	VERB	dire
qu'	SCONJ	que
il	PRON	il
fut	VERB	être
bons	ADJ	bon
cristïens	NOUN	crisiette
.	PUNCT	.
Mult	ADV	moult
lungament	NOUN	longament
ai	VERB	avoir
a	ADP	a
lui	PRON	lui
conversét	VERB	converter
,	PUNCT	,
de	ADP	de
nule	DET	nul
cose	NOUN	chose
certes	ADV	certes
nel	ADV.PRON	ne.il
sai	VERB	savoir
blasmer	VERB	blasmer
,	PUNCT	,
e	CCONJ	et
ço	PRON	ce
m'	PRON	je
est	VERB	estre
vis	NOUN	vis
que	SCONJ	que
ço	PRON	ce
est	VERB	estre
l'	DET	le
ume	NOUN	ume
Deu	PROPN	dieu
.	PUNCT	.
»	PUNCT	"
Tut	DET	tout
sul	DET	seul
s'	DET	soi
en	ADP	en
est	VERB	estre
Eufemïen	NOUN	exembier
turnét	VERB	turner
,	PUNCT	,
vint	VERB	venir
a	ADP	a
sun	DET	son
filz	NOUN	fil
ou	CCONJ	ou
il	PRON	il
gist	VERB	jesir
suz	ADP	sous
lu	DET	lui
degrét	NOUN	degré
.	PUNCT	.
Les	DET	le
dras	NOUN	drap
suzlevet	VERB	soulever
dum	NOUN	dont
il	PRON	il
esteit	VERB	estre
cuvert	VERB	couvrir
,	PUNCT	,
vit	VERB	vëoir
del	ADP.DET	de.le
sain	ADJ	sain
home	NOUN	ome
le	DET	le
vis	NOUN	vis
e	CCONJ	et
cler	ADJ	clair
e	CCONJ	et
bel	ADJ	bel
,	PUNCT	,
en	ADP	en
sum	DET	sommi
puing	NOUN	poing
tint	VERB	tenir
le	DET	le
cartre	ADJ	cart
le	DET	le
Deu	PROPN	dieu
serf	NOUN	serf
.	PUNCT	.
..........................	DET	drenchant
Eufemïen	NOUN	exembier
volt	VERB	voloir
saveir	VERB	savoir
quet	SCONJ	quart
espelt	NOUN	espeler
.	PUNCT	.
Il	PRON	il
la	DET	le
volt	VERB	voloir
prendra	VERB	prendre
,	PUNCT	,
cil	DET	cel
ne	ADV	ne
li	DET	le
volt	VERB	voloir
guerpir	VERB	guerpir
,	PUNCT	,
a	ADP	a
l'	DET	le
apostolie	NOUN	apostle
revint	VERB	revenir
tuz	DET	tous
esmeriz	VERB	esmerer
.	PUNCT	.
«	PUNCT	"
Ore	NOUN	or
ai	VERB	avoir
trovét	NOUN	trover
ço	PRON	ce
que	SCONJ	que
tant	ADV	tant
avums	VERB	avoir
quis	VERB	querre
,	PUNCT	,
suz	ADP	sous
mun	DET	mon
degrét	NOUN	degré
gist	VERB	jesir
uns	DET	un
morz	VERB	morir
pelerins	NOUN	perlein
,	PUNCT	,
tent	VERB	tendre
une	DET	un
cartre	ADJ	cart
mais	NOUN	mais
na	VERB	ne
li	DET	le
puis	NOUN	puis
tolir	VERB	tolir
.	PUNCT	.
»	PUNCT	"
Li	DET	le
apostolie	NOUN	apostle
e	CCONJ	et
li	DET	le
empereör	NOUN	emperëor
venent	VERB	venir
devant	ADP	devant
,	PUNCT	,
jetent	ADJ	jeter
sei	PRON	soi
an	ADP	en
ureisuns	NOUN	ourice
,	PUNCT	,
metent	VERB	metre
lur	DET	leur
cors	NOUN	cors
en	ADP	en
granz	ADJ	grant
afflictïuns	NOUN	affrisline
.	PUNCT	.
«	PUNCT	"
Mercit	NOUN	merci
,	PUNCT	,
mercit	NOUN	merci
,	PUNCT	,
mercit	NOUN	merci
saintismes	ADJ	saintisme
hom	NOUN	ome
,	PUNCT	,
nen	NOUN	ne
coneümes	NOUN	conoistre
net	CCONJ	naistre
uncore	ADV	oncorer
nen	NOUN	ne
conuissum	VERB	conoistre
.	PUNCT	.
Ci	ADV	ci
devant	ADP	devant
tei	PRON	toi
estunt	VERB	estendre
dui	PRON	deus
pechethuor	NOUN	pechechier
,	PUNCT	,
par	ADP	par
la	DET	le
Deu	PROPN	dieu
grace	NOUN	grace
vocét	VERB	vocér
amperedor	NOUN	amerter
,	PUNCT	,
ço	PRON	ce
est	VERB	estre
sa	DET	son
merci	NOUN	merci
qu'	SCONJ	que
il	PRON	il
nus	DET	nul
consent	VERB	consentir
l'	DET	le
onor	NOUN	onor
,	PUNCT	,
de	ADP	de
tut	DET	tout
cest	DET	cest
mund	NOUN	monde
sumes	NOUN	sume
jugedor	NOUN	juger
,	PUNCT	,
del	ADP.DET	de.le
ton	DET	ton
conseil	NOUN	conseil
sumes	NOUN	sume
tut	DET	tout
busuinus	ADJ	busoind
.	PUNCT	.
Cist	DET	cest
apostolies	NOUN	apostle
deit	VERB	devoir
les	DET	le
anames	NOUN	enmanos
baillir	VERB	baillier
,	PUNCT	,
ço	PRON	ce
est	VERB	estre
ses	DET	son
mesters	NOUN	mestre
dunt	PRON	dont
il	PRON	il
ad	VERB	avoir
a	ADP	a
servir	VERB	servir
.	PUNCT	.
Dune	X	duner
li	DET	le
la	DET	le
cartre	ADJ	cart
par	ADP	par
tue	ADJ	tien
mercit	NOUN	merci
,	PUNCT	,
ço	PRON	ce
nus	DET	nul
dirrat	VERB	dire
qu'	SCONJ	que
enz	ADV	ens
trovrat	VERB	trover
escrit	NOUN	écrit
,	PUNCT	,
e	CCONJ	et
ço	PRON	ce
duinst	VERB	donner
Deus	PROPN	dieu
qu'	SCONJ	que
or	NOUN	or
en	ADP	en
puisum	VERB	puisson
grarir	VERB	graire
.	PUNCT	.
»	PUNCT	"
Li	DET	le
apostolie	NOUN	apostle
tent	VERB	tendre
sa	DET	son
main	NOUN	main
a	ADP	a
la	DET	le
cartre	ADJ	cart
,	PUNCT	,
sainz	ADJ	saint
Alexis	PROPN	alex
la	DET	le
sue	ADJ	suen
li	DET	le
alascet	VERB	aler
,	PUNCT	,
lui	PRON	lui
le	DET	le
consent	VERB	consentir
ki	PRON	qui
de	ADP	de
Rome	PROPN	rome
esteit	VERB	estre
pape	NOUN	pape
.	PUNCT	.
Il	PRON	il
ne	ADV	ne
la	DET	le
list	NOUN	lit
ne	ADV	ne
il	PRON	il
dedenz	ADP	dedenz
ne	ADV	ne
guardet	NOUN	garder
,	PUNCT	,
avant	ADV	avant
la	DET	le
tent	VERB	tendre
ad	VERB	avoir
un	DET	un
boen	ADJ	bon
clerc	NOUN	clerc
e	CCONJ	et
savie	VERB	savoir
.	PUNCT	.
Li	DET	le
cancelers	NOUN	chanceler
cui	PRON	cui
li	DET	le
mesters	NOUN	mestre
an	ADP	en
eret	VERB	estre
,	PUNCT	,
cil	DET	cel
list	NOUN	lit
le	DET	le
cartre	ADJ	cart
,	PUNCT	,
li	DET	le
altra	VERB	autre
l'	DET	le
esculterent	VERB	écouter
.	PUNCT	.
Le	DET	le
num	DET	nom
lur	DET	leur
dist	VERB	dire
del	ADP.DET	de.le
pedre	NOUN	perdre
e	CCONJ	et
de	ADP	de
la	DET	le
medre	ADJ	medre
,	PUNCT	,
e	CCONJ	et
ço	PRON	ce
lur	DET	leur
dist	VERB	dire
de	ADP	de
quels	DET	quel
parenz	NOUN	parent
il	PRON	il
eret	VERB	estre
,	PUNCT	,
d'	ADP	de
icele	DET	icel
gemme	NOUN	meme
qued	CCONJ	quard
iloc	DET	il
unt	VERB	avoir
truvede	VERB	trover
.	PUNCT	.
E	CCONJ	et
ço	PRON	ce
lur	DET	leur
dist	VERB	dire
cum	SCONJ	comme
s'	DET	soi
en	ADP	en
fuït	VERB	fuir
par	ADP	par
mer	NOUN	mer
,	PUNCT	,
e	CCONJ	et
cum	SCONJ	comme
il	PRON	il
fut	VERB	être
en	ADP	en
Alsis	VERB	alquis
la	DET	le
citét	NOUN	cité
,	PUNCT	,
e	CCONJ	et
que	SCONJ	que
l'	DET	le
imagine	ADJ	ignage
Deus	PROPN	dieu
fist	VERB	faire
pur	ADP	pour
lui	PRON	lui
parler	VERB	parler
,	PUNCT	,
e	CCONJ	et
pur	ADP	pour
l'	DET	le
onor	NOUN	onor
dunt	PRON	dont
nes	NOUN	ne.il
volt	VERB	voloir
ancumbrer	VERB	embronche
s'	DET	soi
en	ADP	en
refuït	VERB	refuir
en	ADP	en
Rome	PROPN	rome
la	DET	le
citét	NOUN	cité
.	PUNCT	.
Quant	SCONJ	cant
ot	VERB	avoir
li	DET	le
pedre	NOUN	perdre
ço	PRON	ce
que	SCONJ	que
dit	VERB	dire
ad	VERB	avoir
la	DET	le
cartre	ADJ	cart
,	PUNCT	,
ad	VERB	avoir
ambes	ADJ	ambe
mains	NOUN	main
derumpet	VERB	dermompre
sa	DET	son
blance	ADJ	blanc
barbe	NOUN	barbe
.	PUNCT	.
«	PUNCT	"
E	CCONJ	et
!	PUNCT	!
filz	NOUN	fil
,	PUNCT	,
dist	VERB	dire
il	PRON	il
,	PUNCT	,
cum	SCONJ	comme
dolerus	ADJ	dolor
message	NOUN	message
!	PUNCT	!
Jo	PRON	je
atendi	VERB	atendre
quet	SCONJ	quart
a	ADP	a
mei	PRON	moi
repairasses	VERB	repairier
,	PUNCT	,
par	ADP	par
Deu	PROPN	dieu
merci	NOUN	merci
que	SCONJ	que
tun	DET	ton
reconfortasses	NOUN	reconforter
.	PUNCT	.
»	PUNCT	"
A	ADP	a
halte	ADJ	haut
voiz	NOUN	voiz
prist	VERB	prendre
li	DET	le
pedra	VERB	perdre
a	ADP	a
crïer	VERB	crier
:	PUNCT	:
«	PUNCT	"
Filz	NOUN	fil
Alexis	PROPN	alex
,	PUNCT	,
quels	DET	quel
dols	ADJ	doux
m'	PRON	je
est	VERB	estre
apresentét	VERB	aprester
!	PUNCT	!
Malveise	NOUN	mauvais
guarde	NOUN	garder
t'	PRON	tu
ai	VERB	avoir
faite	VERB	faire
suz	ADP	sous
mun	DET	mon
degrét	NOUN	degré
.	PUNCT	.
A	ADP	a
!	PUNCT	!
las	ADJ	las
,	PUNCT	,
pecables	NOUN	pecable
,	PUNCT	,
cum	SCONJ	comme
par	ADP	par
fui	VERB	estre
avoglét	VERB	avouté
!	PUNCT	!
Tant	ADV	tant
l'	DET	le
ai	VERB	avoir
vedud	VERB	vedit
si	ADV	si
nel	ADV.PRON	ne.il
poi	NOUN	pöoir
aviser	VERB	aviser
.	PUNCT	.
Filz	NOUN	fil
Alexis	PROPN	alex
,	PUNCT	,
de	ADP	de
ta	DET	ton
dolenta	VERB	dolent
medra	VERB	medre
,	PUNCT	,
tantes	NOUN	tant
dolurs	ADJ	doux
ad	VERB	avoir
pur	ADP	pour
tei	PRON	toi
andurede	ADJ	endurer
,	PUNCT	,
e	CCONJ	et
tantes	NOUN	tant
fains	NOUN	fein
e	CCONJ	et
tantes	NOUN	tant
consireres	NOUN	consirer
,	PUNCT	,
e	CCONJ	et
tantes	NOUN	tant
lermes	NOUN	larme
pur	ADP	pour
le	DET	le
ton	DET	ton
cors	NOUN	cors
pluredes	NOUN	plurer
.	PUNCT	.
Cist	DET	cest
dols	ADJ	doux
l'	DET	le
avrat	VERB	avoir
enquor	ADP	enquerre
par	ADP	par
acurede	VERB	acorder
.	PUNCT	.
O	PRON	o
filz	NOUN	fil
,	PUNCT	,
cui	PRON	cui
erent	VERB	estre
mes	DET	mais
granz	ADJ	grant
ereditez	NOUN	estredie
,	PUNCT	,
mes	DET	mais
larges	ADJ	large
terres	NOUN	terre
dunt	PRON	dont
jo	PRON	je
aveie	NOUN	avoiier
asez	ADV	assez
,	PUNCT	,
mes	DET	mais
granz	ADJ	grant
paleis	NOUN	palais
de	ADP	de
Rome	PROPN	rome
la	DET	le
citét	NOUN	cité
?	PUNCT	?
Puis	NOUN	puis
mun	DET	mon
decés	ADP	decez
en	ADP	en
fusses	NOUN	estre
enorét	VERB	onorer
,	PUNCT	,
et	CCONJ	et
enpur	ADP	empor
tei	PRON	toi
m'	PRON	je
en	ADP	en
esteie	VERB	estre
penét	NOUN	pener
.	PUNCT	.
Blanc	ADJ	blanc
ai	VERB	avoir
le	DET	le
chef	NOUN	chef
e	CCONJ	et
le	DET	le
barbe	NOUN	barbe
ai	VERB	avoir
canuthe	VERB	chanteur
,	PUNCT	,
ma	DET	mon
grant	ADJ	grant
honur	NOUN	honneur
t'	PRON	tu
aveie	NOUN	avoiier
retenude	VERB	retenir
et	CCONJ	et
anpur	ADP	empurer
tei	PRON	toi
,	PUNCT	,
mais	NOUN	mais
n'	ADV	ne
en	ADP	en
aveies	NOUN	avoiier
cure	NOUN	cure
.	PUNCT	.
Si	ADV	si
grant	ADJ	grant
dolur	NOUN	douleur
or	NOUN	or
m'	PRON	je
est	VERB	estre
aparude	VERB	aparoir
.	PUNCT	.
Filz	NOUN	fil
,	PUNCT	,
la	DET	le
tue	ADJ	tien
aname	NOUN	enname
el	ADP.DET	en.le
ciel	NOUN	ciel
seit	VERB	être
absoluthe	NOUN	abostaus
!	PUNCT	!
Tei	PRON	toi
cuvenist	VERB	coventir
helme	NOUN	hemel
e	CCONJ	et
brunie	NOUN	brunier
a	ADP	a
porter	VERB	porter
,	PUNCT	,
espede	NOUN	espeendre
ceindra	VERB	ceindre
cume	SCONJ	comme
tui	PRON	tot
altre	ADJ	autre
per	NOUN	per
,	PUNCT	,
e	CCONJ	et
grant	ADJ	grant
maisnede	ADJ	maisniee
doüses	VERB	devoir
guverner	VERB	gouverner
cum	SCONJ	comme
fist	VERB	faire
tis	DET	ton
pedre	NOUN	perdre
e	CCONJ	et
li	DET	le
tons	DET	ton
parentez	NOUN	parente
,	PUNCT	,
le	DET	le
gunfanun	NOUN	gonfarnon
l'	DET	le
emperedur	VERB	empereur
porter	VERB	porter
.	PUNCT	.
A	ADP	a
tel	DET	tel
dolur	NOUN	douleur
et	CCONJ	et
a	ADP	a
si	ADV	si
grant	ADJ	grant
poverte	NOUN	povreté
,	PUNCT	,
filz	NOUN	fil
,	PUNCT	,
t'	PRON	tu
ies	VERB	ies
deduit	NOUN	deduit
par	ADP	par
alïenes	NOUN	aliement
terres	NOUN	terre
,	PUNCT	,
e	CCONJ	et
d'	ADP	de
icel	DET	cil
bien	NOUN	bien
,	PUNCT	,
ki	PRON	qui
toen	DET	toner
doüst	VERB	devoir
estra	VERB	estre
,	PUNCT	,
quer	CCONJ	querre
am	NOUN	ame
perneies	NOUN	perner
en	ADP	en
ta	DET	ton
povre	ADJ	pauvre
herberge	NOUN	herbergier
?	PUNCT	?
Se	SCONJ	se
Deu	PROPN	dieu
ploüst	VERB	plovoir
,	PUNCT	,
servit	VERB	servir
en	ADP	en
doüsses	VERB	dover
estra	VERB	estre
.	PUNCT	.
»	PUNCT	"
De	ADP	de
la	DET	le
dolur	NOUN	douleur
qu'	SCONJ	que
en	ADP	en
demenat	VERB	demener
li	DET	le
pedra	VERB	perdre
grant	ADJ	grant
fut	VERB	être
li	DET	le
dols	ADJ	doux
,	PUNCT	,
si	ADV	si
l'	DET	le
antendit	NOUN	entendre
la	DET	le
medre	ADJ	medre
,	PUNCT	,
la	DET	le
vint	VERB	venir
curante	ADJ	corir
cum	SCONJ	comme
femme	NOUN	femme
forsenede	ADJ	forsener
,	PUNCT	,
batant	NOUN	batre
ses	DET	son
palmes	NOUN	pammer
,	PUNCT	,
crïant	NOUN	crïer
,	PUNCT	,
eschevelede	NOUN	écheveler
,	PUNCT	,
vit	VERB	vëoir
mort	NOUN	mort
sum	DET	sommi
filz	NOUN	fil
,	PUNCT	,
a	ADP	a
terre	NOUN	terre
chet	VERB	chëoir
pasmede	NOUN	pasmer
.	PUNCT	.
Chi	PRON	ci
dunt	PRON	dont
li	DET	le
vit	VERB	vëoir
sun	DET	son
grant	ADJ	grant
dol	NOUN	de.le
demener	VERB	demener
,	PUNCT	,
sum	DET	sommi
piz	NOUN	piz
debatre	VERB	debatre
e	CCONJ	et
sun	DET	son
cors	NOUN	cors
dejeter	VERB	dejeter
,	PUNCT	,
ses	DET	son
crins	NOUN	crin
derumpre	NOUN	demromer
e	CCONJ	et
sen	DET	son
vis	NOUN	vis
maiseler	VERB	maisele
,	PUNCT	,
sun	DET	son
mort	NOUN	mort
amfant	NOUN	ametre
detraire	VERB	detraire
et	CCONJ	et
acoler	VERB	acoler
,	PUNCT	,
mult	ADV	moult
fust	VERB	estre
il	PRON	il
dur	NOUN	dur
ki	PRON	qui
n'	ADV	ne
estoüst	VERB	estovoir
plurer	VERB	plurer
.	PUNCT	.
Trait	PROPN	traire
ses	DET	son
chevels	NOUN	chevel
e	CCONJ	et
debat	NOUN	debatre
sa	DET	son
peitrine	NOUN	poitrine
,	PUNCT	,
a	ADP	a
grant	ADJ	grant
duel	NOUN	duel
met	VERB	metre
la	DET	le
sue	ADJ	suen
carn	NOUN	carn
medisme	ADJ	medime
.	PUNCT	.
«	PUNCT	"
E	CCONJ	et
!	PUNCT	!
filz	NOUN	fil
,	PUNCT	,
dist	VERB	dire
ele	PRON	il
,	PUNCT	,
cum	SCONJ	comme
m'	PRON	je
oüs	VERB	avoir
enhadithe	VERB	engaitier
!	PUNCT	!
E	CCONJ	et
jo	PRON	je
dolente	ADJ	dolent
,	PUNCT	,
cum	SCONJ	comme
par	ADP	par
fui	VERB	estre
avoglie	VERB	avoigle
!	PUNCT	!
Nel	ADV.PRON	ne.il
cunuisseie	VERB	conoistre
plus	ADV	plus
que	SCONJ	que
unches	ADV	once
nel	ADV.PRON	ne.il
vedisse	VERB	vedit
.	PUNCT	.
»	PUNCT	"
Plurent	VERB	plurer
si	ADV	si
oil	NOUN	oui
e	CCONJ	et
si	ADV	si
jetet	VERB	jeter
granz	ADJ	grant
criz	NOUN	cri
,	PUNCT	,
sempres	NOUN	sempre
regretet	NOUN	regretter
:	PUNCT	:
«	PUNCT	"
Mar	CCONJ	mar
te	PRON	tu
portai	VERB	porter
,	PUNCT	,
bels	ADJ	bel
filz	NOUN	fil
!	PUNCT	!
E	CCONJ	et
de	ADP	de
ta	DET	ton
medra	VERB	medre
quer	CCONJ	querre
aveies	NOUN	avoiier
mercit	NOUN	merci
,	PUNCT	,
pur	ADP	pour
quem	DET	comme
vedeies	VERB	vedité
desirrer	VERB	desirrer
a	ADP	a
murir	VERB	mourir
?	PUNCT	?
Ço	PRON	ce
est	VERB	estre
grant	ADJ	grant
merveile	NOUN	merveille
que	SCONJ	que
pietét	ADJ	piédéer
ne	ADV	ne
t'	PRON	tu
en	ADP	en
prist	VERB	prendre
.	PUNCT	.
A	ADP	a
!	PUNCT	!
lasse	ADJ	las
,	PUNCT	,
mezre	VERB	metre
,	PUNCT	,
cum	SCONJ	comme
oi	VERB	avoir
fort	ADJ	fort
aventure	NOUN	aventure
!	PUNCT	!
Or	ADV	or
vei	VERB	aler
jo	PRON	je
morte	VERB	morir
tute	DET	tout
ma	DET	mon
porteüre	NOUN	porter
,	PUNCT	,
ma	DET	mon
lunga	VERB	long
atente	NOUN	attendre
a	ADP	a
grant	ADJ	grant
duel	NOUN	duel
est	VERB	estre
venude	NOUN	vendre
.	PUNCT	.
Pur	ADP	pour
quei	PRON	quere
portai	VERB	porter
,	PUNCT	,
dolente	ADJ	dolent
malfeüde	ADJ	maufété
?	PUNCT	?
Ço	PRON	ce
est	VERB	estre
granz	ADJ	grant
merveile	NOUN	merveille
que	SCONJ	que
li	DET	le
mens	ADJ	mens
quors	NOUN	cours
tant	ADV	tant
duret	NOUN	durer
.	PUNCT	.
Filz	NOUN	fil
Alexis	PROPN	alex
,	PUNCT	,
mult	ADV	moult
oüs	VERB	avoir
dur	NOUN	dur
curage	NOUN	courage
,	PUNCT	,
cum	SCONJ	comme
avilas	VERB	aville
tut	DET	tout
tun	DET	ton
gentil	ADJ	gentil
linage	NOUN	lignage
!	PUNCT	!
Set	DET	savoir
a	ADP	a
mei	PRON	moi
sole	ADJ	sol
vels	NOUN	vil
une	DET	un
feiz	NOUN	faire
parlasses	NOUN	parler
,	PUNCT	,
ta	DET	ton
lasse	ADJ	las
medre	ADJ	medre
,	PUNCT	,
si	ADV	si
la	DET	le
confortasses	NOUN	conforter
,	PUNCT	,
ki	PRON	qui
si'	DET	si
st	DET	set
dolente	ADJ	dolent
,	PUNCT	,
cher	ADJ	cher
fiz	NOUN	fils
,	PUNCT	,
bor	NOUN	bor
i	ADV	i
alasses	VERB	aler
!	PUNCT	!
Filz	NOUN	fil
Alexis	PROPN	alex
,	PUNCT	,
de	ADP	de
la	DET	le
tue	ADJ	tien
carn	NOUN	carn
tendra	VERB	tenir
,	PUNCT	,
a	ADP	a
quel	DET	quel
dolur	NOUN	douleur
deduit	NOUN	deduit
as	VERB	a.le
ta	DET	ton
juventa	VERB	jouvent
!	PUNCT	!
Pur	ADP	pour
quem	DET	comme
fuïs	VERB	fuir
?	PUNCT	?
Ja	ADV	ja
te	PRON	tu
portai	VERB	porter
en	ADP	en
men	DET	mon
ventre	NOUN	ventre
,	PUNCT	,
e	CCONJ	et
Deus	PROPN	dieu
le	DET	le
set	VERB	savoir
que	SCONJ	que
tute	DET	tout
sui	VERB	estre
dolente	ADJ	dolent
,	PUNCT	,
jamais	ADV	jamais
n'	ADV	ne
erc	NOUN	ercre
lede	ADJ	ledit
pur	ADP	pour
home	NOUN	ome
ne	ADV	ne
pur	ADP	pour
femme	NOUN	femme
.	PUNCT	.
Ainz	PROPN	ainz
que	SCONJ	que
tei	PRON	toi
vedisse	VERB	vedit
fui	VERB	estre
mult	ADV	moult
desirruse	VERB	desirrer
,	PUNCT	,
ainz	ADV	ainz
que	SCONJ	que
ned	VERB	ne.il
fusses	NOUN	estre
sin	DET	si
fui	VERB	estre
mult	ADV	moult
angussuse	NOUN	anglesse
quant	SCONJ	cant
jo	PRON	je
vid	VERB	vif
ned	VERB	ne.il
,	PUNCT	,
sin	DET	si
fui	VERB	estre
lede	ADJ	ledit
e	CCONJ	et
goiuse	ADJ	jouvoir
.	PUNCT	.
Or	ADV	or
te	PRON	tu
vei	VERB	aler
mort	NOUN	mort
,	PUNCT	,
tute	DET	tout
en	ADP	en
sui	VERB	estre
doleruse	ADJ	doloros
,	PUNCT	,
ço	PRON	ce
peiset	VERB	peser
mei	PRON	moi
que	SCONJ	que
ma	DET	mon
fins	NOUN	fin
tant	ADV	tant
domoret	VERB	dommer
.	PUNCT	.
Seinurs	NOUN	seigneur
de	ADP	de
Rome	PROPN	rome
,	PUNCT	,
pur	ADP	pour
amur	NOUN	amur
Deu	PROPN	dieu
,	PUNCT	,
mercit	NOUN	merci
!	PUNCT	!
Aidiez	PROPN	aidier
mei	PRON	moi
a	ADP	a
plaindra	VERB	plaindre
le	DET	le
duel	NOUN	duel
de	ADP	de
mun	DET	mon
ami	NOUN	ami
!	PUNCT	!
Ne	CCONJ	ne
puis	NOUN	puis
tant	ADV	tant
faire	VERB	faire
que	SCONJ	que
mes	DET	mais
quors	NOUN	cours
s'	DET	soi
en	ADP	en
sazit	VERB	savoir
:	PUNCT	:
granz	ADJ	grant
est	VERB	estre
li	DET	le
dols	ADJ	doux
ki	PRON	qui
sor	ADP	sor
mai	NOUN	mai
est	VERB	estre
vertiz	ADJ	vertir
,	PUNCT	,
n'	ADV	ne
est	VERB	estre
merveile	NOUN	merveille
,	PUNCT	,
n'	ADV	ne
ai	VERB	avoir
mais	NOUN	mais
filie	NOUN	filie
ne	ADV	ne
filz	NOUN	fil
.	PUNCT	.
»	PUNCT	"
Entre	ADP	entre
le	DET	le
dol	NOUN	de.le
del	ADP.DET	de.le
pedra	VERB	perdre
e	CCONJ	et
de	ADP	de
la	DET	le
medre	ADJ	medre
,	PUNCT	,
vint	VERB	venir
la	DET	le
pulcele	NOUN	puclele
que	SCONJ	que
il	PRON	il
out	VERB	avoir
espusede	NOUN	espuedle
.	PUNCT	.
«	PUNCT	"
Sire	NOUN	seignor
,	PUNCT	,
dist	VERB	dire
ela	ADV	elle
,	PUNCT	,
cum	SCONJ	comme
longa	VERB	long
demurere	VERB	demeurer
ai	VERB	avoir
atendude	VERB	atendre
an	ADP	en
la	DET	le
maisun	NOUN	maison
tun	DET	ton
pedra	VERB	perdre
,	PUNCT	,
ou	CCONJ	ou
tun	DET	ton
laisas	DET	laisser
dolente	ADJ	dolent
et	CCONJ	et
eguarede	NOUN	engarder
!	PUNCT	!
Sire	NOUN	seignor
Alexis	PROPN	alex
,	PUNCT	,
tanz	DET	tant
jurz	NOUN	jour
t'	PRON	tu
ai	VERB	avoir
desirrét	VERB	desirrer
,	PUNCT	,
..........................	DET	drenchant
e	CCONJ	et
tantes	NOUN	tant
feiz	NOUN	faire
pur	ADP	pour
tei	PRON	toi
an	ADP	en
luinz	NOUN	luin
guardét	VERB	garder
si	ADV	si
revenisses	VERB	revenir
ta	DET	ton
spuse	VERB	suspe
conforter	VERB	conforter
,	PUNCT	,
pur	ADP	pour
felunie	NOUN	felonie
nïent	ADV	nevo
ne	ADV	ne
pur	ADP	pour
lastét	ADJ	later
.	PUNCT	.
O	PRON	o
kiers	NOUN	cerf
amis	NOUN	ami
,	PUNCT	,
de	ADP	de
ta	DET	ton
juvente	NOUN	jouvent
bela	VERB	bel
,	PUNCT	,
ço	PRON	ce
peiset	VERB	peser
mai	NOUN	mai
que	SCONJ	que
si	ADV	si
purirat	VERB	pourir
terre	NOUN	terre
.	PUNCT	.
E	CCONJ	et
!	PUNCT	!
gentils	ADJ	gentil
hom	NOUN	ome
,	PUNCT	,
cum	SCONJ	comme
dolente	ADJ	dolent
puis	NOUN	puis
estra	VERB	estre
!	PUNCT	!
Jo	PRON	je
atendeie	VERB	atendre
de	ADP	de
te	PRON	tu
bones	ADJ	bon
noveles	NOUN	novele
,	PUNCT	,
mais	NOUN	mais
ore	NOUN	ore
les	DET	le
vei	VERB	aler
si	ADV	si
dures	ADJ	dur
e	CCONJ	et
si	ADV	si
pesmes	NOUN	pesme
.	PUNCT	.
O	PRON	o
bele	ADJ	bel
buce	NOUN	bocer
,	PUNCT	,
bel	ADJ	bel
vis	NOUN	vis
,	PUNCT	,
bele	ADJ	bel
faiture	NOUN	faiteur
,	PUNCT	,
cum	SCONJ	comme
est	VERB	estre
mudede	VERB	mude
vostra	DET	vostre
bela	VERB	bel
figure	NOUN	figord
!	PUNCT	!
Plus	ADV	plus
vos	PRON	vos
amai	VERB	amer
que	SCONJ	que
nule	DET	nul
creature	NOUN	créature
.	PUNCT	.
Si	ADV	si
grant	ADJ	grant
dolur	NOUN	douleur
or	NOUN	or
m'	PRON	je
est	VERB	estre
aparude	VERB	aparoir
,	PUNCT	,
melz	NOUN	metre
me	PRON	je
venist	VERB	venir
,	PUNCT	,
amis	NOUN	ami
,	PUNCT	,
que	SCONJ	que
morte	VERB	morir
fusse	NOUN	estre
.	PUNCT	.
Se	SCONJ	se
jo	PRON	je
soüsse	VERB	savoir
la	DET	le
jus	ADV	jus
suz	ADP	sous
lu	DET	lui
degrét	NOUN	degré
ou	CCONJ	ou
as	VERB	a.le
geüd	VERB	guedir
de	ADP	de
lung'	NOUN	long
amfermetét	NOUN	ametremetre
,	PUNCT	,
ja	ADV	ja
tute	DET	tout
gent	NOUN	gent
ne	ADV	ne
m'	PRON	je
en	ADP	en
soüsent	VERB	savoir
turner	VERB	turner
qu'	SCONJ	que
a	ADP	a
tei	PRON	toi
ansemble	ADV	ensemble
n'	ADV	ne
oüsse	VERB	avoir
conversét	VERB	converter
,	PUNCT	,
si	ADV	si
me	PRON	je
leüst	VERB	loisir
,	PUNCT	,
si	ADV	si
t'	PRON	tu
oüsse	VERB	avoir
bien	NOUN	bien
guardét	VERB	garder
.	PUNCT	.
Ore	NOUN	or
sui	VERB	estre
jo	PRON	je
vedve	VERB	vedir
,	PUNCT	,
sire	NOUN	seignor
,	PUNCT	,
dist	VERB	dire
la	DET	le
pulcela	VERB	poupler
,	PUNCT	,
jamais	ADV	jamais
ledece	NOUN	ledit
n'	ADV	ne
avrai	VERB	avoir
,	PUNCT	,
quar	CCONJ	car
ne	ADV	ne
pot	VERB	pöoir
estra	VERB	estre
,	PUNCT	,
ne	ADV	ne
jamais	ADV	jamais
hume	NOUN	homme
n'	ADV	ne
avrai	VERB	avoir
an	ADP	en
tute	DET	tout
terre	NOUN	terre
,	PUNCT	,
Deu	PROPN	dieu
servirei	NOUN	servir
,	PUNCT	,
le	DET	le
rei	NOUN	roi
ki	PRON	qui
tot	DET	tot
guvernet	VERB	guevrent
,	PUNCT	,
il	PRON	il
neln	NOUN	nelent
faldrat	NOUN	falloir
s'	DET	soi
il	PRON	il
veit	VERB	vëoir
que	SCONJ	que
jo	PRON	je
lui	PRON	lui
serve	VERB	servir
.	PUNCT	.
»	PUNCT	"
Tant	ADV	tant
i	ADV	i
plurat	VERB	plaire
e	CCONJ	et
le	DET	le
pedra	VERB	perdre
e	CCONJ	et
la	DET	le
medra	VERB	medre
e	CCONJ	et
la	DET	le
pulcela	VERB	poupler
que	SCONJ	que
tuz	DET	tous
s'	DET	soi
en	ADP	en
alasserent	VERB	aler
.	PUNCT	.
En	ADP	en
tant	ADV	tant
dementres	NOUN	dementre
le	DET	le
saint	ADJ	saint
cors	NOUN	cors
conreierent	VERB	cornéeire
tuit	DET	tot
cil	DET	cel
seinur	NOUN	seigneur
e	CCONJ	et
bel	ADJ	bel
l'	DET	le
acustumerent	VERB	aucurcement
:	PUNCT	:
com	SCONJ	come
felix	NOUN	felon
cels	DET	cel
ki	PRON	qui
par	ADP	par
feit	VERB	faire
l'	DET	le
enorerent	VERB	onorer
!	PUNCT	!
«	PUNCT	"
Seignors	NOUN	seignor
,	PUNCT	,
que	SCONJ	que
faites	VERB	faire
,	PUNCT	,
ço	PRON	ce
dist	VERB	dire
li	DET	le
apostolie	NOUN	apostle
,	PUNCT	,
Que	CCONJ	que
valt	VERB	valoir
cist	DET	cest
crit	VERB	crier
,	PUNCT	,
cist	DET	cest
dols	ADJ	doux
ne	ADV	ne
cesta	DET	cest
noise	NOUN	noise
?	PUNCT	?
Chi	PRON	ci
chi	PRON	ci
se	PRON	se
doilet	NOUN	doloir
a	ADP	a
nostr'	DET	notre
os	DET	oser
est	VERB	estre
il	PRON	il
goie	NOUN	goise
,	PUNCT	,
quar	CCONJ	car
par	ADP	par
cestui	PRON	cest
avrum	VERB	avoir
boen	ADJ	bon
adjutorie	NOUN	ajouter
,	PUNCT	,
si	ADV	si
li	DET	le
preiuns	NOUN	prison
que	SCONJ	que
de	ADP	de
tuz	DET	tous
mals	NOUN	mal
nos	PRON	nos
tolget	VERB	tougel
.	PUNCT	.
»	PUNCT	"
Trestuz	DET	trestot
li	DET	le
preient	VERB	preien
ki	PRON	qui
pourent	VERB	pouvoir
avenir	VERB	avenir
,	PUNCT	,
cantant	VERB	centant
en	ADP	en
portent	VERB	porter
le	DET	le
cors	NOUN	cors
saint	ADJ	saint
Alexis	PROPN	alex
,	PUNCT	,
e	CCONJ	et
tuit	DET	tot
li	DET	le
preient	VERB	preien
que	SCONJ	que
d'	ADP	de
els	PRON	eux
aiet	VERB	avoir
mercit	NOUN	merci
.	PUNCT	.
N'	ADV	ne
estot	ADJ	estot
somondre	VERB	sommedir
icels	DET	cil
ki	PRON	qui
l'	DET	le
unt	VERB	avoir
oït	VERB	öir
,	PUNCT	,
tuit	DET	tot
i	ADV	i
acorent	VERB	acorer
li	DET	le
grant	ADJ	grant
e	CCONJ	et
li	DET	le
petit	ADJ	petit
.	PUNCT	.
Si	ADV	si
s'	DET	soi
en	ADP	en
commourent	VERB	communémor
tota	DET	tot
la	DET	le
gent	NOUN	gent
de	ADP	de
Rome	PROPN	rome
,	PUNCT	,
plus	ADV	plus
tost	DET	tost
i	ADV	i
vint	VERB	venir
ki	PRON	qui
plus	ADV	plus
tost	DET	tost
i	ADV	i
pout	VERB	pouvoir
curre	VERB	cure
,	PUNCT	,
par	ADP	par
mi	DET	moi
les	DET	le
rues	NOUN	rüe
an	ADP	en
venent	VERB	venir
si	ADV	si
granz	ADJ	grant
turbes	NOUN	turber
ne	ADV	ne
reis	NOUN	roi
ne	ADV	ne
quons	NOUN	comte
n'	ADV	ne
i	ADV	i
poet	VERB	pöoir
faire	VERB	faire
entrarote	VERB	entrer
,	PUNCT	,
ne	ADV	ne
le	DET	le
saint	ADJ	saint
cors	NOUN	cors
ne	ADV	ne
pourent	VERB	pouvoir
passer	VERB	passer
ultra	VERB	courtre
.	PUNCT	.
Entr'	ADP	entre
els	PRON	eux
an	ADP	en
prennent	VERB	prendre
cil	DET	cel
seinor	NOUN	seignor
a	ADP	a
parler	VERB	parler
:	PUNCT	:
«	PUNCT	"
Granz	ADJ	grant
est	VERB	estre
la	DET	le
presse	NOUN	presse
,	PUNCT	,
nus	DET	nul
n'	ADV	ne
i	ADV	i
poduns	NOUN	poudre
passer	VERB	passer
cest	DET	cest
saint	ADJ	saint
cors	NOUN	cors
que	SCONJ	que
Deus	PROPN	dieu
nus	DET	nul
ad	VERB	avoir
donét	VERB	doner
;	PUNCT	;
liez	ADJ	lié
est	VERB	estre
li	DET	le
poples	NOUN	peuple
ki	PRON	qui
tant	ADV	tant
l'	DET	le
at	VERB	avoir
desirrét	VERB	desirrer
,	PUNCT	,
tuit	DET	tot
i	ADV	i
acorent	VERB	acorer
,	PUNCT	,
nuls	DET	nul
ne	ADV	ne
s'	DET	soi
en	ADP	en
volt	VERB	voloir
turner	VERB	turner
.	PUNCT	.
»	PUNCT	"
Cil	DET	cel
an	ADP	en
respondent	VERB	répondre
ki	PRON	qui
l'	DET	le
ampirie	NOUN	ampirier
bailissent	VERB	bailler
:	PUNCT	:
«	PUNCT	"
Mercit	NOUN	merci
,	PUNCT	,
seniurs	NOUN	seigneur
,	PUNCT	,
nus	DET	nul
an	ADP	en
querreuns	NOUN	querre
mecine	NOUN	mecine
,	PUNCT	,
de	ADP	de
noz	DET	notre
aveirs	NOUN	avoir
feruns	NOUN	ferir
largas	NOUN	large
departies	VERB	departir
la	DET	le
main	NOUN	main
menude	ADJ	menu
,	PUNCT	,
ki	PRON	qui
l'	DET	le
almosne	NOUN	alemost
desiret	VERB	desirrer
:	PUNCT	:
s'	DET	soi
il	PRON	il
nus	DET	nul
funt	VERB	faire
presse	NOUN	presse
,	PUNCT	,
uncore	ADV	oncorer
an	ADP	en
ermes	NOUN	ermer
delivres	ADJ	delivre
.	PUNCT	.
»	PUNCT	"
De	ADP	de
lur	DET	leur
tresors	NOUN	tresor
prenent	VERB	prendre
l'	DET	le
or	NOUN	or
e	CCONJ	et
l'	DET	le
argent	NOUN	argent
,	PUNCT	,
sil	DET	si.le
funt	VERB	faire
jeter	VERB	jeter
devant	ADP	devant
la	DET	le
povre	ADJ	pauvre
gent	NOUN	gent
,	PUNCT	,
par	ADP	par
iço	PRON	il
quident	NOUN	cuidier
aver	VERB	aver
discumbrement	NOUN	discommence
,	PUNCT	,
mais	NOUN	mais
ne	ADV	ne
puet	VERB	pöoir
estra	VERB	estre
,	PUNCT	,
cil	DET	cel
n'	ADV	ne
en	ADP	en
rovent	VERB	rovent
nïent	ADV	nevo
,	PUNCT	,
a	ADP	a
cel	DET	cel
saint	ADJ	saint
hume	NOUN	homme
trestut	DET	trestot
est	VERB	estre
lur	DET	leur
talent	NOUN	talent
.	PUNCT	.
Ad	VERB	avoir
une	DET	un
voiz	NOUN	voiz
crïent	VERB	crïer
la	DET	le
gent	NOUN	gent
menude	ADJ	menu
:	PUNCT	:
«	PUNCT	"
De	ADP	de
cest	DET	cest
aveir	NOUN	avoir
certes	ADV	certes
nus	DET	nul
n'	ADV	ne
avum	VERB	avoir
cure	NOUN	cure
.	PUNCT	.
Si	ADV	si
grant	ADJ	grant
ledece	NOUN	ledit
nus	DET	nul
est	VERB	estre
aparude	VERB	aparoir
d'	ADP	de
icest	DET	cist
saint	ADJ	saint
cors	NOUN	cors
que	SCONJ	que
avum	VERB	avoir
am	NOUN	ame
bailide	VERB	baillier
,	PUNCT	,
par	ADP	par
lui	PRON	lui
avrum	VERB	avoir
,	PUNCT	,
se	PRON	se
Deu	PROPN	dieu
plaist	NOUN	plaire
,	PUNCT	,
bone	ADJ	bon
aiude	NOUN	aude
.	PUNCT	.
»	PUNCT	"
Unches	ADV	onque
en	ADP	en
Rome	PROPN	rome
n'	ADV	ne
en	ADP	en
out	VERB	avoir
si	ADV	si
grant	ADJ	grant
ledece	NOUN	ledit
cun	DET	comme
out	VERB	avoir
le	DET	le
jurn	NOUN	jour
as	VERB	a.le
povres	ADJ	pauvre
et	CCONJ	et
as	VERB	a.le
riches	ADJ	riche
pur	ADP	pour
cel	DET	cel
saint	ADJ	saint
cors	NOUN	cors
qu'	SCONJ	que
il	PRON	il
unt	VERB	avoir
en	ADP	en
lur	DET	leur
bailie	VERB	baillier
:	PUNCT	:
ço	PRON	ce
lur	DET	leur
est	VERB	estre
vis	NOUN	vis
que	SCONJ	que
tengent	NOUN	tenir
Deu	PROPN	dieu
medisme	ADJ	medime
.	PUNCT	.
Trestut	DET	trestot
le	DET	le
pople	NOUN	peuple
lodet	NOUN	loder
Deu	PROPN	dieu
e	CCONJ	et
gracïet	NOUN	gracier
.	PUNCT	.
Sainz	ADJ	saint
Alexis	PROPN	alex
out	VERB	avoir
bone	ADJ	bon
volentét	NOUN	volenté
,	PUNCT	,
pur	ADP	pour
oec	NOUN	ocer
en	ADP	en
est	VERB	estre
oi	VERB	avoir
cest	DET	cest
jurn	NOUN	jour
oneurét	VERB	onorer
,	PUNCT	,
le	DET	le
cors	NOUN	cors
an	ADP	en
est	VERB	estre
an	ADP	en
Rome	PROPN	rome
la	DET	le
citét	NOUN	cité
,	PUNCT	,
e	CCONJ	et
l'	DET	le
anema	VERB	enamer
en	ADP	en
est	VERB	estre
enz	ADV	ens
el	ADP.DET	en.le
paradis	NOUN	paradis
Deu	PROPN	dieu
.	PUNCT	.
Bien	NOUN	bien
poet	VERB	pöoir
liez	ADJ	lié
estra	VERB	estre
chi	PRON	ci
si	ADV	si
est	VERB	estre
alüez	NOUN	aller
.	PUNCT	.
Ki	PRON	qui
fait	VERB	faire
ad	VERB	avoir
pechét	NOUN	peché
bien	NOUN	bien
s'	DET	soi
en	ADP	en
pot	VERB	pöoir
recorder	VERB	recorder
,	PUNCT	,
par	ADP	par
penitence	NOUN	pentice
s'	DET	soi
en	ADP	en
pot	VERB	pöoir
tres	ADV	très
bien	NOUN	bien
salver	VERB	sauver
,	PUNCT	,
briés	NOUN	brief
est	VERB	estre
cist	DET	cest
secles	NOUN	scel
,	PUNCT	,
plus	ADV	plus
durable	ADJ	durable
atendeiz	VERB	atendre
.	PUNCT	.
Ço	PRON	ce
preiums	NOUN	prison
Deu	PROPN	dieu
la	DET	le
sainte	ADJ	saint
trinitét	NOUN	trinté
que	SCONJ	que
Deu	PROPN	dieu
ansemble	ADV	ensemble
poissum	VERB	poisson
el	ADP.DET	en.le
ciel	NOUN	ciel
regner	VERB	renger
.	PUNCT	.
Surz	NOUN	sur
ne	ADV	ne
avogles	NOUN	avougle
ne	ADV	ne
contraiz	ADJ	contraire
ne	ADV	ne
leprus	NOUN	leur
,	PUNCT	,
ne	ADV	ne
muz	DET	mut
ne	ADV	ne
orbs	NOUN	orbre
ne	ADV	ne
neuls	NOUN	nul
palazinus	ADJ	palaine
,	PUNCT	,
ensur	ADP	ensur
tut	DET	tout
ne	ADV	ne
nuls	DET	nul
languerus	NOUN	langue
,	PUNCT	,
nuls	DET	nul
n'	ADV	ne
en	ADP	en
i	ADV	i
at	VERB	avoir
ki	PRON	qui
n'	ADV	ne
alget	NOUN	aller
malendus	ADJ	malaindre
,	PUNCT	,
cel	DET	cel
n'	ADV	ne
enn	ADP	en
i	ADV	i
at	VERB	avoir
kin	ADJ	bin
report	NOUN	report
sa	DET	son
dolur	NOUN	douleur
.	PUNCT	.
N'	ADV	ne
i	ADV	i
vint	VERB	venir
amferm	NOUN	amerte
de	ADP	de
nul'	DET	nul
amfermetét	NOUN	ametremetre
,	PUNCT	,
quant	SCONJ	cant
il	PRON	il
l'	DET	le
apelet	VERB	appeler
,	PUNCT	,
sempres	NOUN	sempre
nen	NOUN	ne
ait	VERB	avoir
sanctét	NOUN	santé
.	PUNCT	.
Alquant	ADV	alquant
i	ADV	i
vunt	VERB	vontre
,	PUNCT	,
aquant	VERB	acondir
se	PRON	se
funt	VERB	faire
porter	VERB	porter
,	PUNCT	,
si	ADV	si
veirs	ADJ	vair
miracles	NOUN	miralt
lur	DET	leur
ad	VERB	avoir
Deus	PROPN	dieu
mustrét	VERB	murtir
,	PUNCT	,
ki	PRON	qui
vint	VERB	venir
plurant	VERB	plaire
,	PUNCT	,
cantant	VERB	centant
l'	DET	le
en	ADP	en
fait	VERB	faire
raler	VERB	raler
.	PUNCT	.
Cil	DET	cel
dui	PRON	deus
seniur	NOUN	seigneur
ki	PRON	qui
l'	DET	le
empirie	NOUN	empirier
guvernent	VERB	guevrendre
,	PUNCT	,
quant	SCONJ	cant
il	PRON	il
i	ADV	i
veient	VERB	vëoir
les	DET	le
vertuz	NOUN	vertu
si	ADV	si
apertes	NOUN	apert
,	PUNCT	,
il	PRON	il
le	DET	le
receivent	VERB	recevoir
,	PUNCT	,
sil	DET	si.le
plorent	VERB	plorer
e	CCONJ	et
sil	DET	si.le
servent	VERB	servir
.	PUNCT	.
Alques	ADV	auques
par	ADP	par
pri	VERB	priier
e	CCONJ	et
le	DET	le
plus	ADV	plus
par	ADP	par
podeste	NOUN	poider
vunt	VERB	vontre
en	ADP	en
avant	ADV	avant
,	PUNCT	,
si	ADV	si
derumpent	VERB	dermompre
la	DET	le
presse	NOUN	presse
.	PUNCT	.
Sainz	ADJ	saint
Boneface	PROPN	bonnété
,	PUNCT	,
que	SCONJ	que
l'	DET	le
um	DET	ume
martir	NOUN	martir
apelet	VERB	appeler
,	PUNCT	,
aveit	VERB	avoir
an	ADP	en
Rome	PROPN	rome
un'	DET	un
eglise	NOUN	église
mult	ADV	moult
bele	ADJ	bel
,	PUNCT	,
iloec	NOUN	illuec
an	ADP	en
portent	VERB	porter
danz	NOUN	dent
Alexis	PROPN	alex
acertes	ADV	à.certes
,	PUNCT	,
et	CCONJ	et
attement	ADV	attempner
le	DET	le
posent	VERB	poser
a	ADP	a
la	DET	le
terre	NOUN	terre
.	PUNCT	.
Felix	NOUN	falir
le	DET	le
le	DET	le
liu	NOUN	lieu
u	CCONJ	ou
sun	DET	son
saint	ADJ	saint
cors	NOUN	cors
herberget	VERB	herbergier
!	PUNCT	!
La	DET	le
gent	NOUN	gent
de	ADP	de
Rome	PROPN	rome
,	PUNCT	,
ki	PRON	qui
tant	ADV	tant
l'	DET	le
unt	VERB	avoir
desirrét	VERB	desirrer
,	PUNCT	,
seat	VERB	savoir
jurz	NOUN	jour
le	DET	le
tenent	VERB	tenir
sor	ADP	sor
terre	NOUN	terre
a	ADP	a
podestét	NOUN	pouter
.	PUNCT	.
Grant	ADJ	grant
est	VERB	estre
la	DET	le
presse	NOUN	presse
,	PUNCT	,
nel	ADV.PRON	ne.il
estuet	VERB	estovoir
demander	VERB	demander
,	PUNCT	,
de	ADP	de
tutes	DET	tous
parz	NOUN	part
l'	DET	le
unt	VERB	avoir
si	ADV	si
avirunét	VERB	aler
,	PUNCT	,
c'	CCONJ	ce
est	VERB	estre
avis	NOUN	avis
unches	ADV	once
hom	NOUN	ome
n'	ADV	ne
i	ADV	i
poet	VERB	pöoir
habiter	VERB	habiter
.	PUNCT	.
Al	ADP.DET	à.le
sedme	ADJ	semendre
jurn	NOUN	jour
fut	VERB	être
faite	VERB	faire
la	DET	le
herberge	NOUN	herbergier
a	ADP	a
cel	DET	cel
saint	ADJ	saint
cors	NOUN	cors
,	PUNCT	,
a	ADP	a
la	DET	le
gemme	NOUN	meme
celeste	NOUN	celer
.	PUNCT	.
En	ADP	en
sus	DET	sus
s'	DET	soi
en	ADP	en
traient	VERB	traire
,	PUNCT	,
si	ADV	si
alascet	VERB	aler
la	DET	le
presse	NOUN	presse
,	PUNCT	,
voillent	VERB	voloir
o	ADP	o
nun	NOUN	non
,	PUNCT	,
sil	DET	si.le
laissent	VERB	laisser
metra	VERB	metre
an	ADP	en
terre	NOUN	terre
.	PUNCT	.
Ço	PRON	ce
peiset	VERB	peser
els	PRON	eux
,	PUNCT	,
mais	NOUN	mais
altre	ADJ	autre
ne	ADV	ne
puet	VERB	pöoir
estra	VERB	estre
.	PUNCT	.
Ad	VERB	avoir
ancensers	NOUN	encenser
,	PUNCT	,
ad	VERB	avoir
oriés	NOUN	orieire
candelabres	NOUN	chandeleur
,	PUNCT	,
clers	NOUN	cler
revestuz	VERB	revestur
an	ADP	en
albes	NOUN	aler
et	CCONJ	et
an	ADP	en
capes	NOUN	cape
metent	VERB	metre
le	DET	le
cors	NOUN	cors
enz	ADV	ens
en	ADP	en
sarqueu	NOUN	sarque
de	ADP	de
marbre	NOUN	marbre
.	PUNCT	.
Alquant	ADV	alquant
i	ADV	i
cantent	VERB	centir
,	PUNCT	,
li	DET	le
pluisur	DET	plusieurs
jetent	ADJ	jeter
lermes	NOUN	larme
,	PUNCT	,
ja	ADV	ja
le	DET	le
lur	DET	leur
voil	NOUN	voloir
de	ADP	de
lui	PRON	lui
ne	ADV	ne
desevrassent	VERB	desvessir
.	PUNCT	.
D'	ADP	de
or	NOUN	or
e	CCONJ	et
de	ADP	de
gemmes	NOUN	meme
fut	VERB	être
li	DET	le
sarqueus	ADJ	sarque
parez	VERB	parer
pur	ADP	pour
cel	DET	cel
saint	ADJ	saint
cors	NOUN	cors
qu'	SCONJ	que
il	PRON	il
i	ADV	i
deivent	VERB	deviner
poser	VERB	poser
.	PUNCT	.
En	ADP	en
terre	NOUN	terre
el	ADP.DET	en.le
metent	VERB	metre
par	ADP	par
vive	ADJ	vif
poëstét	ADJ	poësté
.	PUNCT	.
Pluret	VERB	plurer
li	DET	le
poples	NOUN	peuple
de	ADP	de
Rome	PROPN	rome
la	DET	le
citét	NOUN	cité
,	PUNCT	,
suz	ADP	sous
ciel	NOUN	ciel
n'	ADV	ne
at	VERB	avoir
home	NOUN	ome
kis	PRON.PRON	cist
puisset	VERB	pöoir
atarger	VERB	atraigne
.	PUNCT	.
Or	ADV	or
n'	ADV	ne
estot	ADJ	estot
dire	VERB	dire
del	ADP.DET	de.le
pedra	VERB	perdre
e	CCONJ	et
de	ADP	de
la	DET	le
medra	VERB	medre
e	CCONJ	et
de	ADP	de
la	DET	le
spuse	VERB	suspe
cum	SCONJ	comme
il	PRON	il
s'	DET	soi
en	ADP	en
doloserent	VERB	doloros
,	PUNCT	,
quer	CCONJ	querre
tuit	DET	tot
en	ADP	en
unt	VERB	avoir
lor	DET	lor
voiz	NOUN	voiz
si	ADV	si
atempredes	NOUN	atemprer
que	SCONJ	que
tuit	DET	tot
le	DET	le
plainstrent	VERB	plaindre
e	CCONJ	et
tuit	DET	tot
le	DET	le
doloserent	VERB	doloros
.	PUNCT	.
Cel	DET	cel
jurn	NOUN	jour
i	ADV	i
out	VERB	avoir
cent	DET	cent
mil	DET	mil
lairmes	NOUN	laiemer
pluredes	NOUN	plurer
.	PUNCT	.
Desur	ADP	dessur
terre	NOUN	terre
nel	ADV.PRON	ne.il
pourent	VERB	pouvoir
mais	NOUN	mais
tenir	VERB	tenir
,	PUNCT	,
voilent	VERB	voloir
o	ADP	o
non	NOUN	nom
,	PUNCT	,
sil	DET	si.le
laissent	VERB	laisser
enfodir	VERB	enfondre
.	PUNCT	.
Prenent	VERB	prendre
congét	VERB	congié
al	ADP.DET	à.le
cors	NOUN	cors
saint	ADJ	saint
Alexis	PROPN	alex
e	CCONJ	et
si	ADV	si
li	DET	le
preient	VERB	preien
que	SCONJ	que
d'	ADP	de
els	PRON	eux
ait	VERB	avoir
mercit	NOUN	merci
,	PUNCT	,
al	ADP.DET	à.le
son	DET	son
seignor	NOUN	seignor
il	PRON	il
lur	DET	leur
seit	VERB	être
boens	ADJ	bon
plaidiz	NOUN	plaidir
.	PUNCT	.
Vait	VERB	aler
s'	DET	soi
en	ADP	en
li	DET	le
pople	NOUN	peuple
.	PUNCT	.
Le	DET	le
pere	NOUN	père
e	CCONJ	et
la	DET	le
medra	VERB	medre
e	CCONJ	et
la	DET	le
pulcela	VERB	poupler
unches	ADV	once
ne	ADV	ne
desevrerent	VERB	desevrer
,	PUNCT	,
ansemble	ADV	ensemble
furent	VERB	estre
jusqu'	ADP	jusque
a	ADP	a
Deu	PROPN	dieu
s'	DET	soi
en	ADP	en
ralerent	VERB	raler
,	PUNCT	,
lur	DET	leur
cumpainie	NOUN	compagnie
fut	VERB	être
bone	ADJ	bon
et	CCONJ	et
honorethe	NOUN	honorer
,	PUNCT	,
par	ADP	par
cel	DET	cel
saint	ADJ	saint
cors	NOUN	cors
sunt	VERB	être
lur	DET	leur
anames	NOUN	enmanos
salvedes	NOUN	sauvet
.	PUNCT	.
Sainz	ADJ	saint
Alexis	PROPN	alex
est	VERB	estre
el	ADP.DET	en.le
ciel	NOUN	ciel
senz	ADP	sans
dutance	NOUN	dotance
,	PUNCT	,
ensembl'	ADV	ensemble
ot	VERB	avoir
Deu	PROPN	dieu
e	CCONJ	et
la	DET	le
compaignie	NOUN	compagnie
as	VERB	a.le
angeles	NOUN	angele
,	PUNCT	,
od	ADP	o
la	DET	le
pulcela	VERB	poupler
dunt	PRON	dont
il	PRON	il
se	PRON	se
fist	VERB	faire
si	ADV	si
estranges	ADJ	estrange
.	PUNCT	.
Or	ADV	or
l'	DET	le
at	VERB	avoir
od	ADP	o
sei	PRON	soi
,	PUNCT	,
ansemble	ADV	ensemble
sunt	VERB	être
lur	DET	leur
anames	NOUN	enmanos
,	PUNCT	,
ne	ADV	ne
vus	PRON	vous
sai	VERB	savoir
dirre	VERB	dire
cum	SCONJ	comme
lur	DET	leur
ledece	NOUN	ledit
est	VERB	estre
grande	ADJ	grand
.	PUNCT	.
Cum	X	comme
bone	ADJ	bon
peine	NOUN	peine
,	PUNCT	,
Deus	PROPN	dieu
,	PUNCT	,
e	CCONJ	et
si	ADV	si
boen	ADJ	bon
servise	NOUN	servise
fist	VERB	faire
cel	DET	cel
saint	ADJ	saint
homo	NOUN	homme
en	ADP	en
cesta	DET	cest
mortel	ADJ	mortel
vide	NOUN	vide
,	PUNCT	,
quer	CCONJ	querre
or	NOUN	or
est	VERB	estre
s'	DET	soi
aname	NOUN	enname
de	ADP	de
glorie	NOUN	glorie
replenithe	NOUN	replendre
!	PUNCT	!
Ço	PRON	ce
ad	VERB	avoir
ques	CCONJ	que
volt	VERB	voloir
,	PUNCT	,
nïent	ADV	nevo
n'	ADV	ne
est	VERB	estre
a	ADP	a
dire	VERB	dire
,	PUNCT	,
ensor	ADP	ensor
tut	DET	tout
e	CCONJ	et
si	ADV	si
veit	VERB	vëoir
Deu	PROPN	dieu
medisme	ADJ	medime
.	PUNCT	.
Las	ADJ	las
,	PUNCT	,
malfeüz	NOUN	mauvoir
,	PUNCT	,
cum	SCONJ	comme
esmes	NOUN	esme
avoglez	VERB	avogler
,	PUNCT	,
quer	CCONJ	querre
ço	PRON	ce
veduns	NOUN	vedit
que	SCONJ	que
tuit	DET	tot
sumes	NOUN	sume
desvez	VERB	devess
,	PUNCT	,
de	ADP	de
noz	DET	notre
pechez	NOUN	pechié
sumes	NOUN	sume
si	ADV	si
ancumbrez	VERB	embromcement
la	DET	le
dreite	ADJ	dreter
vide	NOUN	vide
nus	DET	nul
funt	VERB	faire
tres	ADV	très
oblïer	VERB	oblïer
.	PUNCT	.
Par	ADP	par
cest	DET	cest
saint	ADJ	saint
home	NOUN	ome
doüssum	VERB	dous
ralumer	VERB	rallumer
.	PUNCT	.
Aiuns	PROPN	ainc
,	PUNCT	,
seignors	NOUN	seignor
,	PUNCT	,
cel	DET	cel
saint	ADJ	saint
home	NOUN	ome
en	ADP	en
memorie	NOUN	memorie
,	PUNCT	,
si	ADV	si
li	DET	le
preiuns	NOUN	prison
que	SCONJ	que
de	ADP	de
toz	DET	tot
mals	NOUN	mal
nos	PRON	nos
tolget	VERB	tougel
,	PUNCT	,
en	ADP	en
icest	DET	cist
siecle	NOUN	siècle
nus	DET	nul
acat	NOUN	acheter
pais	NOUN	paix
e	CCONJ	et
glorie	NOUN	glorie
,	PUNCT	,
et	CCONJ	et
en	ADP	en
cel	DET	cel
altra	VERB	autre
la	DET	le
plus	ADV	plus
durable	ADJ	durable
glorie	NOUN	glorie
,	PUNCT	,
en	ADP	en
ipse	NOUN	pis
verbe	ADJ	vermeil
sin	DET	si
dimes	NOUN	dîme
:	PUNCT	:
Pater	VERB	patier
noster	DET	notre
,	PUNCT	,
amen	NOUN	amener
.	PUNCT	.
