CANTIQUES	NOUN	cantique
,	PUNCT	,
HYMNES	NOUN	hymne
,	PUNCT	,
SYMBOLES	NOUN	symbole
,	PUNCT	,
ETC	X	etc+ceterus
.	PUNCT	.
CANTICUM	X	canticum
YSAIE	PROPN	isais
PROPHETE	NOUN	prophete
.	PUNCT	.
Je	PRON	je
regeïrai	VERB	rejehir
a	ADP	a
tei	PRON	toi
,	PUNCT	,
Sire	NOUN	seignor
,	PUNCT	,
kar	CCONJ	car
tu	PRON	tu
ies	VERB	ies
curruciez	VERB	corrucier
a	ADP	a
me	PRON	je
;	PUNCT	;
cunvertiz	VERB	convertir
ies	VERB	ies
,	PUNCT	,
e	CCONJ	et
cunfortas	VERB	conforter
mei	PRON	moi
.	PUNCT	.
Etetu	PROPN	estovoir
Deus	PROPN	dieu
,	PUNCT	,
li	DET	le
miens	ADJ	mien
salveres	ADJ	sauver
;	PUNCT	;
fiançusement	NOUN	fiançement
ferai	VERB	faire
,	PUNCT	,
e	CCONJ	et
ne	ADV	ne
crendrai	VERB	craindre
.	PUNCT	.
Kar	CCONJ	car
la	DET	le
mei	PRON	moi
force	NOUN	force
e	CCONJ	et
la	DET	le
mei	PRON	moi
loenge	NOUN	louange
est	VERB	estre
li	DET	le
Sires	NOUN	seignor
,	PUNCT	,
e	CCONJ	et
fait	VERB	faire
est	VERB	estre
a	ADP	a
mei	PRON	moi
en	ADP	en
salud	NOUN	salut
.	PUNCT	.
Vus	PRON	vous
espuiserez	VERB	épuèser
ewes	NOUN	eau
in	PRON	in
joie	NOUN	joie
des	ADP.DET	de.le
fonteines	NOUN	fontenie
al	ADP.DET	à.le
Salveor	NOUN	sauver
,	PUNCT	,
e	CCONJ	et
dirrez	VERB	dire
en	ADP	en
cel	DET	cel
jur	NOUN	jour
:	PUNCT	:
Regeïsiez	VERB	rejehir
al	ADP.DET	à.le
Seignor	NOUN	seignor
,	PUNCT	,
e	CCONJ	et
apelez	VERB	apeler
le	DET	le
suen	ADJ	suen
num	DET	nom
.	PUNCT	.
Faites	VERB	faire
cuneüdes	VERB	connaître
en	ADP	en
puples	NOUN	puple
les	DET	le
sues	ADJ	suen
invenciuns	NOUN	invenir
;	PUNCT	;
remembres	NOUN	remembrer
que	SCONJ	que
haltz	ADJ	haut
est	VERB	estre
li	DET	le
suens	ADJ	suen
nums	NOUN	nom
.	PUNCT	.
Cantez	VERB	chanter
al	ADP.DET	à.le
Seignor	NOUN	seignor
,	PUNCT	,
kar	CCONJ	car
mult	ADV	moult
grantment	ADV	grant
ad	VERB	avoir
fait	VERB	faire
;	PUNCT	;
anunciez	VERB	annuit
ço	PRON	ce
en	ADP	en
tute	DET	tout
terre	NOUN	terre
.	PUNCT	.
Esleece	NOUN	ellee
tei	PRON	toi
e	CCONJ	et
loe	NOUN	löer
,	PUNCT	,
habitatiun	NOUN	hatitable
de	ADP	de
Syon	NOUN	sion
;	PUNCT	;
kar	CCONJ	car
granz	ADJ	grant
est	VERB	estre
el	ADP.DET	en.le
mileu	ADV	mille
de	ADP	de
tei	PRON	toi
li	DET	le
seinz	NOUN	saint
de	ADP	de
Israel	PROPN	irast
.	PUNCT	.
CANTICUM	X	canticum
EZECHIE	NOUN	escachier
REGIS	ADJ	restre
.	PUNCT	.
Je	PRON	je
dis	VERB	dire
en	ADP	en
la	DET	le
maienetet	VERB	maineté
de	ADP	de
mes	DET	mais
jurz	NOUN	jour
:	PUNCT	:
Je	PRON	je
irrai	VERB	aller
as	VERB	a.le
portes	NOUN	porte
d'	ADP	de
enfern	NOUN	enfer
.	PUNCT	.
Je	PRON	je
quis	VERB	querre
la	DET	le
remasille	NOUN	remanoille
de	ADP	de
mes	DET	mais
anz	NOUN	an
;	PUNCT	;
je	PRON	je
dis	VERB	dire
:	PUNCT	:
Ne	CCONJ	ne
verrai	VERB	vëoir
Damne	NOUN	dame
-	PUNCT	-
Deu	PROPN	dieu
en	ADP	en
la	DET	le
terre	NOUN	terre
des	ADP.DET	de.le
vivanz	NOUN	vivre
.	PUNCT	.
Ne	CCONJ	ne
esguarderai	VERB	égarder
hume	NOUN	homme
en	ADP	en
ultre	ADV	outre
e	CCONJ	et
abiteür	NOUN	abiture
de	ADP	de
repos	NOUN	repos
.	PUNCT	.
La	DET	le
meie	ADJ	mien
generaciuns	NOUN	génération
toleite	VERB	tolir
est	VERB	estre
,	PUNCT	,
e	CCONJ	et
desturnethe	NOUN	détrousse
est	VERB	estre
de	ADP	de
mei	PRON	moi
ensement	ADV	ensement
cume	SCONJ	comme
tabernacle	NOUN	taineceble
de	ADP	de
pasturs	NOUN	pastout
.	PUNCT	.
Trenchethe	VERB	trenchier
est	VERB	estre
ensement	ADV	ensement
cume	SCONJ	comme
de	ADP	de
teisant	VERB	taire
la	DET	le
mei	PRON	moi
vie	NOUN	vie
,	PUNCT	,
dementres	NOUN	dementre
uncore	ADV	oncorer
que	SCONJ	que
jo	PRON	je
ordiseie	VERB	ordise
suztrençad	VERB	sostrande
mei	PRON	moi
.	PUNCT	.
Ies	ADJ	ise
le	DET	le
matin	NOUN	matin
desque	ADP	desque
al	ADP.DET	à.le
vespre	NOUN	vespre
finiras	ADJ	finir
mei	PRON	moi
.	PUNCT	.
Je	PRON	je
esperowe	NOUN	esperorer
desque	ADP	desque
al	ADP.DET	à.le
matin	NOUN	matin
,	PUNCT	,
ensement	ADV	ensement
cume	SCONJ	comme
leuns	NOUN	lion
issi	VERB	issir
detriblant	VERB	detriblecin
trestuz	DET	trestot
les	DET	le
miens	ADJ	mien
os	DET	oser
.	PUNCT	.
Ies	ADJ	ise
le	DET	le
matin	NOUN	matin
desque	ADP	desque
al	ADP.DET	à.le
vespre	NOUN	vespre
finiras	ADJ	finir
mei	PRON	moi
;	PUNCT	;
sicume	SCONJ	sicomme
pulchin	NOUN	pucilon
de	ADP	de
arunde	NOUN	rauden
issi	VERB	issir
crierai	VERB	crïer
,	PUNCT	,
purpenserai	NOUN	pruspandesser
sicume	SCONJ	sicomme
columbe	NOUN	colombe
.	PUNCT	.
Ateneuid	PROPN	atendue
sunt	VERB	être
li	DET	le
mien	ADJ	mien
oil	NOUN	oui
,	PUNCT	,
esguardanz	VERB	égarder
en	ADP	en
haltesce	NOUN	hautesse
.	PUNCT	.
Sire	NOUN	seignor
,	PUNCT	,
force	NOUN	force
je	PRON	je
seofre	VERB	sofrir
:	PUNCT	:
respund	VERB	répondre
pur	ADP	pour
mei	PRON	moi
;	PUNCT	;
que	SCONJ	que
dirrai	VERB	dire
?	PUNCT	?
u	CCONJ	ou
chi	PRON	ci
respondrat	VERB	répondre
a	ADP	a
mei	PRON	moi
,	PUNCT	,
quant	SCONJ	cant
jo	PRON	je
methesme	ADJ	metre
le	DET	le
fis	VERB	faire
?	PUNCT	?
Je	PRON	je
repurpenserai	VERB	repuremprer
tuz	DET	tous
les	DET	le
miens	ADJ	mien
ans	NOUN	an
en	ADP	en
amertume	NOUN	amertume
de	ADP	de
la	DET	le
meie	ADJ	mien
aneme	NOUN	enneme
.	PUNCT	.
Sire	NOUN	seignor
,	PUNCT	,
si	ADV	si
issi	VERB	issir
est	VERB	estre
vescuth	VERB	vivre
e	CCONJ	et
en	ADP	en
tels	DET	tel
coses	NOUN	chose
la	DET	le
vie	NOUN	vie
de	ADP	de
mun	DET	mon
espirit	NOUN	esprit
,	PUNCT	,
tu	PRON	tu
castieras	VERB	chastelier
mei	PRON	moi
e	CCONJ	et
vivifieras	VERB	vivifier
mei	PRON	moi
.	PUNCT	.
Aaste	PROPN	asset
tei	PRON	toi
en	ADP	en
peais	NOUN	pais
la	DET	le
meie	ADJ	mien
amertume	NOUN	amertume
tres	ADV	très
-	PUNCT	-
amere	NOUN	amer
.	PUNCT	.
Tu	PRON	tu
acertes	ADV	à.certes
deliveras	VERB	delivrer
la	DET	le
meie	ADJ	mien
aneme	NOUN	enneme
,	PUNCT	,
quer	CCONJ	querre
ele	PRON	il
ne	ADV	ne
perisist	NOUN	perris
;	PUNCT	;
tu	PRON	tu
degetas	VERB	degeter
ariere	NOUN	arrière
tun	DET	ton
dos	NOUN	dos
tuz	DET	tous
les	DET	le
miens	ADJ	mien
pechiez	NOUN	pechié
.	PUNCT	.
Kar	CCONJ	car
enferns	NOUN	enfer
ne	ADV	ne
regeïrat	VERB	rejehir
a	ADP	a
tei	PRON	toi
,	PUNCT	,
ne	ADV	ne
mort	NOUN	mort
ne	ADV	ne
loerat	VERB	louer
tei	PRON	toi
;	PUNCT	;
ne	ADV	ne
atendrunt	VERB	atendre
chi	PRON	ci
descendent	VERB	descendre
en	ADP	en
fosse	NOUN	fosse
,	PUNCT	,
la	DET	le
tue	ADJ	tien
veritet	NOUN	verité
.	PUNCT	.
Vivanz	NOUN	vivre
,	PUNCT	,
vivanz	NOUN	vivre
,	PUNCT	,
il	PRON	il
regeïrat	VERB	rejehir
a	ADP	a
tei	PRON	toi
,	PUNCT	,
sicume	SCONJ	sicomme
nedes	NOUN	ne.il
je	PRON	je
hoi	ADV	hoi
;	PUNCT	;
li	DET	le
pere	NOUN	père
as	VERB	a.le
filz	NOUN	fil
coneüde	NOUN	conoiter
ferat	VERB	faire
la	DET	le
tue	ADJ	tien
veritet	NOUN	verité
.	PUNCT	.
Sire	NOUN	seignor
,	PUNCT	,
salf	ADJ	sauf
me	PRON	je
fai	VERB	faire
,	PUNCT	,
e	CCONJ	et
noz	DET	notre
salmes	NOUN	pasmer
nus	DET	nul
canteruns	NOUN	chanter
par	ADP	par
trestuz	DET	trestot
les	DET	le
jurz	NOUN	jour
de	ADP	de
nostre	DET	notre
vie	NOUN	vie
en	ADP	en
la	DET	le
maisun	NOUN	maison
del	ADP.DET	de.le
Seignur	NOUN	seigneur
.	PUNCT	.
CANTICUM	X	canticum
ANNE	PROPN	annal
,	PUNCT	,
MATRIS	ADJ	matir
SAMUELIS	ADJ	samüel
.	PUNCT	.
Eslethesçad	PROPN	exesploitie
li	DET	le
miens	ADJ	mien
cuers	NOUN	cuer
el	ADP.DET	en.le
Seignur	NOUN	seigneur
,	PUNCT	,
e	CCONJ	et
exalciez	VERB	exaucer
est	VERB	estre
miens	ADJ	mien
cuers	NOUN	cuer
el	ADP.DET	en.le
mien	ADJ	mien
Deu	PROPN	dieu
.	PUNCT	.
Assamplie	PROPN	assamlir
est	VERB	estre
la	DET	le
meie	ADJ	mien
buche	NOUN	bouche
sur	ADP	sur
mes	DET	mais
enemis	NOUN	ennemi
,	PUNCT	,
kar	CCONJ	car
je	PRON	je
m'	PRON	je
esledeçai	VERB	esleeillier
el	ADP.DET	en.le
tun	DET	ton
salvable	ADJ	sauvable
.	PUNCT	.
Nen	NOUN	ne
est	VERB	estre
sainz	ADJ	saint
sicume	SCONJ	sicomme
est	VERB	estre
li	DET	le
Sire	NOUN	seignor
,	PUNCT	,
kar	CCONJ	car
nen	NOUN	ne
est	VERB	estre
altre	ADJ	autre
estre	VERB	estre
tei	PRON	toi
,	PUNCT	,
e	CCONJ	et
nen	NOUN	ne
est	VERB	estre
fort	ADJ	fort
sicume	SCONJ	sicomme
nostre	DET	notre
Deus	PROPN	dieu
.	PUNCT	.
Ne	CCONJ	ne
voillez	NOUN	voloir
multiplier	NOUN	multillier
a	ADP	a
parler	VERB	parler
,	PUNCT	,
haltes	ADJ	haut
coses	NOUN	chose
glorianz	NOUN	glorir
.	PUNCT	.
Desseivrent	VERB	desevrer
viez	ADJ	viez
coses	NOUN	chose
de	ADP	de
vostre	DET	vostre
buche	NOUN	bouche
;	PUNCT	;
kar	CCONJ	car
Deus	PROPN	dieu
de	ADP	de
sciences	NOUN	science
est	VERB	estre
Sire	NOUN	seignor
,	PUNCT	,
e	CCONJ	et
a	ADP	a
lui	PRON	lui
sunt	VERB	être
aprestées	VERB	aprèstesse
cogitatiuns	NOUN	cotindre
.	PUNCT	.
Li	DET	le
arc	NOUN	arc
des	ADP.DET	de.le
forz	ADJ	fort
surmuntez	VERB	surment
est	VERB	estre
,	PUNCT	,
e	CCONJ	et
li	DET	le
enfeorm	NOUN	enforement
sunt	VERB	être
ceinz	NOUN	ceindre
de	ADP	de
force	NOUN	force
.	PUNCT	.
Raemplid	PROPN	repaillier
premerainement	NOUN	premerainement
de	ADP	de
paein	NOUN	pain
sei	PRON	soi
aloerent	VERB	aler
,	PUNCT	,
e	CCONJ	et
li	DET	le
fameillus	NOUN	fameillos
saüled	NOUN	sauver
sunt	VERB	être
,	PUNCT	,
Jesque	DET	jésque
la	DET	le
barhaine	NOUN	barhine
enfantat	NOUN	enfanter
plusurs	DET	plus
;	PUNCT	;
e	CCONJ	et
icele	DET	icel
chi	PRON	ci
mult	ADV	moult
filz	NOUN	fil
aveit	VERB	avoir
,	PUNCT	,
enfeormethe	VERB	enforement
est	VERB	estre
.	PUNCT	.
Li	DET	le
Sire	NOUN	seignor
mortified	NOUN	mortifier
e	CCONJ	et
vivifiet	VERB	vivité
,	PUNCT	,
demeinne	VERB	demener
a	ADP	a
enfers	NOUN	enfer
e	CCONJ	et
rameinned	VERB	ramener
.	PUNCT	.
Li	DET	le
Sire	NOUN	seignor
fait	VERB	faire
povre	ADJ	pauvre
e	CCONJ	et
enrichist	VERB	enrichir
,	PUNCT	,
humiliet	NOUN	humilité
e	CCONJ	et
suzlevet	VERB	soulever
.	PUNCT	.
Esdrecant	PROPN	esdresser
de	ADP	de
puldre	NOUN	poudre
le	DET	le
busunnus	ADJ	boussunt
,	PUNCT	,
e	CCONJ	et
de	ADP	de
ordeure	NOUN	ordure
eslevet	VERB	eslever
le	DET	le
povre	ADJ	pauvre
;	PUNCT	;
.	PUNCT	.
Que	CCONJ	que
il	PRON	il
secet	VERB	sece
ot	VERB	avoir
princes	NOUN	prince
,	PUNCT	,
e	CCONJ	et
soler	VERB	soler
de	ADP	de
glorie	NOUN	glorie
tienged	VERB	tenir
.	PUNCT	.
Kar	CCONJ	car
al	ADP.DET	à.le
Seignor	NOUN	seignor
sunt	VERB	être
li	DET	le
carne	NOUN	carne
de	ADP	de
terre	NOUN	terre
,	PUNCT	,
e	CCONJ	et
posat	NOUN	pôter
sur	ADP	sur
els	PRON	eux
le	DET	le
cercle	NOUN	cercle
.	PUNCT	.
Les	DET	le
piez	NOUN	pié
de	ADP	de
ses	DET	son
sains	ADJ	sain
guarderat	VERB	garder
,	PUNCT	,
e	CCONJ	et
li	DET	le
felun	NOUN	felon
en	ADP	en
tenebres	NOUN	tenebre
sei	PRON	soi
taisierunt	VERB	taire
;	PUNCT	;
kar	CCONJ	car
en	ADP	en
sa	DET	son
fortece	NOUN	fortere
ne	ADV	ne
serat	VERB	être
esforciez	VERB	esforcier
heom	NOUN	hëor
.	PUNCT	.
Le	DET	le
Seignor	NOUN	seignor
crendrunt	VERB	craindre
li	DET	le
adversarie	NOUN	adversaire
de	ADP	de
lui	PRON	lui
,	PUNCT	,
e	CCONJ	et
sur	ADP	sur
els	PRON	eux
meesmes	ADJ	même
es	ADP.DET	en.le
ciels	NOUN	ciel
tonerad	VERB	toner
.	PUNCT	.
Li	DET	le
Sire	NOUN	seignor
jugerat	VERB	juger
les	DET	le
fins	NOUN	fin
de	ADP	de
terre	NOUN	terre
,	PUNCT	,
e	CCONJ	et
dunrat	VERB	donner
empirie	NOUN	empirier
a	ADP	a
sun	DET	son
rei	NOUN	roi
,	PUNCT	,
e	CCONJ	et
exalcerat	VERB	exarceler
la	DET	le
corne	NOUN	corne
de	ADP	de
sun	DET	son
Crist	PROPN	crist
.	PUNCT	.
CANTICUM	X	canticum
MOYSl	ADJ	moysel
Cantuns	NOUN	chanteun
al	ADP.DET	à.le
Seignur	NOUN	seigneur
,	PUNCT	,
kar	CCONJ	car
gloriosement	NOUN	glorerie
magnifiez	NOUN	magnifier
est	VERB	estre
;	PUNCT	;
cheval	NOUN	cheval
e	CCONJ	et
le	DET	le
muntethur	NOUN	monter
dejetat	VERB	desbettre
en	ADP	en
la	DET	le
mer	NOUN	mer
.	PUNCT	.
La	DET	le
mei	PRON	moi
fortece	NOUN	fortere
en	ADP	en
la	DET	le
meie	ADJ	mien
loenge	NOUN	louange
est	VERB	estre
li	DET	le
Sire	NOUN	seignor
,	PUNCT	,
en	ADP	en
faiz	VERB	fait
est	VERB	estre
a	ADP	a
mei	PRON	moi
en	ADP	en
salud	NOUN	salut
.	PUNCT	.
Icist	PRON	cist
li	DET	le
miens	ADJ	mien
Deus	PROPN	dieu
,	PUNCT	,
e	CCONJ	et
je	PRON	je
glorifierai	NOUN	glorifier
lui	PRON	lui
,	PUNCT	,
li	DET	le
Deus	PROPN	dieu
de	ADP	de
mun	DET	mon
pere	NOUN	père
,	PUNCT	,
e	CCONJ	et
exalcerai	VERB	exarceler
lui	PRON	lui
.	PUNCT	.
Li	DET	le
Sire	NOUN	seignor
ensemen	ADP	ensement
cume	SCONJ	comme
hume	NOUN	homme
cumbatere	VERB	combattre
,	PUNCT	,
trestut	DET	trestot
poanz	NOUN	pouvoir
li	DET	le
nums	NOUN	nom
de	ADP	de
lui	PRON	lui
;	PUNCT	;
les	DET	le
curres	NOUN	cure
de	ADP	de
Pharaün	PROPN	pharaon
e	CCONJ	et
le	DET	le
ost	VERB	ost
de	ADP	de
lui	PRON	lui
degetat	NOUN	desage
en	ADP	en
la	DET	le
mer	NOUN	mer
.	PUNCT	.
Li	DET	le
eslit	VERB	eslire
prince	NOUN	prince
de	ADP	de
lui	PRON	lui
suzplungiet	VERB	surplunge
sunt	VERB	être
en	ADP	en
la	DET	le
mer	NOUN	mer
Ruge	NOUN	ruge
.	PUNCT	.
Li	DET	le
abysme	NOUN	abimer
cuvrirent	VERB	couvrir
els	PRON	eux
,	PUNCT	,
descendirent	VERB	descendre
en	ADP	en
la	DET	le
parfundece	NOUN	parfondeux
sicum	DET	sicomme
pere	NOUN	père
.	PUNCT	.
La	DET	le
tue	ADJ	tien
destre	ADJ	destre
,	PUNCT	,
Sire	NOUN	seignor
,	PUNCT	,
magnifiethe	NOUN	magnifier
est	VERB	estre
en	ADP	en
enfortece	NOUN	enforcer
;	PUNCT	;
la	DET	le
tue	ADJ	tien
destre	ADJ	destre
,	PUNCT	,
Sire	NOUN	seignor
,	PUNCT	,
ferit	VERB	ferir
l'	DET	le
enemi	NOUN	ennemi
,	PUNCT	,
e	CCONJ	et
la	DET	le
multitudine	NOUN	multidudion
de	ADP	de
ta	DET	ton
glorie	NOUN	glorie
deposas	VERB	déposer
les	DET	le
miens	ADJ	mien
adversaries	NOUN	adversaire
.	PUNCT	.
Tu	PRON	tu
enveias	VERB	envoyer
la	DET	le
tue	ADJ	tien
ire	NOUN	ire
,	PUNCT	,
laquele	DET	lequel
devorat	VERB	devoir
els	PRON	eux
sicume	SCONJ	sicomme
stuble	ADJ	stoble
;	PUNCT	;
en	ADP	en
le	DET	le
spirit	ADJ	seprit
de	ADP	de
la	DET	le
tue	ADJ	tien
fuire	VERB	fuir
asemblethes	VERB	assemblée
sunt	VERB	être
ewes	NOUN	eau
.	PUNCT	.
Estuit	VERB	estre
unde	DET	un
decuranz	VERB	decorcer
,	PUNCT	,
assemblet	VERB	assembler
sunt	VERB	être
li	DET	le
abysme	NOUN	abimer
en	ADP	en
mi	DET	moi
la	DET	le
mer	NOUN	mer
Dist	VERB	dire
li	DET	le
enemi	NOUN	ennemi
:	PUNCT	:
Je	PRON	je
parsiverai	VERB	parsiver
e	CCONJ	et
comprenderai	VERB	corprendre
,	PUNCT	,
deviserai	VERB	deviser
despoilles	NOUN	despeler
;	PUNCT	;
serat	VERB	être
aemplie	VERB	ameline
la	DET	le
meie	ADJ	mien
aneme	NOUN	enneme
.	PUNCT	.
Jo	PRON	je
trairai	VERB	traire
mun	DET	mon
glaive	NOUN	glaive
;	PUNCT	;
ocirat	VERB	occire
els	PRON	eux
la	DET	le
meie	ADJ	mien
main	NOUN	main
.	PUNCT	.
Sufflat	NOUN	suffalir
li	DET	le
tuens	ADJ	tien
espirize	NOUN	esprit
,	PUNCT	,
covrit	VERB	covrir
els	PRON	eux
la	DET	le
mer	NOUN	mer
,	PUNCT	,
suzplungied	NOUN	suplignue
sunt	VERB	être
sicume	SCONJ	sicomme
plum	DET	plum
en	ADP	en
fortes	NOUN	fort
ewes	NOUN	eau
.	PUNCT	.
Liquels	DET	lequel
est	VERB	estre
semblanz	NOUN	semblant
a	ADP	a
tei	PRON	toi
es	ADP.DET	en.le
fors	ADV	fors
,	PUNCT	,
Sire	NOUN	seignor
?	PUNCT	?
Liquels	DET	lequel
est	VERB	estre
semblanz	NOUN	semblant
a	ADP	a
tei	PRON	toi
,	PUNCT	,
fait	VERB	faire
granz	ADJ	grant
en	ADP	en
sainteed	NOUN	saintement
,	PUNCT	,
espoventables	ADJ	épouvantable
e	CCONJ	et
loables	ADJ	loalais
,	PUNCT	,
e	CCONJ	et
faisanz	VERB	faire
merveilles	NOUN	merveille
?	PUNCT	?
Tu	PRON	tu
estendis	VERB	étendre
ta	DET	ton
main	NOUN	main
e	CCONJ	et
devorat	VERB	devoir
els	PRON	eux
la	DET	le
terre	NOUN	terre
.	PUNCT	.
Duitre	NOUN	durette
fus	NOUN	estre
en	ADP	en
miserecorde	NOUN	mestroire
al	ADP.DET	à.le
pople	NOUN	peuple
,	PUNCT	,
lequel	DET	lequel
tu	PRON	tu
raensis	NOUN	raisne
;	PUNCT	;
E	CCONJ	et
portas	VERB	porter
lui	PRON	lui
en	ADP	en
la	DET	le
tue	ADJ	tien
fortece	NOUN	fortere
al	ADP.DET	à.le
tuen	ADJ	tien
saint	ADJ	saint
habitacle	NOUN	habitacle
.	PUNCT	.
Munterent	ADJ	monter
li	DET	le
pople	NOUN	peuple
,	PUNCT	,
e	CCONJ	et
iriet	VERB	irier
sunt	VERB	être
;	PUNCT	;
dolors	NOUN	dolor
purvindrent	VERB	pourdrendre
li	DET	le
habiteür	NOUN	habiture
de	ADP	de
Philistum	PROPN	piliste
.	PUNCT	.
Lores	PROPN	lors
conturbet	VERB	conturder
sunt	VERB	être
li	DET	le
prince	NOUN	prince
de	ADP	de
Edom	PROPN	endor
;	PUNCT	;
les	DET	le
forz	ADJ	fort
de	ADP	de
Moab	NOUN	mouba
pur	ADP	pour
teon	NOUN	tenor
crieme	NOUN	criembre
en	ADP	en
redirent	VERB	redire
tuit	DET	tot
li	DET	le
abiteür	NOUN	abiture
de	ADP	de
Canaan	PROPN	canante
.	PUNCT	.
E	CCONJ	et
sur	ADP	sur
els	PRON	eux
crieme	NOUN	criembre
e	CCONJ	et
poür	NOUN	pouvoir
en	ADP	en
la	DET	le
grandece	ADJ	grandesse
de	ADP	de
tun	DET	ton
braz	NOUN	braz
.	PUNCT	.
Seient	PROPN	être
fait	VERB	faire
nient	ADV	néant
moables	ADJ	moubaille
sicume	SCONJ	sicomme
piere	NOUN	piere
,	PUNCT	,
desque	ADP	desque
trespast	VERB	trespasser
li	DET	le
tuens	ADJ	tien
poples	NOUN	peuple
,	PUNCT	,
Sire	NOUN	seignor
,	PUNCT	,
desque	ADP	desque
trespast	VERB	trespasser
icist	PRON	cist
li	DET	le
tuens	ADJ	tien
poples	NOUN	peuple
,	PUNCT	,
lequel	DET	lequel
tu	PRON	tu
purseïs	NOUN	poursent
.	PUNCT	.
Tu	PRON	tu
enz	ADV	ens
merras	VERB	merre
els	PRON	eux
,	PUNCT	,
e	CCONJ	et
planteras	VERB	planter
el	ADP.DET	en.le
mont	NOUN	monde
de	ADP	de
la	DET	le
tue	ADJ	tien
eritet	NOUN	estre
,	PUNCT	,
el	ADP.DET	en.le
tuen	ADJ	tien
mult	ADV	moult
feorm	NOUN	ferme
habitacle	NOUN	habitacle
,	PUNCT	,
lequel	DET	lequel
tu	PRON	tu
uveras	VERB	ouvrir
,	PUNCT	,
Sire	NOUN	seignor
.	PUNCT	.
Le	DET	le
tuen	ADJ	tien
saintuarie	NOUN	saint-jaure
,	PUNCT	,
Sire	NOUN	seignor
,	PUNCT	,
lequel	DET	lequel
fermerent	VERB	fermer
les	DET	le
tues	ADJ	tien
mains	NOUN	main
.	PUNCT	.
Li	DET	le
Sire	NOUN	seignor
regnat	VERB	régner
en	ADP	en
parmenabletet	NOUN	parmentierme
e	CCONJ	et
ultre	ADV	outre
.	PUNCT	.
Entrez	VERB	entrer
est	VERB	estre
acertes	ADV	à.certes
li	DET	le
chevaliers	NOUN	chevalier
Pharaon	NOUN	parhophe
,	PUNCT	,
e	CCONJ	et
ot	VERB	avoir
curres	NOUN	cure
e	CCONJ	et
ot	VERB	avoir
chevaliers	NOUN	chevalier
en	ADP	en
la	DET	le
mer	NOUN	mer
,	PUNCT	,
e	CCONJ	et
ramenat	VERB	ramener
sur	ADP	sur
els	PRON	eux
li	DET	le
Sire	NOUN	seignor
les	DET	le
ewes	NOUN	eau
de	ADP	de
la	DET	le
mer	NOUN	mer
.	PUNCT	.
Mais	CCONJ	mais
li	DET	le
filz	NOUN	fil
acertes	ADV	à.certes
de	ADP	de
Israel	PROPN	irast
alerent	VERB	aler
par	ADP	par
secchece	NOUN	sechec
el	ADP.DET	en.le
milliu	NOUN	milieu
de	ADP	de
li	DET	le
.	PUNCT	.
CANTICUM	X	canticum
ABBACUC	X	habaccui
.	PUNCT	.
Sire	NOUN	seignor
,	PUNCT	,
je	PRON	je
oï	VERB	öir
la	DET	le
tue	ADJ	tien
oiance	NOUN	oigne
,	PUNCT	,
e	CCONJ	et
criens	NOUN	criembre
.	PUNCT	.
Sire	NOUN	seignor
,	PUNCT	,
la	DET	le
tue	ADJ	tien
ovre	NOUN	ovrer
en	ADP	en
milliu	NOUN	milieu
de	ADP	de
ans	NOUN	an
vivifie	NOUN	vivifier
li	DET	le
.	PUNCT	.
El	ADP.DET	en.le
milliu	NOUN	milieu
de	ADP	de
ans	NOUN	an
coneüd	VERB	conoistre
ferat	VERB	faire
;	PUNCT	;
cum	SCONJ	comme
tu	PRON	tu
iriez	ADJ	irier
seras	VERB	estre
,	PUNCT	,
de	ADP	de
misericorde	NOUN	miséricorde
recorderas	VERB	recorder
.	PUNCT	.
Deus	PROPN	dieu
de	ADP	de
soleire	NOUN	soleil
vendrat	VERB	vendre
,	PUNCT	,
e	CCONJ	et
li	DET	le
sainz	ADJ	saint
del	ADP.DET	de.le
mont	NOUN	monde
Pharan	NOUN	pharance
;	PUNCT	;
ovrit	VERB	ovrir
les	DET	le
ciels	NOUN	ciel
la	DET	le
glorie	NOUN	glorie
de	ADP	de
li	DET	le
,	PUNCT	,
e	CCONJ	et
de	ADP	de
sa	DET	son
loenge	NOUN	louange
pleine	ADJ	plein
est	VERB	estre
la	DET	le
tere	NOUN	terre
.	PUNCT	.
La	DET	le
splendor	NOUN	splender
de	ADP	de
li	DET	le
sicume	SCONJ	sicomme
lumiere	NOUN	luminer
serat	VERB	être
,	PUNCT	,
cornes	NOUN	corne
en	ADP	en
ses	DET	son
mains	NOUN	main
.	PUNCT	.
Iluec	ADV	iluec
reposte	NOUN	repondre
est	VERB	estre
la	DET	le
fortece	NOUN	fortere
de	ADP	de
lui	PRON	lui
;	PUNCT	;
devant	ADP	devant
sa	DET	son
face	VERB	faire
irat	VERB	aler
la	DET	le
mort	NOUN	mort
.	PUNCT	.
Isterat	PROPN	issir
li	DET	le
diables	NOUN	dïable
devant	ADP	devant
les	DET	le
piez	NOUN	pié
de	ADP	de
lui	PRON	lui
;	PUNCT	;
estut	VERB	estovoir
,	PUNCT	,
e	CCONJ	et
mesurat	VERB	mesurer
la	DET	le
terrae	VERB	terre
.	PUNCT	.
Esguarde	VERB	égarder
,	PUNCT	,
est	VERB	estre
desliat	VERB	deslëatior
les	DET	le
genz	NOUN	gent
,	PUNCT	,
e	CCONJ	et
detriblé	VERB	detribler
sunt	VERB	être
li	DET	le
mont	NOUN	monde
del	ADP.DET	de.le
siecle	NOUN	siècle
.	PUNCT	.
Incurvé	PROPN	incurecel
sunt	VERB	être
li	DET	le
tertre	NOUN	tertre
del	ADP.DET	de.le
mont	NOUN	monde
des	ADP.DET	de.le
eires	NOUN	aire
de	ADP	de
la	DET	le
parmenabletet	NOUN	parmentierme
de	ADP	de
lui	PRON	lui
.	PUNCT	.
Pur	ADP	pour
felunie	NOUN	felonie
je	PRON	je
vi	VERB	vëoir
les	DET	le
herberges	NOUN	herberger
d'	ADP	de
Ethiope	NOUN	ethiep
,	PUNCT	,
serunt	VERB	être
turbées	NOUN	turber
les	DET	le
pels	NOUN	peuis
de	ADP	de
la	DET	le
terre	NOUN	terre
Madian	NOUN	maidien
.	PUNCT	.
Que	CCONJ	que
dunc	ADV	donc
en	ADP	en
flums	NOUN	flum
es	ADP.DET	en.le
-	PUNCT	-
tu	PRON	tu
iriez	ADJ	irier
,	PUNCT	,
Sire	NOUN	seignor
?	PUNCT	?
u	CCONJ	ou
en	ADP	en
flums	NOUN	flum
la	DET	le
fuirur	NOUN	fureur
?	PUNCT	?
u	CCONJ	ou
en	ADP	en
mer	NOUN	mer
la	DET	le
tue	ADJ	tien
indignatiun	NOUN	indiguitin
.	PUNCT	.
Ichi	ADV	ici
munteras	VERB	monter
sur	ADP	sur
tes	DET	ton
chevals	NOUN	cheval
,	PUNCT	,
e	CCONJ	et
li	DET	le
tuen	ADJ	tien
car	CCONJ	car
salvatiun	NOUN	sauvantil
.	PUNCT	.
Esdreçanz	VERB	esdresser
esdreceras	VERB	esdresser
tun	DET	ton
arc	NOUN	arc
,	PUNCT	,
les	DET	le
seremenz	NOUN	serment
as	VERB	a.le
lignethes	NOUN	lignée
lesquels	DET	lequel
tu	PRON	tu
parlas	VERB	parler
.	PUNCT	.
Les	DET	le
fluez	NOUN	fluet
de	ADP	de
terre	NOUN	terre
tu	PRON	tu
decireras	VERB	decirer
.	PUNCT	.
Virent	VERB	vëoir
,	PUNCT	,
e	CCONJ	et
dolurent	VERB	douleur
li	DET	le
mont	NOUN	monde
,	PUNCT	,
li	DET	le
gurz	NOUN	gur
des	ADP.DET	de.le
ewes	NOUN	eau
trespassat	VERB	trespasser
.	PUNCT	.
Dunat	VERB	donner
li	DET	le
bysme	ADJ	bisme
sa	DET	son
voiz	NOUN	voiz
,	PUNCT	,
haltesce	NOUN	hautesse
ses	DET	son
mains	NOUN	main
levat	VERB	laver
.	PUNCT	.
Li	DET	le
soleiz	NOUN	soleil
el	ADP.DET	en.le
lune	NOUN	lune
esturent	VERB	estordre
en	ADP	en
lur	DET	leur
habitacle	NOUN	habitacle
,	PUNCT	,
en	ADP	en
la	DET	le
lumiere	NOUN	luminer
de	ADP	de
tes	DET	ton
sajettes	NOUN	sather
irunt	VERB	aller
,	PUNCT	,
en	ADP	en
la	DET	le
splendur	NOUN	splindeur
de	ADP	de
la	DET	le
tue	ADJ	tien
fuildrantte	NOUN	falir
hanste	NOUN	hanste
.	PUNCT	.
En	ADP	en
fremissement	NOUN	fremir
dechalceras	VERB	dechacher
la	DET	le
terre	NOUN	terre
,	PUNCT	,
en	ADP	en
fuirur	NOUN	fureur
esbaïras	VERB	esbäir
les	DET	le
genz	NOUN	gent
.	PUNCT	.
Eissuz	PROPN	estre
ies	VERB	ies
a	ADP	a
la	DET	le
salud	NOUN	salut
de	ADP	de
tun	DET	ton
pople	NOUN	peuple
,	PUNCT	,
en	ADP	en
salud	NOUN	salut
ot	VERB	avoir
tun	DET	ton
Crist	PROPN	crist
.	PUNCT	.
Tu	PRON	tu
feris	VERB	ferir
le	DET	le
chief	NOUN	chief
de	ADP	de
la	DET	le
maisun	NOUN	maison
de	ADP	de
felun	NOUN	felon
,	PUNCT	,
denuas	VERB	denoner
le	DET	le
fundement	NOUN	fondement
desque	ADP	desque
al	ADP.DET	à.le
col	NOUN	col
.	PUNCT	.
Tu	PRON	tu
maldesis	ADJ	maladis
as	VERB	a.le
ceptres	NOUN	ceptre
de	ADP	de
lui	PRON	lui
,	PUNCT	,
les	DET	le
chiefs	NOUN	chief
de	ADP	de
ses	DET	son
cumbateürs	VERB	combattre
,	PUNCT	,
as	VERB	a.le
venanz	VERB	venir
sicume	SCONJ	sicomme
esturbeillun	NOUN	estreuble
a	ADP	a
deperdre	VERB	dereprendre
mei	PRON	moi
.	PUNCT	.
L'	DET	le
esjoïsement	NOUN	esjöir
d'	ADP	de
els	PRON	eux
sicume	SCONJ	sicomme
de	ADP	de
celui	DET	cel
chi	PRON	ci
devure	NOUN	devour
le	DET	le
povre	ADJ	pauvre
en	ADP	en
repostaille	NOUN	repostalit
.	PUNCT	.
Veie	NOUN	voie
fesis	NOUN	faiss
en	ADP	en
la	DET	le
mer	NOUN	mer
a	ADP	a
tes	DET	ton
chevals	NOUN	cheval
,	PUNCT	,
en	ADP	en
palud	NOUN	palle
de	ADP	de
multes	NOUN	moult
eawes	NOUN	eau
.	PUNCT	.
Je	PRON	je
oï	VERB	öir
,	PUNCT	,
e	CCONJ	et
conturbez	VERB	conture
est	VERB	estre
li	DET	le
miens	ADJ	mien
ventre	NOUN	ventre
,	PUNCT	,
de	ADP	de
voiz	NOUN	voiz
tremblerent	VERB	trembler
mes	DET	mais
levres	NOUN	levre
.	PUNCT	.
Intrent	VERB	entret
purreture	NOUN	pourriture
es	ADP.DET	en.le
miens	ADJ	mien
os	DET	oser
,	PUNCT	,
e	CCONJ	et
desuz	ADP	dessous
mei	PRON	moi
esbuillisset	VERB	eguisle
;	PUNCT	;
Pur	ADP	pour
ce	PRON	ce
que	SCONJ	que
je	PRON	je
me	PRON	je
repous	NOUN	repour
el	ADP.DET	en.le
jur	NOUN	jour
de	ADP	de
tribulatiun	NOUN	tribulation
,	PUNCT	,
e	CCONJ	et
que	SCONJ	que
jo	PRON	je
munte	NOUN	monter
al	ADP.DET	à.le
nostre	DET	notre
aceint	VERB	aceindre
pople	NOUN	peuple
.	PUNCT	.
Li	DET	le
fiers	ADJ	fier
acertes	ADV	à.certes
ne	ADV	ne
flurirat	VERB	flurer
,	PUNCT	,
e	CCONJ	et
ne	ADV	ne
serat	VERB	être
germe	NOUN	germe
es	ADP.DET	en.le
vignes	NOUN	vigne
.	PUNCT	.
Mentirat	VERB	mentir
l'	DET	le
ovre	NOUN	ovrer
del	ADP.DET	de.le
olive	NOUN	olive
,	PUNCT	,
e	CCONJ	et
li	DET	le
camp	NOUN	camp
ne	ADV	ne
aporterunt	VERB	aporter
viande	NOUN	venir
.	PUNCT	.
Serat	PROPN	être
trenchie	VERB	trenchier
del	ADP.DET	de.le
berzil	NOUN	bersil
beste	NOUN	beste
,	PUNCT	,
e	CCONJ	et
ne	ADV	ne
serad	VERB	estre
arment	VERB	armer
es	ADP.DET	en.le
cresces	NOUN	crèsce
.	PUNCT	.
Je	PRON	je
acertes	ADV	à.certes
el	ADP.DET	en.le
Seignor	NOUN	seignor
esjoïrai	VERB	esjöir
,	PUNCT	,
e	CCONJ	et
m'	PRON	je
esleecerai	VERB	eslëecier
en	ADP	en
Deu	PROPN	dieu
le	DET	le
mien	ADJ	mien
salveür	NOUN	sauveur
.	PUNCT	.
Deus	PROPN	dieu
li	DET	le
Sire	NOUN	seignor
la	DET	le
meie	ADJ	mien
fortece	NOUN	fortere
,	PUNCT	,
e	CCONJ	et
poserat	VERB	poser
mes	DET	mais
piez	NOUN	pié
sicume	SCONJ	sicomme
de	ADP	de
cers	NOUN	cerf
;	PUNCT	;
E	CCONJ	et
sur	ADP	sur
les	DET	le
meies	ADJ	mien
haltesces	NOUN	hautesse
demerrat	VERB	demerer
mei	PRON	moi
li	DET	le
venquerere	NOUN	venquerre
en	ADP	en
psalmes	NOUN	pasmer
cantant	VERB	centant
.	PUNCT	.
CANTICUM	X	canticum
MOYSI	ADJ	moyse
.	PUNCT	.
Oez	VERB	ouïr
,	PUNCT	,
ciels	NOUN	ciel
,	PUNCT	,
quels	DET	quel
coses	NOUN	chose
je	PRON	je
parole	NOUN	parole
;	PUNCT	;
oiet	VERB	öir
la	DET	le
terre	NOUN	terre
les	DET	le
paroles	NOUN	parole
de	ADP	de
la	DET	le
meie	ADJ	mien
buche	NOUN	bouche
.	PUNCT	.
Creisset	VERB	crester
en	ADP	en
pluie	NOUN	pluie
la	DET	le
meie	ADJ	mien
doctrine	NOUN	doctrine
,	PUNCT	,
decurge	VERB	decors
sicume	SCONJ	sicomme
rosée	NOUN	rosée
li	DET	le
mien	ADJ	mien
parlemen	NOUN	parlement
.	PUNCT	.
Ensement	ADV	ensement
cume	SCONJ	comme
pluie	NOUN	pluie
sur	ADP	sur
herbe	NOUN	erbe
,	PUNCT	,
e	CCONJ	et
sicume	SCONJ	sicomme
gutes	NOUN	guet
sur	ADP	sur
herbes	NOUN	herbe
;	PUNCT	;
kar	CCONJ	car
le	DET	le
num	DET	nom
del	ADP.DET	de.le
Seignur	NOUN	seigneur
je	PRON	je
apelerai	VERB	apeler
.	PUNCT	.
Dunez	VERB	donner
grandece	ADJ	grandesse
a	ADP	a
nostre	DET	notre
Deu	PROPN	dieu
.	PUNCT	.
Les	DET	le
ovres	NOUN	ovrer
Deu	PROPN	dieu
sunt	VERB	être
parfaites	NOUN	parfait
,	PUNCT	,
e	CCONJ	et
tutes	DET	tous
les	DET	le
veies	NOUN	voie
de	ADP	de
lui	PRON	lui
jugemenz	NOUN	jugement
.	PUNCT	.
Deus	PROPN	dieu
est	VERB	estre
fetheilz	NOUN	faite
e	CCONJ	et
sanz	ADP	sans
tute	DET	tout
felunie	NOUN	felonie
,	PUNCT	,
li	DET	le
justes	NOUN	juste
e	CCONJ	et
li	DET	le
dreiturers	NOUN	dretorier
.	PUNCT	.
Peccherent	VERB	peché
a	ADP	a
lui	PRON	lui
,	PUNCT	,
e	CCONJ	et
nient	ADV	néant
li	DET	le
fil	NOUN	fil
de	ADP	de
lui	PRON	lui
en	ADP	en
ordeures	NOUN	ordoner
.	PUNCT	.
Generatiuns	PROPN	génération
felunesse	ADJ	felon
e	CCONJ	et
parverse	NOUN	parvers
,	PUNCT	,
renz	NOUN	renz
tu	PRON	tu
dune	PRON	donner
ices	DET	cist
coses	NOUN	chose
al	ADP.DET	à.le
Seignur	NOUN	seigneur
,	PUNCT	,
fol	ADJ	fol
pople	NOUN	peuple
e	CCONJ	et
nun	NOUN	non
savant	NOUN	savant
?	PUNCT	?
Dum	NOUN	donc
n'	ADV	ne
est	VERB	estre
icil	DET	cil
meesme	ADJ	même
tis	DET	ton
pere	NOUN	père
,	PUNCT	,
chi	PRON	ci
pursist	VERB	poursir
tei	PRON	toi
,	PUNCT	,
e	CCONJ	et
fist	VERB	faire
e	CCONJ	et
criat	VERB	crïer
tei	PRON	toi
?	PUNCT	?
Remembre	NOUN	remembrer
des	ADP.DET	de.le
jurz	NOUN	jour
anciens	ADJ	ancien
,	PUNCT	,
purpense	NOUN	prusence
les	DET	le
sengles	NOUN	sangle
generatiuns	NOUN	génération
.	PUNCT	.
Demande	VERB	demander
tun	DET	ton
pere	NOUN	père
,	PUNCT	,
e	CCONJ	et
il	PRON	il
annuncerat	VERB	annumert
a	ADP	a
tei	PRON	toi
;	PUNCT	;
les	DET	le
tuens	ADJ	tien
maiurs	ADJ	maisor
,	PUNCT	,
e	CCONJ	et
dirrunt	VERB	droit
a	ADP	a
tei	PRON	toi
.	PUNCT	.
Quant	SCONJ	cant
departeit	VERB	departir
li	DET	le
Altisme	DET	atismetse
les	DET	le
genz	NOUN	gent
,	PUNCT	,
quant	SCONJ	cant
il	PRON	il
desevrout	VERB	desevrer
les	DET	le
filz	NOUN	fil
Adam	PROPN	adam
.	PUNCT	.
Establit	PROPN	établir
les	DET	le
termes	NOUN	terme
des	ADP.DET	de.le
poples	NOUN	peuple
juste	NOUN	juste
le	DET	le
numbre	NOUN	nombre
des	ADP.DET	de.le
filz	NOUN	fil
Israel	PROPN	irast
.	PUNCT	.
La	DET	le
partie	NOUN	partie
acertes	ADV	à.certes
del	ADP.DET	de.le
Seignur	NOUN	seigneur
,	PUNCT	,
li	DET	le
suens	ADJ	suen
poples	NOUN	peuple
;	PUNCT	;
Jacob	PROPN	jacques
,	PUNCT	,
li	DET	le
funels	NOUN	feune
de	ADP	de
la	DET	le
sue	ADJ	suen
heriditet	NOUN	hardire
.	PUNCT	.
Il	PRON	il
trovat	VERB	trover
lui	PRON	lui
en	ADP	en
tere	NOUN	terre
desertethe	VERB	deserter
,	PUNCT	,
en	ADP	en
liu	NOUN	lieu
de	ADP	de
hisdur	VERB	hisdre
e	CCONJ	et
guaste	NOUN	gast
sultivetet	NOUN	sulité
.	PUNCT	.
Envirun	PROPN	environ
menat	VERB	mener
lui	PRON	lui
e	CCONJ	et
enseignat	VERB	enseigner
,	PUNCT	,
e	CCONJ	et
guardat	VERB	garder
sicume	SCONJ	sicomme
la	DET	le
purnele	NOUN	prunele
de	ADP	de
sun	DET	son
oil	NOUN	oui
.	PUNCT	.
Sicume	ADJ	sicomme
li	DET	le
aigles	NOUN	aigle
purvocanz	NOUN	provoquer
a	ADP	a
voler	VERB	voler
ses	DET	son
pulcins	NOUN	ploindre
,	PUNCT	,
e	CCONJ	et
sur	ADP	sur
els	PRON	eux
voletanz	NOUN	voleté
,	PUNCT	,
Espandit	PROPN	espandre
ses	DET	son
eles	PRON	il
,	PUNCT	,
e	CCONJ	et
prist	VERB	prendre
els	PRON	eux
,	PUNCT	,
e	CCONJ	et
portat	VERB	porter
en	ADP	en
ses	DET	son
estables	NOUN	estable
.	PUNCT	.
Li	DET	le
Sire	NOUN	seignor
suls	NOUN	sul
fut	VERB	être
duitre	ADJ	durett
de	ADP	de
lui	PRON	lui
,	PUNCT	,
e	CCONJ	et
ne	ADV	ne
esteit	VERB	estre
ot	VERB	avoir
lui	PRON	lui
deus	DET	deux
estrange	ADJ	estrange
.	PUNCT	.
Establit	PROPN	établir
lui	PRON	lui
sur	ADP	sur
halte	ADJ	haut
tere	NOUN	terre
,	PUNCT	,
que	SCONJ	que
il	PRON	il
manjast	VERB	mangier
les	DET	le
fruiz	NOUN	fruit
des	ADP.DET	de.le
cams	NOUN	camp
;	PUNCT	;
Que	CCONJ	que
il	PRON	il
suçast	VERB	sucher
miel	NOUN	miel
de	ADP	de
piere	NOUN	piere
,	PUNCT	,
e	CCONJ	et
olie	NOUN	olire
de	ADP	de
moult	ADV	moult
dure	ADJ	dur
roche	NOUN	roche
,	PUNCT	,
Bure	NOUN	borde
de	ADP	de
arment	VERB	armer
e	CCONJ	et
lait	VERB	lait
de	ADP	de
oeilles	NOUN	oeille
,	PUNCT	,
ot	VERB	avoir
la	DET	le
graisse	NOUN	graisse
de	ADP	de
aignels	NOUN	agnel
e	CCONJ	et
des	ADP.DET	de.le
multuns	NOUN	moultont
as	VERB	a.le
filz	NOUN	fil
Basan	PROPN	basan
,	PUNCT	,
E	CCONJ	et
les	DET	le
bucs	NOUN	bouc
ot	VERB	avoir
la	DET	le
mule	NOUN	mule
de	ADP	de
furment	NOUN	furement
,	PUNCT	,
e	CCONJ	et
le	DET	le
sanc	NOUN	sanc
de	ADP	de
grape	NOUN	grappe
beust	NOUN	boivre
tres	ADV	très
cler	ADJ	clair
.	PUNCT	.
Engraissiez	VERB	engraisser
est	VERB	estre
li	DET	le
amez	VERB	amer
e	CCONJ	et
recalcitrat	VERB	receltre
,	PUNCT	,
engraissiez	VERB	engraisser
,	PUNCT	,
esaimez	VERB	esmaignier
,	PUNCT	,
ensampliz	VERB	esmansation
.	PUNCT	.
Il	PRON	il
deguerpit	NOUN	deguerfor
Deu	PROPN	dieu
,	PUNCT	,
sun	DET	son
faitur	NOUN	faire
,	PUNCT	,
e	CCONJ	et
dessevrat	VERB	deservir
sei	PRON	soi
de	ADP	de
Deu	PROPN	dieu
,	PUNCT	,
le	DET	le
suen	ADJ	suen
salvable	ADJ	sauvable
.	PUNCT	.
Purvocerent	VERB	proverque
lui	PRON	lui
en	ADP	en
deus	DET	deux
estranges	ADJ	estrange
,	PUNCT	,
e	CCONJ	et
en	ADP	en
abominatiuns	NOUN	abomaindre
a	ADP	a
iracundie	NOUN	iracondie
commoürent	VERB	commuerattre
.	PUNCT	.
Il	PRON	il
sacrifierent	VERB	sacrifier
a	ADP	a
diables	NOUN	dïable
,	PUNCT	,
e	CCONJ	et
nient	ADV	néant
a	ADP	a
Deu	PROPN	dieu
,	PUNCT	,
as	VERB	a.le
deus	DET	deux
lesquels	DET	lequel
il	PRON	il
ne	ADV	ne
cunuisseient	VERB	consivre
.	PUNCT	.
Nuvel	ADJ	nul
e	CCONJ	et
fressissant	ADJ	fraisnes
vindrent	VERB	venir
,	PUNCT	,
lesquels	DET	lequel
ne	ADV	ne
cultiverent	VERB	cultelité
li	DET	le
pere	NOUN	père
d'	ADP	de
els	PRON	eux
.	PUNCT	.
Deu	PROPN	dieu
chi	PRON	ci
tei	PRON	toi
engendrat	VERB	engendrer
deguerpissis	NOUN	deguerfoigne
,	PUNCT	,
e	CCONJ	et
oblias	VERB	oblïer
le	DET	le
Seignor	NOUN	seignor
,	PUNCT	,
tun	DET	ton
creatur	NOUN	créatur
.	PUNCT	.
Vit	VERB	vëoir
li	DET	le
Sire	NOUN	seignor
,	PUNCT	,
e	CCONJ	et
a	ADP	a
iracundie	NOUN	iracondie
comoüz	NOUN	commovoir
est	VERB	estre
;	PUNCT	;
kar	CCONJ	car
purvocherent	VERB	provoquer
lui	PRON	lui
li	DET	le
suen	ADJ	suen
fil	NOUN	fil
e	CCONJ	et
ses	DET	son
filles	NOUN	fille
.	PUNCT	.
E	CCONJ	et
dist	VERB	dire
:	PUNCT	:
Je	PRON	je
repundrai	VERB	repundre
la	DET	le
meie	ADJ	mien
face	VERB	faire
de	ADP	de
els	PRON	eux
,	PUNCT	,
e	CCONJ	et
esguarderai	VERB	égarder
les	DET	le
desrainetez	VERB	deraisnier
de	ADP	de
els	PRON	eux
.	PUNCT	.
Kar	CCONJ	car
la	DET	le
generatiun	NOUN	génération
est	VERB	estre
purverse	NOUN	prover
,	PUNCT	,
e	CCONJ	et
nient	ADV	néant
fitheil	NOUN	fitale
li	DET	le
fil	NOUN	fil
.	PUNCT	.
Il	PRON	il
methesme	ADJ	metre
mei	PRON	moi
purvocherent	VERB	provoquer
en	ADP	en
icelui	DET	cil
chi	PRON	ci
ne	ADV	ne
esteit	VERB	estre
deus	DET	deux
,	PUNCT	,
e	CCONJ	et
entrainnerent	VERB	entrementre
en	ADP	en
lur	DET	leur
vanitet	NOUN	venité
.	PUNCT	.
E	CCONJ	et
je	PRON	je
purvocherai	VERB	provoquer
els	PRON	eux
en	ADP	en
icelui	DET	cil
chi	PRON	ci
nen	NOUN	ne
est	VERB	estre
poples	NOUN	peuple
,	PUNCT	,
e	CCONJ	et
en	ADP	en
fole	ADJ	fol
gent	NOUN	gent
entarierai	VERB	entreenir
els	PRON	eux
.	PUNCT	.
Fuus	NOUN	ful
est	VERB	estre
espris	NOUN	esprendre
en	ADP	en
la	DET	le
meie	ADJ	mien
fuirur	NOUN	fureur
,	PUNCT	,
e	CCONJ	et
ardrat	VERB	ardre
desque	ADP	desque
as	VERB	a.le
derainetez	ADJ	derainere
de	ADP	de
enfern	NOUN	enfer
.	PUNCT	.
E	CCONJ	et
devorerat	VERB	devoir
la	DET	le
tere	NOUN	terre
ot	VERB	avoir
sun	DET	son
germine	ADJ	germin
,	PUNCT	,
e	CCONJ	et
les	DET	le
fundemenz	NOUN	fondement
des	ADP.DET	de.le
monz	NOUN	mont
ardrat	VERB	ardre
.	PUNCT	.
Je	PRON	je
assemblerai	VERB	assembler
sur	ADP	sur
els	PRON	eux
males	NOUN	mal
coses	NOUN	chose
,	PUNCT	,
e	CCONJ	et
les	DET	le
meies	ADJ	mien
sajetes	NOUN	savoir
aemplirai	VERB	amelir
en	ADP	en
els	PRON	eux
.	PUNCT	.
Serunt	VERB	estre
deguastet	VERB	degueter
par	ADP	par
faim	NOUN	faim
,	PUNCT	,
e	CCONJ	et
devorerunt	VERB	devorer
els	PRON	eux
oisel	NOUN	oisel
par	ADP	par
mult	ADV	moult
amer	VERB	amer
mors	NOUN	mors
.	PUNCT	.
Denz	NOUN	dent
de	ADP	de
bestes	NOUN	beste
enveierai	VERB	envoyer
en	ADP	en
els	PRON	eux
,	PUNCT	,
ot	VERB	avoir
fuirur	NOUN	fureur
detraianz	VERB	detraine
sur	ADP	sur
tere	NOUN	terre
,	PUNCT	,
e	CCONJ	et
des	ADP.DET	de.le
rampanz	VERB	ramper
.	PUNCT	.
Defors	ADV	defors
guasterat	VERB	gaster
els	PRON	eux
glaive	NOUN	glaive
,	PUNCT	,
e	CCONJ	et
dedenz	ADP	dedenz
poür	NOUN	pouvoir
;	PUNCT	;
Juvencel	PROPN	jouvent-ceun
ensembleement	VERB	ensemblement
e	CCONJ	et
virgine	ADJ	vigir
,	PUNCT	,
aleitant	VERB	aler
ot	VERB	avoir
vieil	NOUN	vieux
hume	NOUN	homme
.	PUNCT	.
E	CCONJ	et
je	PRON	je
dis	VERB	dire
:	PUNCT	:
U	DET	ou
sunt	VERB	être
-	PUNCT	-
il	PRON	il
?	PUNCT	?
Cesser	VERB	cesser
ferai	VERB	faire
de	ADP	de
humes	NOUN	homme
la	DET	le
memorie	NOUN	memorie
de	ADP	de
icels	DET	cil
.	PUNCT	.
Mais	CCONJ	mais
pur	ADP	pour
l'	DET	le
ire	NOUN	ire
de	ADP	de
lur	DET	leur
enemis	NOUN	ennemi
purlugnai	NOUN	prulogne
,	PUNCT	,
que	SCONJ	que
par	ADP	par
aventure	NOUN	aventure
ne	ADV	ne
s'	DET	soi
enorguillissent	VERB	enorgueillos
lur	DET	leur
enemis	NOUN	ennemi
;	PUNCT	;
E	CCONJ	et
desissent	VERB	desser
:	PUNCT	:
La	DET	le
nostre	DET	notre
main	NOUN	main
est	VERB	estre
halte	ADJ	haut
,	PUNCT	,
e	CCONJ	et
nient	ADV	néant
li	DET	le
Sire	NOUN	seignor
fist	VERB	faire
tutes	DET	tous
ices	DET	cist
coses	NOUN	chose
.	PUNCT	.
La	DET	le
gent	NOUN	gent
sanz	ADP	sans
cunseil	NOUN	conseil
est	VERB	estre
e	CCONJ	et
sanz	ADP	sans
cuintise	NOUN	cuidier
;	PUNCT	;
la	DET	le
meie	ADJ	mien
volentet	VERB	volenté
soüssent	VERB	savoir
e	CCONJ	et
entendissent	VERB	entendre
,	PUNCT	,
e	CCONJ	et
les	DET	le
derainetez	ADJ	derainere
purveïssent	VERB	pruverse
.	PUNCT	.
Cum	X	comme
faiterement	NOUN	faitement
parsivent	NOUN	parser
uns	DET	un
mil	DET	mil
,	PUNCT	,
e	CCONJ	et
dui	PRON	deus
caceassent	VERB	chaseauté
dis	VERB	dire
milliers	NOUN	milier
?	PUNCT	?
Dum	NOUN	donc
n'	ADV	ne
est	VERB	estre
pur	ADP	pour
ice	PRON	ice
que	SCONJ	que
lur	DET	leur
deus	DET	deux
vendit	VERB	vendre
els	PRON	eux
,	PUNCT	,
e	CCONJ	et
li	DET	le
Sire	NOUN	seignor
conclust	VERB	conclure
els	PRON	eux
?	PUNCT	?
Nient	ADV	néant
acertes	ADV	à.certes
est	VERB	estre
li	DET	le
nostre	DET	notre
Deus	PROPN	dieu
sicume	SCONJ	sicomme
li	DET	le
deus	DET	deux
de	ADP	de
icels	DET	cil
,	PUNCT	,
e	CCONJ	et
li	DET	le
nostre	DET	notre
enemi	NOUN	ennemi
sunt	VERB	être
jugeür	NOUN	jugeur
.	PUNCT	.
De	ADP	de
la	DET	le
vigne	NOUN	vigne
des	ADP.DET	de.le
Sodomiens	NOUN	soudomine
la	DET	le
vigne	NOUN	vigne
de	ADP	de
cels	DET	cel
,	PUNCT	,
e	CCONJ	et
des	ADP.DET	de.le
suzciteains	NOUN	suctionnette
de	ADP	de
Gomorre	PROPN	gormompre
;	PUNCT	;
La	DET	le
grape	NOUN	grappe
de	ADP	de
cels	DET	cel
,	PUNCT	,
grape	NOUN	grappe
de	ADP	de
fiel	NOUN	fiel
,	PUNCT	,
e	CCONJ	et
raisimet	VERB	raisimet
mult	ADV	moult
amer	VERB	amer
.	PUNCT	.
Fiel	NOUN	fiel
de	ADP	de
draguns	NOUN	dragon
le	DET	le
vin	NOUN	vin
de	ADP	de
cels	DET	cel
,	PUNCT	,
e	CCONJ	et
venim	VERB	venir
de	ADP	de
serpenz	NOUN	serpent
neient	VERB	néant
sanable	ADJ	sameil
.	PUNCT	.
Dumne	DET	donner
sunt	VERB	être
ices	DET	cist
coses	NOUN	chose
repostes	NOUN	repondre
envers	ADP	envers
mei	PRON	moi
,	PUNCT	,
e	CCONJ	et
signez	VERB	signer
en	ADP	en
mes	DET	mais
tresors	NOUN	tresor
?	PUNCT	?
Meie	CCONJ	mien
est	VERB	estre
venjance	NOUN	vengeance
,	PUNCT	,
e	CCONJ	et
je	PRON	je
regueredurrai	VERB	reguerdonner
a	ADP	a
els	PRON	eux
an	ADP	en
tens	NOUN	tens
,	PUNCT	,
cururst	VERB	courir
li	DET	le
piez	NOUN	pié
de	ADP	de
icels	DET	cil
.	PUNCT	.
Dejuste	NOUN	desjeteu
est	VERB	estre
li	DET	le
jur	NOUN	jour
de	ADP	de
perdiciun	NOUN	perdition
,	PUNCT	,
e	CCONJ	et
a	ADP	a
estre	VERB	estre
sei	PRON	soi
hastent	VERB	haster
li	DET	le
tens	NOUN	tens
.	PUNCT	.
Jugerat	PROPN	juger
li	DET	le
Sire	NOUN	seignor
sun	DET	son
pople	NOUN	peuple
,	PUNCT	,
e	CCONJ	et
en	ADP	en
ses	DET	son
sers	NOUN	serf
aurat	VERB	avoir
merci	NOUN	merci
.	PUNCT	.
Verrat	VERB	voirre
que	SCONJ	que
enfermethé	NOUN	enfermeté
seit	VERB	être
la	DET	le
main	NOUN	main
,	PUNCT	,
e	CCONJ	et
li	DET	le
enclos	VERB	enclore
ne	ADV	ne
fistrent	VERB	faire
,	PUNCT	,
e	CCONJ	et
li	DET	le
altre	ADJ	autre
deguastet	VERB	degueter
sunt	VERB	être
.	PUNCT	.
E	CCONJ	et
il	PRON	il
dirat	VERB	dire
:	PUNCT	:
U	DET	ou
sunt	VERB	être
li	DET	le
deu	ADP.DET	deux
de	ADP	de
icels	DET	cil
,	PUNCT	,
es	ADP.DET	en.le
quels	DET	quel
il	PRON	il
aveient	VERB	avoir
fiance	NOUN	fïance
?	PUNCT	?
Des	ADP.DET	de.le
sacrifices	NOUN	sacrifice
desquels	DET	de.lequel
il	PRON	il
manjoent	VERB	mangier
graises	NOUN	graise
,	PUNCT	,
e	CCONJ	et
beveient	VERB	bevoire
vin	NOUN	vin
des	ADP.DET	de.le
sacrifices	NOUN	sacrifice
.	PUNCT	.
Esdrecent	VERB	esdresser
sei	PRON	soi
,	PUNCT	,
ajudent	VERB	ajudit
a	ADP	a
vus	PRON	vous
,	PUNCT	,
e	CCONJ	et
en	ADP	en
necessitet	ADJ	nécestir
vus	PRON	vous
defendent	VERB	defendre
.	PUNCT	.
Veiez	VERB	voir
que	SCONJ	que
je	PRON	je
sui	VERB	estre
suls	NOUN	sul
,	PUNCT	,
e	CCONJ	et
nen	NOUN	ne
est	VERB	estre
altre	ADJ	autre
deus	DET	deux
estre	VERB	estre
mei	PRON	moi
.	PUNCT	.
Je	PRON	je
ocirai	VERB	occire
e	CCONJ	et
je	PRON	je
vivre	VERB	vivre
ferai	VERB	faire
;	PUNCT	;
je	PRON	je
ferrai	VERB	ferir
e	CCONJ	et
je	PRON	je
sanerai	VERB	senardire
,	PUNCT	,
e	CCONJ	et
nen	NOUN	ne
est	VERB	estre
qui	PRON	qui
de	ADP	de
la	DET	le
meie	ADJ	mien
main	NOUN	main
puisse	VERB	pöoir
delivrer	VERB	delivrer
.	PUNCT	.
Je	PRON	je
leverai	VERB	lever
al	ADP.DET	à.le
ciel	NOUN	ciel
la	DET	le
meie	ADJ	mien
main	NOUN	main
,	PUNCT	,
e	CCONJ	et
dirai	VERB	dire
:	PUNCT	:
Je	PRON	je
vif	ADJ	vif
en	ADP	en
parmenabletet	NOUN	parmentierme
.	PUNCT	.
Si	ADV	si
je	PRON	je
aguiserai	VERB	ajassir
sicume	SCONJ	sicomme
fuldre	NOUN	fudre
la	DET	le
meie	ADJ	mien
spethe	NOUN	septe
,	PUNCT	,
e	CCONJ	et
ravirunt	VERB	ravir
jugement	NOUN	jugement
les	DET	le
meies	ADJ	mien
mains	NOUN	main
,	PUNCT	,
Je	PRON	je
rendrai	VERB	rendre
venjance	NOUN	vengeance
a	ADP	a
mes	DET	mais
enemis	NOUN	ennemi
,	PUNCT	,
e	CCONJ	et
a	ADP	a
ces	DET	ce
chi	PRON	ci
haïrent	VERB	haïr
mei	PRON	moi
reguerredurrai	VERB	reguerdonner
.	PUNCT	.
Je	PRON	je
eniverai	VERB	envirer
mes	DET	mais
sajetes	NOUN	savoir
de	ADP	de
sanc	NOUN	sanc
,	PUNCT	,
e	CCONJ	et
li	DET	le
miens	ADJ	mien
glaives	NOUN	glaive
devorerat	VERB	devoir
les	DET	le
chars	NOUN	char
,	PUNCT	,
Del	ADP.DET	de.le
sanc	NOUN	sanc
des	ADP.DET	de.le
ocis	VERB	ocire
e	CCONJ	et
de	ADP	de
la	DET	le
caitivitet	NOUN	caitifier
,	PUNCT	,
del	ADP.DET	de.le
denué	VERB	denoner
chiés	NOUN	chief
des	ADP.DET	de.le
anemis	NOUN	ennemi
.	PUNCT	.
Loez	VERB	louer
,	PUNCT	,
genz	NOUN	gent
,	PUNCT	,
le	DET	le
pople	NOUN	peuple
de	ADP	de
lui	PRON	lui
;	PUNCT	;
kar	CCONJ	car
le	DET	le
sanc	NOUN	sanc
de	ADP	de
ses	DET	son
sers	NOUN	serf
il	PRON	il
venjerat	VERB	vengier
.	PUNCT	.
En	ADP	en
venjance	NOUN	vengeance
reguerredunerat	VERB	reguerredon
es	ADP.DET	en.le
enemis	NOUN	ennemi
de	ADP	de
cels	DET	cel
,	PUNCT	,
e	CCONJ	et
pardunable	ADJ	pradiquande
serat	VERB	être
a	ADP	a
la	DET	le
terre	NOUN	terre
de	ADP	de
sun	DET	son
pople	NOUN	peuple
.	PUNCT	.
YMNUS	X	minus
TRIUM	PROPN	triju
PUERORUM	PROPN	puiror
.	PUNCT	.
Beneïssiez	VERB	bénir
,	PUNCT	,
vos	PRON	vos
,	PUNCT	,
tutes	DET	tous
wevres	NOUN	werve
de	ADP	de
Damnedeu	PROPN	damedieu
,	PUNCT	,
beneïssez	VERB	bénir
al	ADP.DET	à.le
Seignur	NOUN	seigneur
;	PUNCT	;
loez	VERB	louer
e	CCONJ	et
souressalciez	VERB	sourrastel
lui	PRON	lui
es	ADP.DET	en.le
siecles	NOUN	siècle
.	PUNCT	.
Beneïssez	VERB	bénir
,	PUNCT	,
vus	PRON	vous
,	PUNCT	,
angele	NOUN	angele
de	ADP	de
Damnedeu	PROPN	damedieu
,	PUNCT	,
al	ADP.DET	à.le
Seignur	NOUN	seigneur
;	PUNCT	;
beneïssez	VERB	bénir
vus	PRON	vous
,	PUNCT	,
ciel	NOUN	ciel
,	PUNCT	,
a	ADP	a
Damnedeu	PROPN	damedieu
.	PUNCT	.
Beneïssez	VERB	bénir
,	PUNCT	,
tutes	DET	tous
ewes	NOUN	eau
ki	PRON	qui
sur	ADP	sur
les	DET	le
ciels	NOUN	ciel
estes	VERB	estre
,	PUNCT	,
a	ADP	a
Damnedeu	PROPN	damedieu
;	PUNCT	;
beneïssez	VERB	bénir
,	PUNCT	,
vus	PRON	vous
,	PUNCT	,
tutes	DET	tous
vertuz	NOUN	vertu
de	ADP	de
Damnedeu	PROPN	damedieu
,	PUNCT	,
al	ADP.DET	à.le
Seignur	NOUN	seigneur
.	PUNCT	.
Soleilz	PROPN	soleil
e	CCONJ	et
lune	NOUN	lune
,	PUNCT	,
beneïssez	VERB	bénir
a	ADP	a
Damnedeu	PROPN	damedieu
;	PUNCT	;
beneïssez	VERB	bénir
,	PUNCT	,
vus	PRON	vous
,	PUNCT	,
esteilles	NOUN	éteille
del	ADP.DET	de.le
ciel	NOUN	ciel
,	PUNCT	,
a	ADP	a
Damnedeu	PROPN	damedieu
.	PUNCT	.
Pluie	NOUN	pluie
e	CCONJ	et
rousée	NOUN	roseler
,	PUNCT	,
beneïssez	VERB	bénir
a	ADP	a
Damnedeu	PROPN	damedieu
;	PUNCT	;
beneïssez	VERB	bénir
,	PUNCT	,
tuit	DET	tot
esperit	NOUN	esperir
de	ADP	de
Deu	PROPN	dieu
,	PUNCT	,
a	ADP	a
Damnedeu	PROPN	damedieu
.	PUNCT	.
Beneïssed	VERB	bénir
,	PUNCT	,
o	ADP	o
tu	PRON	tu
,	PUNCT	,
fous	NOUN	fous
,	PUNCT	,
e	CCONJ	et
tu	PRON	tu
,	PUNCT	,
chauz	NOUN	chaloir
,	PUNCT	,
a	ADP	a
Damnedeu	PROPN	damedieu
;	PUNCT	;
beneïssez	VERB	bénir
,	PUNCT	,
tu	PRON	tu
,	PUNCT	,
freidours	NOUN	fraindre
,	PUNCT	,
e	CCONJ	et
tu	PRON	tu
,	PUNCT	,
estez	VERB	estre
,	PUNCT	,
a	ADP	a
Damnedeu	PROPN	damedieu
.	PUNCT	.
Beneïssez	VERB	bénir
,	PUNCT	,
o	ADP	o
vus	PRON	vous
,	PUNCT	,
rousées	NOUN	rosele
,	PUNCT	,
e	CCONJ	et
tu	PRON	tu
,	PUNCT	,
rimée	NOUN	rimere
,	PUNCT	,
a	ADP	a
Damnedeu	PROPN	damedieu
;	PUNCT	;
beneïssez	VERB	bénir
,	PUNCT	,
tu	PRON	tu
,	PUNCT	,
giel	NOUN	giel
,	PUNCT	,
e	CCONJ	et
tu	PRON	tu
,	PUNCT	,
freidure	NOUN	freidure
,	PUNCT	,
a	ADP	a
Damnedeu	PROPN	damedieu
.	PUNCT	.
Beneïssez	VERB	bénir
tu	PRON	tu
,	PUNCT	,
glace	NOUN	glace
,	PUNCT	,
e	CCONJ	et
vos	PRON	vos
,	PUNCT	,
neifs	NOUN	naif
,	PUNCT	,
a	ADP	a
Damnedeu	PROPN	damedieu
;	PUNCT	;
beneïssez	VERB	bénir
vus	PRON	vous
,	PUNCT	,
nuiz	NOUN	nuit
e	CCONJ	et
jurs	NOUN	jur
,	PUNCT	,
a	ADP	a
Damnedeu	PROPN	damedieu
.	PUNCT	.
Beneïssez	VERB	bénir
,	PUNCT	,
tu	PRON	tu
,	PUNCT	,
luiserne	NOUN	luisir
,	PUNCT	,
e	CCONJ	et
vus	PRON	vous
,	PUNCT	,
teniebres	NOUN	tenir
,	PUNCT	,
a	ADP	a
Damnedeu	PROPN	damedieu
;	PUNCT	;
beneïssez	VERB	bénir
,	PUNCT	,
vus	PRON	vous
,	PUNCT	,
fuildre	NOUN	foudre
,	PUNCT	,
e	CCONJ	et
nues	ADJ	nu
,	PUNCT	,
a	ADP	a
Damnedeu	PROPN	damedieu
.	PUNCT	.
Beneïsse	PROPN	bénir
terre	NOUN	terre
a	ADP	a
Damnedeu	PROPN	damedieu
;	PUNCT	;
lout	DET	louer
e	CCONJ	et
souressalzt	NOUN	sourrenter
lui	PRON	lui
es	ADP.DET	en.le
siecles	NOUN	siècle
.	PUNCT	.
Beneïssez	VERB	bénir
,	PUNCT	,
vus	PRON	vous
,	PUNCT	,
munt	NOUN	mont
e	CCONJ	et
tertre	NOUN	tertre
,	PUNCT	,
a	ADP	a
Damnedeu	PROPN	damedieu
;	PUNCT	;
beneïssez	VERB	bénir
vus	PRON	vous
,	PUNCT	,
tutes	DET	tous
riens	NOUN	rien
germnanz	NOUN	germand
en	ADP	en
terre	NOUN	terre
,	PUNCT	,
a	ADP	a
Damnedeu	PROPN	damedieu
.	PUNCT	.
Beneïssez	VERB	bénir
,	PUNCT	,
vus	PRON	vous
,	PUNCT	,
funtaines	NOUN	fontaine
,	PUNCT	,
al	ADP.DET	à.le
Seignur	NOUN	seigneur
;	PUNCT	;
beneïssez	VERB	bénir
,	PUNCT	,
mers	NOUN	mer
e	CCONJ	et
fluives	NOUN	fluver
,	PUNCT	,
a	ADP	a
Damnedeu	PROPN	damedieu
.	PUNCT	.
Beneïssez	VERB	bénir
,	PUNCT	,
vus	PRON	vous
,	PUNCT	,
baleines	NOUN	baloin
e	CCONJ	et
tutes	DET	tous
riens	NOUN	rien
ki	PRON	qui
sunt	VERB	être
moües	DET	movoir
en	ADP	en
ewes	NOUN	eau
,	PUNCT	,
al	ADP.DET	à.le
Seignur	NOUN	seigneur
.	PUNCT	.
Beneïssez	VERB	bénir
,	PUNCT	,
tuit	DET	tot
oisel	NOUN	oisel
del	ADP.DET	de.le
ciel	NOUN	ciel
,	PUNCT	,
a	ADP	a
Damnedeu	PROPN	damedieu
.	PUNCT	.
Beneïssez	VERB	bénir
,	PUNCT	,
vus	PRON	vous
,	PUNCT	,
tutes	DET	tous
fieres	NOUN	ferir
bestes	NOUN	beste
et	CCONJ	et
bisses	ADJ	bis
,	PUNCT	,
al	ADP.DET	à.le
Seignur	NOUN	seigneur
;	PUNCT	;
beneïssez	VERB	bénir
,	PUNCT	,
vus	PRON	vous
,	PUNCT	,
fil	NOUN	fil
des	ADP.DET	de.le
hummes	NOUN	homme
,	PUNCT	,
a	ADP	a
Damnedeu	PROPN	damedieu
.	PUNCT	.
Beneïssed	VERB	bénir
Israhel	PROPN	irasse
a	ADP	a
Damnedeu	PROPN	damedieu
;	PUNCT	;
lout	DET	louer
e	CCONJ	et
suressalzt	NOUN	surexhausser
lui	PRON	lui
es	ADP.DET	en.le
siecles	NOUN	siècle
.	PUNCT	.
Beneïssez	VERB	bénir
,	PUNCT	,
vus	PRON	vous
,	PUNCT	,
preveire	NOUN	previre
Damnedeu	PROPN	damedieu
,	PUNCT	,
al	ADP.DET	à.le
Seignur	NOUN	seigneur
.	PUNCT	.
Beneïssez	VERB	bénir
,	PUNCT	,
vus	PRON	vous
,	PUNCT	,
serf	NOUN	serf
Damnedeu	PROPN	damedieu
,	PUNCT	,
al	ADP.DET	à.le
Seignur	NOUN	seigneur
.	PUNCT	.
Beneïssez	VERB	bénir
,	PUNCT	,
vus	PRON	vous
,	PUNCT	,
esperit	NOUN	esperir
,	PUNCT	,
e	CCONJ	et
vus	PRON	vous
,	PUNCT	,
anmes	NOUN	enme
des	ADP.DET	de.le
justes	NOUN	juste
,	PUNCT	,
al	ADP.DET	à.le
Seignur	NOUN	seigneur
;	PUNCT	;
beneïssez	VERB	bénir
,	PUNCT	,
vus	PRON	vous
,	PUNCT	,
saint	ADJ	saint
,	PUNCT	,
e	CCONJ	et
vus	PRON	vous
,	PUNCT	,
humle	ADJ	humel
par	ADP	par
cuer	NOUN	cuer
,	PUNCT	,
a	ADP	a
Damnedeu	PROPN	damedieu
.	PUNCT	.
Beneïssez	VERB	bénir
,	PUNCT	,
vus	PRON	vous
trei	NOUN	trois
,	PUNCT	,
Ananie	PROPN	annaiier
,	PUNCT	,
Azarie	PROPN	azarie
,	PUNCT	,
Mysahel	PROPN	misame
,	PUNCT	,
a	ADP	a
Damnedeu	PROPN	damedieu
;	PUNCT	;
loez	VERB	louer
e	CCONJ	et
suressalciez	NOUN	surexhausser
lui	PRON	lui
es	ADP.DET	en.le
siecles	NOUN	siècle
.	PUNCT	.
Beneïssums	PROPN	bénir
le	DET	le
Pere	NOUN	père
e	CCONJ	et
le	DET	le
Fil	NOUN	fil
od	ADP	o
le	DET	le
Saint	ADJ	saint
Esperit	NOUN	esprit
;	PUNCT	;
lowm	X	loumer
e	CCONJ	et
suressalçum	NOUN	surexhausse
lui	PRON	lui
es	ADP.DET	en.le
siecles	NOUN	siècle
.	PUNCT	.
Beneeiz	PROPN	benëir
ies	VERB	ies
,	PUNCT	,
o	ADP	o
Sire	NOUN	seignor
,	PUNCT	,
el	ADP.DET	en.le
firmament	NOUN	firmane
del	ADP.DET	de.le
ciel	NOUN	ciel
,	PUNCT	,
e	CCONJ	et
loables	ADJ	loalais
e	CCONJ	et
glorious	ADJ	glorieux
et	CCONJ	et
suressalciez	NOUN	surexhausser
es	ADP.DET	en.le
siecles	NOUN	siècle
.	PUNCT	.
TE	PRON	te
DEUM	PROPN	dieu
.	PUNCT	.
Sire	NOUN	seignor
,	PUNCT	,
tei	PRON	toi
Deu	PROPN	dieu
loüms	NOUN	louer
,	PUNCT	,
tei	PRON	toi
Seignur	NOUN	seigneur
regehïsums	VERB	rejehir
.	PUNCT	.
Tei	PRON	toi
parmenable	ADJ	permanable
Perre	NOUN	père
henoured	NOUN	honorer
tute	DET	tout
terre	NOUN	terre
,	PUNCT	,
A	ADP	a
tei	PRON	toi
tuit	DET	tot
li	DET	le
angle	NOUN	ange
,	PUNCT	,
a	ADP	a
tei	PRON	toi
li	DET	le
ciel	NOUN	ciel
e	CCONJ	et
tutes	DET	tous
poestez	NOUN	poësté
,	PUNCT	,
A	ADP	a
tei	PRON	toi
cherubin	NOUN	cherbion
e	CCONJ	et
seraphin	NOUN	servir
,	PUNCT	,
cil	DET	cel
ordnes	NOUN	ordre
des	ADP.DET	de.le
angles	NOUN	ange
,	PUNCT	,
par	ADP	par
voiz	NOUN	voiz
nient	ADV	néant
cessable	NOUN	cessable
escrient	VERB	écrire
:	PUNCT	:
Sainz	ADJ	saint
,	PUNCT	,
sainz	ADJ	saint
,	PUNCT	,
sainz	ADJ	saint
,	PUNCT	,
Damnesdeus	PROPN	damedieu
Sabaot	PROPN	sabatre
.	PUNCT	.
Plain	ADJ	plein
sunt	VERB	être
li	DET	le
ciel	NOUN	ciel
e	CCONJ	et
la	DET	le
terre	NOUN	terre
de	ADP	de
la	DET	le
majesté	NOUN	majesté
de	ADP	de
ta	DET	ton
gloire	NOUN	gloire
.	PUNCT	.
Tei	PRON	toi
lowed	VERB	louer
li	DET	le
glorious	ADJ	glorieux
cuers	NOUN	cuer
des	ADP.DET	de.le
apostles	NOUN	apostle
,	PUNCT	,
Tei	PRON	toi
li	DET	le
loables	ADJ	loalais
numbres	NOUN	nombre
des	ADP.DET	de.le
prophetes	NOUN	prophète
.	PUNCT	.
Tei	PRON	toi
lowed	VERB	louer
li	DET	le
enblanchiz	NOUN	enclambre
oz	NOUN	ost
des	ADP.DET	de.le
martirs	NOUN	martir
.	PUNCT	.
Tei	PRON	toi
regehist	VERB	regier
sainte	ADJ	saint
Eglise	NOUN	église
par	ADP	par
le	DET	le
cercle	NOUN	cercle
des	ADP.DET	de.le
terres	NOUN	terre
,	PUNCT	,
Le	DET	le
Perre	NOUN	père
de	ADP	de
grant	ADJ	grant
majesté	NOUN	majesté
,	PUNCT	,
Le	DET	le
tuen	ADJ	tien
enourable	NOUN	onorable
veir	NOUN	vair
e	CCONJ	et
un	DET	un
soul	NOUN	sol
Fil	NOUN	fil
,	PUNCT	,
Le	DET	le
saint	ADJ	saint
neis	NOUN	naistre
confortable	NOUN	conforter
Esperit	NOUN	esprit
.	PUNCT	.
Tu	PRON	tu
,	PUNCT	,
reis	NOUN	roi
de	ADP	de
gloire	NOUN	gloire
,	PUNCT	,
o	ADP	o
Crist	PROPN	crist
,	PUNCT	,
tu	PRON	tu
ies	VERB	ies
parmenables	ADJ	permanable
Filz	NOUN	fil
de	ADP	de
Deu	PROPN	dieu
le	DET	le
Perre	NOUN	père
.	PUNCT	.
Tu	PRON	tu
receus	NOUN	recevoir
houme	NOUN	homme
a	ADP	a
delivrer	VERB	delivrer
le	DET	le
,	PUNCT	,
ne	ADV	ne
turnas	VERB	tourner
a	ADP	a
hisdour	NOUN	hisdre
le	DET	le
ventre	NOUN	ventre
de	ADP	de
la	DET	le
Virgne	ADJ	vigre
.	PUNCT	.
Tu	PRON	tu
,	PUNCT	,
vencu	VERB	venir
l'	DET	le
aguillun	NOUN	augleni
de	ADP	de
mort	NOUN	mort
,	PUNCT	,
aüvris	VERB	avoir
as	VERB	a.le
creanz	NOUN	crëant
les	DET	le
reignes	NOUN	reigne
des	ADP.DET	de.le
ciels	NOUN	ciel
.	PUNCT	.
Tu	PRON	tu
siez	VERB	sëoir
a	ADP	a
la	DET	le
destre	ADJ	destre
Deu	PROPN	dieu
en	ADP	en
la	DET	le
gloire	NOUN	gloire
del	ADP.DET	de.le
Perre	NOUN	père
.	PUNCT	.
Tu	PRON	tu
ies	VERB	ies
creüz	VERB	croire
a	ADP	a
venir	VERB	venir
estre	VERB	estre
jugiere	NOUN	juger
.	PUNCT	.
Tei	PRON	toi
gierre	VERB	guerre
preiums	NOUN	prison
,	PUNCT	,
sucur	NOUN	surcur
a	ADP	a
tes	DET	ton
servanz	NOUN	servir
,	PUNCT	,
ke	SCONJ	que
tu	PRON	tu
as	VERB	a.le
rachatez	VERB	racheter
par	ADP	par
precius	ADJ	precieux
sanc	NOUN	sanc
.	PUNCT	.
Fai	VERB	faire
les	DET	le
estre	VERB	estre
gueredunez	VERB	guerdonner
de	ADP	de
parmenable	ADJ	permanable
gloire	NOUN	gloire
od	ADP	o
tes	DET	ton
sainz	ADJ	saint
.	PUNCT	.
Salf	ADJ	sauf
fai	VERB	faire
tun	DET	ton
pueple	NOUN	peuple
,	PUNCT	,
Sire	NOUN	seignor
,	PUNCT	,
e	CCONJ	et
si	ADV	si
beneïs	ADJ	benëir
a	ADP	a
la	DET	le
towe	ADJ	tout
herité	NOUN	hérité
;	PUNCT	;
E	CCONJ	et
guverne	NOUN	guevrent
les	DET	le
,	PUNCT	,
e	CCONJ	et
essalce	NOUN	essalage
les	DET	le
jusque	ADP	jusque
en	ADP	en
parmenableté	NOUN	permanableté
.	PUNCT	.
Par	ADP	par
chascuns	DET	chascun
jurz	NOUN	jour
nus	DET	nul
beneïssum	ADJ	bénir
tei	PRON	toi
,	PUNCT	,
E	CCONJ	et
loüm	NOUN	louer
le	DET	le
tuen	ADJ	tien
num	DET	nom
el	ADP.DET	en.le
siecle	NOUN	siècle
,	PUNCT	,
e	CCONJ	et
el	ADP.DET	en.le
siecle	NOUN	siècle
del	ADP.DET	de.le
siecle	NOUN	siècle
.	PUNCT	.
Deigne	PROPN	deignier
,	PUNCT	,
Sire	NOUN	seignor
,	PUNCT	,
en	ADP	en
cest	DET	cest
jurn	NOUN	jour
senz	ADP	sans
pecchié	NOUN	pechié
nus	DET	nul
guarder	VERB	garder
.	PUNCT	.
Aies	PROPN	aixe
merci	NOUN	merci
de	ADP	de
nus	DET	nul
,	PUNCT	,
Sire	NOUN	seignor
,	PUNCT	,
aies	NOUN	avoir
merci	NOUN	merci
de	ADP	de
nus	DET	nul
.	PUNCT	.
Seit	VERB	être
feite	VERB	faire
la	DET	le
tue	ADJ	tien
merciz	NOUN	merci
,	PUNCT	,
Sire	NOUN	seignor
,	PUNCT	,
sur	ADP	sur
nus	DET	nul
,	PUNCT	,
senun	ADJ	seing
ceo	DET	ce
que	SCONJ	que
nus	DET	nul
esperames	NOUN	espérer
en	ADP	en
tei	PRON	toi
.	PUNCT	.
En	ADP	en
tei	PRON	toi
,	PUNCT	,
Sire	NOUN	seignor
,	PUNCT	,
ai	VERB	avoir
jeo	PRON	je
esperé	NOUN	esperer
;	PUNCT	;
ne	ADV	ne
serai	VERB	estre
cunfunduz	VERB	confondre
en	ADP	en
parmanable	ADJ	permanable
.	PUNCT	.
PROPHETIA	VERB	prophetier
ZACHARIAE	VERB	aschatre
Beneeid	VERB	benëir
seit	VERB	être
Damnesdeus	PROPN	damedieu
de	ADP	de
Israhel	PROPN	irasse
,	PUNCT	,
kar	CCONJ	car
il	PRON	il
revisdad	VERB	refaidir
e	CCONJ	et
si	ADV	si
fist	VERB	faire
raençun	NOUN	raisnance
de	ADP	de
seon	DET	sëoir
people	NOUN	peuple
.	PUNCT	.
E	CCONJ	et
si	ADV	si
esdreçad	VERB	esdresser
le	DET	le
corn	NOUN	corne
de	ADP	de
salud	NOUN	salut
a	ADP	a
nuns	DET	nous
en	ADP	en
la	DET	le
meisun	NOUN	maison
de	ADP	de
David	PROPN	david
,	PUNCT	,
seon	DET	sëoir
enfant	NOUN	enfant
.	PUNCT	.
Sicum	DET	sicomme
il	PRON	il
parlad	VERB	parler
par	ADP	par
la	DET	le
buche	NOUN	bouche
des	ADP.DET	de.le
sainz	ADJ	saint
,	PUNCT	,
ki	PRON	qui
des	ADP.DET	de.le
le	DET	le
secle	NOUN	scel
sunt	VERB	être
des	ADP.DET	de.le
prophetes	NOUN	prophète
de	ADP	de
lui	PRON	lui
,	PUNCT	,
Salud	PROPN	salut
de	ADP	de
noz	DET	notre
enemis	NOUN	ennemi
e	CCONJ	et
de	ADP	de
la	DET	le
main	NOUN	main
de	ADP	de
trestud	VERB	trestot
ki	PRON	qui
nuns	DET	nous
haïrent	VERB	haïr
,	PUNCT	,
A	ADP	a
faire	VERB	faire
misericorde	NOUN	miséricorde
od	ADP	o
noz	DET	notre
peres	NOUN	père
,	PUNCT	,
e	CCONJ	et
remembrer	VERB	remembrer
de	ADP	de
suen	ADJ	suen
saint	ADJ	saint
testament	NOUN	testament
;	PUNCT	;
Le	DET	le
seirement	NOUN	sairement
que	SCONJ	que
il	PRON	il
jurad	VERB	jurer
a	ADP	a
Abraham	PROPN	abraham
,	PUNCT	,
nostre	DET	notre
pere	NOUN	père
,	PUNCT	,
a	ADP	a
duner	VERB	donner
sei	PRON	soi
a	ADP	a
nus	DET	nul
;	PUNCT	;
Que	CCONJ	que
senz	ADP	sans
poür	NOUN	pouvoir
,	PUNCT	,
de	ADP	de
la	DET	le
mein	NOUN	mener
de	ADP	de
noz	DET	notre
enemis	NOUN	ennemi
delivré	VERB	delivrer
servums	ADJ	servise
a	ADP	a
lui	PRON	lui
,	PUNCT	,
En	ADP	en
seinteed	VERB	saintement
e	CCONJ	et
en	ADP	en
justise	NOUN	justicier
devant	ADP	devant
lui	PRON	lui
tuz	DET	tous
noz	DET	notre
jurz	NOUN	jour
.	PUNCT	.
E	CCONJ	et
tu	PRON	tu
,	PUNCT	,
emfes	NOUN	enfant
,	PUNCT	,
prophete	NOUN	prophete
del	ADP.DET	de.le
Tres	ADV	très
Alt	PROPN	aler
seras	VERB	estre
apeled	VERB	apeler
;	PUNCT	;
devant	ADP	devant
iras	NOUN	aller
acertes	ADV	à.certes
devant	ADP	devant
la	DET	le
face	VERB	faire
del	ADP.DET	de.le
Seignur	NOUN	seigneur
,	PUNCT	,
apareiler	VERB	apareillier
les	DET	le
veies	NOUN	voie
de	ADP	de
lui	PRON	lui
,	PUNCT	,
A	ADP	a
duner	VERB	donner
science	NOUN	science
de	ADP	de
salud	NOUN	salut
al	ADP.DET	à.le
pople	NOUN	peuple
de	ADP	de
lui	PRON	lui
,	PUNCT	,
en	ADP	en
pardun	NOUN	pardon
de	ADP	de
lur	DET	leur
pechied	NOUN	pechié
,	PUNCT	,
Par	ADP	par
les	DET	le
entrailes	NOUN	entraille
de	ADP	de
la	DET	le
misericorde	NOUN	miséricorde
de	ADP	de
nostre	DET	notre
Deu	PROPN	dieu
,	PUNCT	,
es	ADP.DET	en.le
quels	DET	quel
il	PRON	il
visitad	VERB	vistir
nuns	DET	nous
,	PUNCT	,
neisand	VERB	naint
de	ADP	de
halt	ADJ	haut
,	PUNCT	,
Enluminer	VERB	enluminer
a	ADP	a
cez	DET	ce
ki	PRON	qui
en	ADP	en
teniebres	NOUN	tenir
e	CCONJ	et
en	ADP	en
umbre	NOUN	ombre
de	ADP	de
mort	NOUN	mort
sient	VERB	seint
,	PUNCT	,
a	ADP	a
esdrecier	VERB	esdresser
noz	DET	notre
piez	NOUN	pié
en	ADP	en
la	DET	le
veie	NOUN	voie
de	ADP	de
peis	NOUN	pais
.	PUNCT	.
CANTICUM	X	canticum
SANCTAE	PROPN	sancatte
MARIAE	NOUN	marie
.	PUNCT	.
Magnified	PROPN	magnifier
la	DET	le
meie	ADJ	mien
anme	NOUN	enme
Damnedeu	PROPN	damedieu
;	PUNCT	;
E	CCONJ	et
esjoïd	VERB	esjöir
sei	PRON	soi
mis	VERB	metre
espirid	NOUN	esprit
en	ADP	en
Deu	PROPN	dieu
,	PUNCT	,
mun	DET	mon
salveür	NOUN	sauveur
.	PUNCT	.
Ker	PROPN	car
il	PRON	il
reguardad	VERB	regarder
la	DET	le
humilité	NOUN	humilité
de	ADP	de
sa	DET	son
ancele	NOUN	ancele
:	PUNCT	:
estevus	NOUN	esteu
adecertes	NOUN	adceret
de	ADP	de
ceo	DET	ce
beneürée	NOUN	benëir
me	PRON	je
dirrunt	VERB	droit
tutes	DET	tous
generatiuns	NOUN	génération
;	PUNCT	;
Kar	CCONJ	car
cil	DET	cel
fist	VERB	faire
a	ADP	a
mei	PRON	moi
granz	ADJ	grant
choses	NOUN	chose
ki	PRON	qui
puisanz	ADJ	puissant
est	VERB	estre
,	PUNCT	,
e	CCONJ	et
le	DET	le
seint	ADJ	saint
nun	NOUN	non
de	ADP	de
lui	PRON	lui
.	PUNCT	.
E	CCONJ	et
la	DET	le
misericorde	NOUN	miséricorde
de	ADP	de
lui	PRON	lui
de	ADP	de
lignede	NOUN	ligne
en	ADP	en
lignedes	NOUN	ligne
as	VERB	a.le
cremanz	VERB	crïemment
lui	PRON	lui
.	PUNCT	.
Il	PRON	il
fist	VERB	faire
puisance	NOUN	puissance
en	ADP	en
sun	DET	son
braz	NOUN	braz
,	PUNCT	,
desparpeilat	VERB	despartir
les	DET	le
orguilus	NOUN	orgueil
en	ADP	en
la	DET	le
pensé	NOUN	penser
de	ADP	de
sun	DET	son
quer	CCONJ	querre
.	PUNCT	.
Il	PRON	il
deposad	VERB	déposer
les	DET	le
puisanz	ADJ	puissant
del	ADP.DET	de.le
siege	NOUN	siege
,	PUNCT	,
e	CCONJ	et
esalcead	VERB	es.ledac
les	DET	le
humles	ADJ	humel
.	PUNCT	.
Les	DET	le
fameilanz	NOUN	femaille
emplid	VERB	emplir
de	ADP	de
biens	NOUN	bien
,	PUNCT	,
e	CCONJ	et
les	DET	le
riches	ADJ	riche
leisad	VERB	laissier
veins	NOUN	venir
.	PUNCT	.
Receut	PROPN	recevoir
Israel	PROPN	irast
sun	DET	son
enfant	NOUN	enfant
,	PUNCT	,
si	ADV	si
se	PRON	se
recorded	VERB	recorder
de	ADP	de
sa	DET	son
misericorde	NOUN	miséricorde
.	PUNCT	.
Sicum	DET	sicomme
il	PRON	il
parlad	VERB	parler
a	ADP	a
noz	DET	notre
perres	NOUN	père
,	PUNCT	,
a	ADP	a
Abraham	PROPN	abraham
e	CCONJ	et
a	ADP	a
la	DET	le
semence	NOUN	semence
de	ADP	de
lui	PRON	lui
,	PUNCT	,
es	ADP.DET	en.le
siecles	NOUN	siècle
.	PUNCT	.
CANTICUM	X	canticum
SIMEONIS	ADJ	simonse
Or	ADV	or
leises	NOUN	laissier
tu	PRON	tu
tun	DET	ton
serf	NOUN	serf
,	PUNCT	,
o	ADP	o
tu	PRON	tu
,	PUNCT	,
Sire	NOUN	seignor
,	PUNCT	,
selunc	ADJ	selon
ta	DET	ton
parole	NOUN	parole
,	PUNCT	,
en	ADP	en
peis	NOUN	pais
;	PUNCT	;
Ker	PROPN	car
li	DET	le
mien	ADJ	mien
oil	NOUN	oui
virent	VERB	vëoir
tun	DET	ton
salvable	ADJ	sauvable
,	PUNCT	,
Lequel	DET	lequel
tu	PRON	tu
apareilas	VERB	apareillier
devant	ADP	devant
la	DET	le
face	VERB	faire
de	ADP	de
tuz	DET	tous
puples	NOUN	puple
,	PUNCT	,
Lumiere	NOUN	luminté
a	ADP	a
la	DET	le
revelation	NOUN	reveller
des	ADP.DET	de.le
genz	NOUN	gent
,	PUNCT	,
e	CCONJ	et
la	DET	le
glorie	NOUN	glorie
de	ADP	de
tun	DET	ton
puple	NOUN	puple
Israël	PROPN	irast
.	PUNCT	.
GLORIA	PROPN	gloripas
IN	PRON	instre
EXCELSIS	ADJ	excelsant
.	PUNCT	.
Gloire	PROPN	gloire
es	ADP.DET	en.le
suveraines	NOUN	souverain
halteces	NOUN	hautece
a	ADP	a
Deu	PROPN	dieu
,	PUNCT	,
E	CCONJ	et
en	ADP	en
terre	NOUN	terre
paiz	NOUN	pait
as	VERB	a.le
houmes	NOUN	homme
de	ADP	de
bone	ADJ	bon
volenté	NOUN	volenté
.	PUNCT	.
Nus	DET	nul
loüms	NOUN	louer
tei	PRON	toi
,	PUNCT	,
Beneïssums	PROPN	bénir
tei	PRON	toi
,	PUNCT	,
aourums	VERB	aorer
tei	PRON	toi
.	PUNCT	.
Glorifiums	PROPN	glorifion
tei	PRON	toi
.	PUNCT	.
Graeces	PROPN	grâce
faimes	NOUN	faime
a	ADP	a
tei	PRON	toi
pour	ADP	pour
ta	DET	ton
grant	ADJ	grant
gloire	NOUN	gloire
.	PUNCT	.
Damnes	NOUN	dame
Deus	PROPN	dieu
,	PUNCT	,
reis	NOUN	roi
celestres	NOUN	celer
;	PUNCT	;
Deus	PROPN	dieu
Pere	NOUN	père
tut	DET	tout
-	PUNCT	-
puissanz	ADJ	poissant
;	PUNCT	;
Sire	NOUN	seignor
Filz	NOUN	fil
,	PUNCT	,
un	DET	un
sul	DET	seul
engenuid	VERB	engendois
,	PUNCT	,
Jesu	PROPN	jesus
Crist	PROPN	crist
;	PUNCT	;
Sire	NOUN	seignor
Deus	PROPN	dieu
,	PUNCT	,
agnels	NOUN	agnel
de	ADP	de
Deu	PROPN	dieu
,	PUNCT	,
Filz	NOUN	fil
del	ADP.DET	de.le
Pere	NOUN	père
,	PUNCT	,
Ki	PRON	qui
tols	NOUN	tous
les	DET	le
pechiez	NOUN	pechié
del	ADP.DET	de.le
mund	NOUN	monde
,	PUNCT	,
aies	NOUN	avoir
merci	NOUN	merci
de	ADP	de
nus	DET	nul
.	PUNCT	.
Tu	PRON	tu
ki	PRON	qui
tols	NOUN	tous
les	DET	le
pechiez	NOUN	pechié
del	ADP.DET	de.le
mund	NOUN	monde
,	PUNCT	,
receif	NOUN	recevoir
nostre	DET	notre
depreiement	ADV	derriébement
.	PUNCT	.
Ki	PRON	qui
siez	VERB	sëoir
a	ADP	a
la	DET	le
destre	ADJ	destre
del	ADP.DET	de.le
Pere	NOUN	père
,	PUNCT	,
aies	NOUN	avoir
merci	NOUN	merci
de	ADP	de
nuns	DET	nous
.	PUNCT	.
Ker	PROPN	car
tu	PRON	tu
souls	NOUN	sous
sainz	ADJ	saint
,	PUNCT	,
Tu	PRON	tu
souls	NOUN	sous
Sire	NOUN	seignor
,	PUNCT	,
Tu	PRON	tu
souls	NOUN	sous
Altismes	ADJ	atismetse
,	PUNCT	,
Jesu	PROPN	jesus
Crist	PROPN	crist
,	PUNCT	,
Od	ADP	o
le	DET	le
Saint	ADJ	saint
Esperit	NOUN	esprit
en	ADP	en
gloire	NOUN	gloire
de	ADP	de
Deu	PROPN	dieu
le	DET	le
Pere	NOUN	père
.	PUNCT	.
Certeinement	PROPN	certeinement
.	PUNCT	.
ORATIO	PROPN	oration
DOMINICA	PROPN	dominicu
.	PUNCT	.
Li	DET	le
nostre	DET	notre
Perre	NOUN	père
,	PUNCT	,
ki	PRON	qui
ies	VERB	ies
es	ADP.DET	en.le
ciels	NOUN	ciel
,	PUNCT	,
seit	VERB	être
seintefiez	NOUN	saintéfier
li	DET	le
tuns	DET	ton
nuns	DET	nous
.	PUNCT	.
Avienget	PROPN	advenir
le	DET	le
tuens	ADJ	tien
regnes	NOUN	renge
.	PUNCT	.
Seit	VERB	être
feite	VERB	faire
la	DET	le
tue	ADJ	tien
volentez	NOUN	volenté
,	PUNCT	,
sicum	DET	sicomme
en	ADP	en
ciel	NOUN	ciel
e	CCONJ	et
en	ADP	en
la	DET	le
terra	VERB	terre
.	PUNCT	.
Nostre	DET	notre
pein	NOUN	peindre
chaskejurnel	NOUN	chasquesure
dune	PRON	donner
nus	DET	nul
hoi	ADV	hoi
,	PUNCT	,
E	CCONJ	et
pardune	NOUN	pardoner
a	ADP	a
nus	DET	nul
les	DET	le
noz	DET	notre
detes	NOUN	deter
sicum	DET	sicomme
nus	DET	nul
pardununs	NOUN	perdre
a	ADP	a
noz	DET	notre
deturs	NOUN	detruier
,	PUNCT	,
E	CCONJ	et
ne	ADV	ne
nus	DET	nul
meines	NOUN	mener
en	ADP	en
tenteisun	NOUN	tentesil
;	PUNCT	;
Meis	CCONJ	mais
delivre	ADJ	delivre
nus	DET	nul
de	ADP	de
mal	NOUN	mal
.	PUNCT	.
Issi	VERB	issi
seit	VERB	être
.	PUNCT	.
SYMBOLUM	PROPN	simplom
APOSTOLORUM	X	apostoler
.	PUNCT	.
Jeo	PRON	je
crei	VERB	croire
en	ADP	en
Deu	PROPN	dieu
,	PUNCT	,
le	DET	le
Perre	NOUN	père
tut	DET	tout
-	PUNCT	-
puant	VERB	pouvoir
,	PUNCT	,
le	DET	le
criatur	NOUN	crïature
de	ADP	de
ciel	NOUN	ciel
e	CCONJ	et
de	ADP	de
terre	NOUN	terre
,	PUNCT	,
e	CCONJ	et
en	ADP	en
Jesu	PROPN	jesus
Crist	PROPN	crist
,	PUNCT	,
sun	DET	son
fil	NOUN	fil
uniel	DET	uniel
,	PUNCT	,
nostre	DET	notre
Seinur	NOUN	seigneur
,	PUNCT	,
Ki	PRON	qui
conceüz	VERB	concevoir
est	VERB	estre
del	ADP.DET	de.le
Seint	ADJ	saint
Espirit	NOUN	esprit
,	PUNCT	,
nez	VERB	naistre
de	ADP	de
Marie	PROPN	marie
la	DET	le
ntien	NOUN	mettre
Pilate	PROPN	pilate
,	PUNCT	,
crucifiez	VERB	crucifier
,	PUNCT	,
morz	VERB	morir
e	CCONJ	et
seveliz	VERB	savoir
.	PUNCT	.
Descendied	VERB	descendre
as	VERB	a.le
enfers	NOUN	enfer
,	PUNCT	,
el	ADP.DET	en.le
tierz	ADJ	tierz
jurn	NOUN	jour
relevad	VERB	relever
de	ADP	de
morz	VERB	morir
.	PUNCT	.
Muntad	VERB	monde
as	VERB	a.le
ciels	NOUN	ciel
,	PUNCT	,
siet	VERB	sëoir
a	ADP	a
la	DET	le
destre	ADJ	destre
de	ADP	de
Deu	PROPN	dieu
Perre	NOUN	père
trestut	DET	trestot
-	PUNCT	-
puant	VERB	pouvoir
.	PUNCT	.
D'	ADP	de
iluc	ADV	iluec
est	VERB	estre
a	ADP	a
venir	VERB	venir
jugier	VERB	jugier
les	DET	le
vis	NOUN	vis
e	CCONJ	et
les	DET	le
morz	VERB	morir
.	PUNCT	.
Jeo	PRON	je
crei	VERB	croire
el	ADP.DET	en.le
Seint	ADJ	saint
Espirit	NOUN	esprit
,	PUNCT	,
seinte	ADJ	saint
Eglise	NOUN	église
catholica	VERB	cathalion
,	PUNCT	,
la	DET	le
communiun	NOUN	communion
des	ADP.DET	de.le
seintes	VERB	saint
choses	NOUN	chose
,	PUNCT	,
remissiun	NOUN	rempision
des	ADP.DET	de.le
pecchiez	NOUN	pechié
,	PUNCT	,
resurrecciun	NOUN	résurchérir
de	ADP	de
charn	NOUN	charn
,	PUNCT	,
vie	NOUN	vie
pardurable	ADJ	perdurable
.	PUNCT	.
Seit	VERB	être
feit	VERB	faire
.	PUNCT	.
LA	DET	le
COMUNE	ADJ	commun
FEI	NOUN	faire
.	PUNCT	.
Ki	PRON	qui
unques	ADV	onque
vult	DET	voloir
salf	ADJ	sauf
estre	VERB	estre
,	PUNCT	,
devant	ADP	devant
tutes	DET	tous
choses	NOUN	chose
est	VERB	estre
busuin	NOUN	besunt
que	SCONJ	que
il	PRON	il
tienge	NOUN	tenir
la	DET	le
comune	ADJ	commun
fei	NOUN	foi
;	PUNCT	;
Laquele	DET	lequel
se	PRON	se
chascun	DET	chascun
entiere	ADJ	entier
e	CCONJ	et
nient	ADV	néant
malmise	VERB	maumetre
ne	ADV	ne
guarderat	VERB	garder
,	PUNCT	,
senz	ADP	sans
dutance	NOUN	dotance
pardurablement	NOUN	perdurable
perirat	VERB	perir
.	PUNCT	.
Iceste	ADJ	cist
est	VERB	estre
acertes	ADV	à.certes
la	DET	le
commune	ADJ	commun
fei	NOUN	foi
,	PUNCT	,
que	SCONJ	que
un	DET	un
Deu	PROPN	dieu
en	ADP	en
ternité	NOUN	ternité
,	PUNCT	,
e	CCONJ	et
la	DET	le
ternité	NOUN	ternité
en	ADP	en
unité	NOUN	unité
unurum	VERB	honnur
;	PUNCT	;
Ne	CCONJ	ne
mie	ADV	mie
confundanz	VERB	confondre
les	DET	le
persones	NOUN	personne
,	PUNCT	,
ne	ADV	ne
de	ADP	de
la	DET	le
substance	NOUN	subplet
desevranz	VERB	desevrer
.	PUNCT	.
Altre	ADJ	autre
est	VERB	estre
acertes	ADV	à.certes
la	DET	le
persone	NOUN	personne
del	ADP.DET	de.le
Perre	NOUN	père
,	PUNCT	,
altre	ADJ	autre
del	ADP.DET	de.le
Fiz	NOUN	fils
,	PUNCT	,
altre	ADJ	autre
del	ADP.DET	de.le
Seint	ADJ	saint
Espirit	NOUN	esprit
.	PUNCT	.
Meis	CCONJ	mais
del	ADP.DET	de.le
Perre	NOUN	père
e	CCONJ	et
del	ADP.DET	de.le
Fiz	NOUN	fils
e	CCONJ	et
del	ADP.DET	de.le
Seint	ADJ	saint
Espirit	NOUN	esprit
une	DET	un
est	VERB	estre
divinited	ADJ	divintine
,	PUNCT	,
uele	NOUN	uele
glorie	NOUN	glorie
,	PUNCT	,
ensemble	ADV	ensemble
pardurable	ADJ	perdurable
majested	NOUN	majesté
.	PUNCT	.
Quels	DET	quel
est	VERB	estre
li	DET	le
Perres	NOUN	père
,	PUNCT	,
taels	NOUN	tail
est	VERB	estre
li	DET	le
Fiz	NOUN	fils
,	PUNCT	,
taels	NOUN	tail
est	VERB	estre
li	DET	le
Seinz	ADJ	saint
Espirit	NOUN	esprit
.	PUNCT	.
Nient	ADV	néant
cried	VERB	crier
li	DET	le
Perres	NOUN	père
,	PUNCT	,
nient	ADV	néant
cried	VERB	crier
li	DET	le
Fiz	NOUN	fils
,	PUNCT	,
nient	ADV	néant
cried	VERB	crier
li	DET	le
Seinz	ADJ	saint
Espirid	NOUN	esprit
.	PUNCT	.
Granz	ADJ	grant
li	DET	le
Perres	NOUN	père
,	PUNCT	,
granz	ADJ	grant
li	DET	le
Fiz	NOUN	fils
,	PUNCT	,
granz	ADJ	grant
li	DET	le
Seint	ADJ	saint
Espirid	NOUN	esprit
.	PUNCT	.
Pardurables	ADJ	pardoudandre
le	DET	le
Perre	NOUN	père
,	PUNCT	,
pardurables	ADJ	perdurable
li	DET	le
Fiz	NOUN	fils
,	PUNCT	,
pardurables	ADJ	perdurable
le	DET	le
Seind	ADJ	seindre
Espirid	NOUN	esprit
;	PUNCT	;
E	CCONJ	et
nequedent	ADV	nequedent
ne	ADV	ne
sunt	VERB	être
mie	ADV	mie
treis	DET	traire
pardurable	ADJ	perdurable
,	PUNCT	,
meis	DET	mais
uns	DET	un
pardurables	ADJ	perdurable
.	PUNCT	.
Sicume	ADJ	sicomme
ne	ADV	ne
sunt	VERB	être
treis	DET	traire
nient	ADV	néant
cried	VERB	crier
ne	ADV	ne
treis	DET	traire
granz	ADJ	grant
,	PUNCT	,
meis	DET	mais
uns	DET	un
nient	ADV	néant
criez	VERB	crïer
e	CCONJ	et
uns	DET	un
grand	ADJ	grand
;	PUNCT	;
Ensement	ADV	ensement
trestut	DET	trestot
puanz	ADJ	pouvoir
li	DET	le
Perre	NOUN	père
,	PUNCT	,
trestut	DET	trestot
puisanz	ADJ	puissant
li	DET	le
Fiz	NOUN	fils
,	PUNCT	,
trestut	DET	trestot
puisanz	ADJ	puissant
li	DET	le
Seinz	ADJ	saint
Espiriz	NOUN	esprit
.	PUNCT	.
E	CCONJ	et
nequedent	ADV	nequedent
nient	ADV	néant
treis	DET	traire
trestut	DET	trestot
puisanz	ADJ	puissant
,	PUNCT	,
meis	DET	mais
uns	DET	un
trestut	DET	trestot
puisanz	ADJ	puissant
.	PUNCT	.
Issi	VERB	issi
feitierement	NOUN	faitement
deus	DET	deux
est	VERB	estre
Perre	NOUN	père
,	PUNCT	,
deus	DET	deux
est	VERB	estre
Filz	NOUN	fil
,	PUNCT	,
deus	DET	deux
est	VERB	estre
Seint	ADJ	saint
Espirid	NOUN	esprit
.	PUNCT	.
E	CCONJ	et
nequedent	ADV	nequedent
ne	ADV	ne
mie	ADV	mie
tres	ADV	très
deus	DET	deux
,	PUNCT	,
meis	DET	mais
uns	DET	un
est	VERB	estre
Deus	PROPN	dieu
.	PUNCT	.
Issi	VERB	issi
feitierement	NOUN	faitement
sires	NOUN	seignor
li	DET	le
Perre	NOUN	père
,	PUNCT	,
sires	NOUN	seignor
li	DET	le
Fiz	NOUN	fils
,	PUNCT	,
sires	NOUN	seignor
li	DET	le
Seinz	ADJ	saint
Espirid	NOUN	esprit
.	PUNCT	.
E	CCONJ	et
nequedent	ADV	nequedent
ne	ADV	ne
mie	ADV	mie
treis	DET	traire
seinurs	NOUN	seigneur
,	PUNCT	,
meis	DET	mais
uns	DET	un
est	VERB	estre
sires	NOUN	seignor
.	PUNCT	.
Ker	PROPN	car
sicume	SCONJ	sicomme
senglement	NOUN	sanglement
chascune	DET	chascun
persone	NOUN	personne
Deu	PROPN	dieu
u	CCONJ	ou
seinur	NOUN	seigneur
regehir	VERB	regier
par	ADP	par
chrestiene	NOUN	chrétien
verité	NOUN	vérité
sumes	NOUN	sume
debuté	NOUN	débuter
,	PUNCT	,
Issi	VERB	issi
feitierement	NOUN	faitement
treis	DET	traire
deus	DET	deux
u	CCONJ	ou
seinurs	NOUN	seigneur
dirre	VERB	dire
par	ADP	par
commune	ADJ	commun
religion	NOUN	religion
sumes	NOUN	sume
deveed	ADP	devaire
.	PUNCT	.
Li	DET	le
Perre	NOUN	père
de	ADP	de
nul	DET	nul
n'	ADV	ne
est	VERB	estre
feiz	NOUN	faire
,	PUNCT	,
ne	ADV	ne
criez	VERB	crïer
ne	ADV	ne
engendrez	VERB	engendrer
.	PUNCT	.
Li	DET	le
Fiz	NOUN	fils
del	ADP.DET	de.le
Perre	NOUN	père
sul	DET	seul
est	VERB	estre
,	PUNCT	,
nient	ADV	néant
feiz	NOUN	faire
ne	ADV	ne
criez	VERB	crïer
,	PUNCT	,
meis	DET	mais
engendrez	VERB	engendrer
.	PUNCT	.
Li	DET	le
Seinz	ADJ	saint
Espirid	NOUN	esprit
del	ADP.DET	de.le
Perre	NOUN	père
e	CCONJ	et
del	ADP.DET	de.le
Fiz	NOUN	fils
,	PUNCT	,
ne	ADV	ne
feiz	NOUN	faire
ne	ADV	ne
criez	VERB	crïer
ne	ADV	ne
engendrez	VERB	engendrer
,	PUNCT	,
meis	DET	mais
avant	ADV	avant
eisuz	NOUN	aise
.	PUNCT	.
Dunches	NOUN	donc
est	VERB	estre
uns	DET	un
Perre	NOUN	père
,	PUNCT	,
nient	ADV	néant
treis	DET	traire
perres	NOUN	père
;	PUNCT	;
uns	DET	un
Filz	NOUN	fil
,	PUNCT	,
nient	ADV	néant
treis	DET	traire
Fiz	NOUN	fils
;	PUNCT	;
uns	DET	un
Seind	ADJ	seindre
Espiriz	NOUN	esprit
,	PUNCT	,
nient	ADV	néant
treis	DET	traire
Seint	ADJ	saint
Espirit	NOUN	esprit
.	PUNCT	.
Et	CCONJ	et
en	ADP	en
iceste	DET	cist
trinited	NOUN	trinde
nule	DET	nul
chose	NOUN	chose
primes	NOUN	prim
u	CCONJ	ou
dereins	NOUN	deraisnier
,	PUNCT	,
nule	DET	nul
chose	NOUN	chose
greindre	ADJ	graindre
u	CCONJ	ou
meindre	ADJ	mener
;	PUNCT	;
Meis	CCONJ	mais
tute	DET	tout
les	DET	le
treis	DET	traire
persones	NOUN	personne
ensemble	ADV	ensemble
pardurables	ADJ	perdurable
a	ADP	a
els	PRON	eux
meesmes	ADJ	même
sunt	VERB	être
e	CCONJ	et
ensemble	ADV	ensemble
ueles	NOUN	il
.	PUNCT	.
Issi	VERB	issi
que	SCONJ	que
par	ADP	par
tutes	DET	tous
choses	NOUN	chose
,	PUNCT	,
sicum	DET	sicomme
ja	ADV	ja
surdite	VERB	surdit
chose	NOUN	chose
est	VERB	estre
,	PUNCT	,
e	CCONJ	et
la	DET	le
ternitez	NOUN	ternité
en	ADP	en
unité	NOUN	unité
,	PUNCT	,
e	CCONJ	et
la	DET	le
unitez	NOUN	unité
en	ADP	en
ternité	NOUN	ternité
seit	VERB	être
a	ADP	a
hunurer	VERB	honorer
.	PUNCT	.
Ki	PRON	qui
vult	DET	voloir
dunc	ADV	donc
salf	ADJ	sauf
estre	VERB	estre
,	PUNCT	,
issi	VERB	issir
de	ADP	de
la	DET	le
Ternité	NOUN	ternité
sented	ADJ	sentir
.	PUNCT	.
Meis	CCONJ	mais
busuinable	NOUN	besublinge
chose	NOUN	chose
est	VERB	estre
a	ADP	a
la	DET	le
pardurable	ADJ	perdurable
salud	NOUN	salut
,	PUNCT	,
que	SCONJ	que
la	DET	le
encarnatiun	NOUN	encartanc
acertes	ADV	à.certes
de	ADP	de
nostre	DET	notre
Seinur	NOUN	seigneur
Jesu	PROPN	jesus
Crist	PROPN	crist
fedeilment	NOUN	ferdilement
creied	VERB	croixier
.	PUNCT	.
Est	VERB	estre
dunkes	NOUN	donc
feiz	NOUN	faire
dreituriere	ADJ	droiturier
que	SCONJ	que
nus	DET	nul
creüms	VERB	croistre
e	CCONJ	et
regehissuns	NOUN	resgairir
ker	CCONJ	car
nostre	DET	notre
Sire	NOUN	seignor
Jesus	PROPN	jesus
Crist	PROPN	crist
,	PUNCT	,
fiz	NOUN	fils
Deu	PROPN	dieu
,	PUNCT	,
est	VERB	estre
Deus	PROPN	dieu
e	CCONJ	et
huem	NOUN	homme
.	PUNCT	.
Deus	PROPN	dieu
est	VERB	estre
de	ADP	de
la	DET	le
sustance	NOUN	sustace
del	ADP.DET	de.le
Perre	NOUN	père
devant	ADP	devant
sicles	NOUN	sicel
engendrez	VERB	engendrer
,	PUNCT	,
e	CCONJ	et
huem	NOUN	homme
est	VERB	estre
de	ADP	de
la	DET	le
sustance	NOUN	sustace
de	ADP	de
sa	DET	son
mere	NOUN	mere
,	PUNCT	,
en	ADP	en
siecle	NOUN	siècle
ned	VERB	ne.il
.	PUNCT	.
Parfaiz	NOUN	parfait
Deus	PROPN	dieu
,	PUNCT	,
parfiz	ADJ	parfir
huem	NOUN	homme
,	PUNCT	,
de	ADP	de
anme	NOUN	enme
reidnable	ADJ	reindambre
e	CCONJ	et
de	ADP	de
humeine	ADJ	huminer
charn	NOUN	charn
permenand	VERB	permandre
.	PUNCT	.
Ewels	PROPN	aelle
al	ADP.DET	à.le
Perre	NOUN	père
selunc	ADJ	selon
la	DET	le
divinité	NOUN	divinité
,	PUNCT	,
meindre	ADJ	mener
del	ADP.DET	de.le
Perre	NOUN	père
selunc	ADJ	selon
humanited	NOUN	humandité
.	PUNCT	.
Liquels	DET	lequel
ja	ADV	ja
seit	VERB	être
ceo	DET	ce
que	SCONJ	que
il	PRON	il
seit	VERB	être
Deus	PROPN	dieu
e	CCONJ	et
huem	NOUN	homme
,	PUNCT	,
nient	ADV	néant
dui	PRON	deus
nequedent	ADV	nequedent
,	PUNCT	,
meis	DET	mais
uns	DET	un
est	VERB	estre
Crist	PROPN	crist
.	PUNCT	.
Uns	DET	un
acertes	ADV	à.certes
nient	ADV	néant
par	ADP	par
le	DET	le
tresturnement	NOUN	trestorner
de	ADP	de
la	DET	le
divinité	NOUN	divinité
en	ADP	en
charn	NOUN	charn
,	PUNCT	,
meis	DET	mais
par	ADP	par
la	DET	le
pernance	NOUN	pernance
del	ADP.DET	de.le
humanité	NOUN	hommanité
en	ADP	en
Deu	PROPN	dieu
.	PUNCT	.
Uns	DET	un
de	ADP	de
tut	DET	tout
en	ADP	en
tut	DET	tout
nient	ADV	néant
par	ADP	par
la	DET	le
cunfusiun	NOUN	confusion
de	ADP	de
la	DET	le
sustance	NOUN	sustace
,	PUNCT	,
meis	DET	mais
par	ADP	par
la	DET	le
unité	NOUN	unité
de	ADP	de
persone	NOUN	personne
.	PUNCT	.
Ker	PROPN	car
sicume	SCONJ	sicomme
l'	DET	le
alme	NOUN	alem
reidnable	ADJ	reindambre
e	CCONJ	et
la	DET	le
charns	NOUN	charn
est	VERB	estre
uns	DET	un
huem	NOUN	homme
,	PUNCT	,
issi	VERB	issir
Deus	PROPN	dieu
e	CCONJ	et
huem	NOUN	homme
est	VERB	estre
uns	DET	un
Crist	PROPN	crist
;	PUNCT	;
Ki	PRON	qui
suffrid	NOUN	suffir
peainnes	NOUN	peine
pur	ADP	pour
nostre	DET	notre
salud	NOUN	salut
,	PUNCT	,
descendit	VERB	descendre
as	VERB	a.le
enfers	NOUN	enfer
,	PUNCT	,
el	ADP.DET	en.le
tierz	ADJ	tierz
jurn	NOUN	jour
se	PRON	se
esdreçad	VERB	esdresser
de	ADP	de
mort	NOUN	mort
.	PUNCT	.
Muntad	VERB	monde
es	ADP.DET	en.le
ciels	NOUN	ciel
,	PUNCT	,
siet	VERB	sëoir
a	ADP	a
la	DET	le
destre	ADJ	destre
Deu	PROPN	dieu
le	DET	le
Perre	NOUN	père
trestut	DET	trestot
puisant	ADJ	pöoir
,	PUNCT	,
d'	ADP	de
iluc	ADV	iluec
est	VERB	estre
a	ADP	a
venir	VERB	venir
jugier	VERB	jugier
les	DET	le
vis	NOUN	vis
e	CCONJ	et
les	DET	le
morz	VERB	morir
.	PUNCT	.
Al	ADP.DET	à.le
qui	PRON	qui
avenement	NOUN	avenir
tuz	DET	tous
humes	NOUN	homme
unt	VERB	avoir
a	ADP	a
esdrecier	VERB	esdresser
od	ADP	o
lur	DET	leur
cors	NOUN	cors
,	PUNCT	,
e	CCONJ	et
unt	VERB	avoir
a	ADP	a
rendre	VERB	rendre
de	ADP	de
lur	DET	leur
feiz	NOUN	faire
demenies	VERB	demener
reisun	NOUN	raison
.	PUNCT	.
E	CCONJ	et
qui	PRON	qui
biens	NOUN	bien
firent	VERB	faire
irunt	VERB	aller
en	ADP	en
vie	NOUN	vie
parmanable	ADJ	permanable
;	PUNCT	;
ki	PRON	qui
acertes	ADV	à.certes
mal	NOUN	mal
,	PUNCT	,
el	ADP.DET	en.le
fuu	NOUN	feu
parmanable	ADJ	permanable
.	PUNCT	.
Ceste	DET	cest
est	VERB	estre
la	DET	le
feiz	NOUN	faire
commune	ADJ	commun
,	PUNCT	,
laquele	DET	lequel
quicunkes	DET	quiconque
fedeilement	NOUN	ferdiement
e	CCONJ	et
fermement	NOUN	fermement
ne	ADV	ne
crerrad	VERB	croire
,	PUNCT	,
salfs	ADJ	sauf
estre	VERB	estre
ne	ADV	ne
purrad	VERB	pouvoir
.	PUNCT	.
PSALMUS	NOUN	passil
CLI	DET	celtre
.	PUNCT	.
Ceste	DET	cest
salme	NOUN	pasmer
demeniement	NOUN	demener
est	VERB	estre
escrite	VERB	écriter
de	ADP	de
David	PROPN	david
,	PUNCT	,
e	CCONJ	et
si	ADV	si
est	VERB	estre
defors	ADP	defors
le	DET	le
numbre	NOUN	nombre
des	ADP.DET	de.le
cent	DET	cent
cinquante	DET	cinquante
salmes	NOUN	pasmer
;	PUNCT	;
ceste	DET	cest
fist	VERB	faire
il	PRON	il
quant	SCONJ	cant
il	PRON	il
cumbatit	VERB	combattre
od	ADP	o
Goliath	PROPN	guilation
.	PUNCT	.
Ceste	DET	cest
salme	NOUN	pasmer
es	ADP.DET	en.le
Ebreus	ADJ	erbre
livres	NOUN	livre
nen	NOUN	ne
est	VERB	estre
heue	NOUN	heue
,	PUNCT	,
meis	DET	mais
des	ADP.DET	de.le
setante	NOUN	septener
entrepreturs	NOUN	entreprendre
est	VERB	estre
ajustet	VERB	ajuster
,	PUNCT	,
e	CCONJ	et
pur	ADP	pour
ceo	DET	ce
feit	VERB	faire
a	ADP	a
refuser	VERB	refuser
.	PUNCT	.
Jeo	PRON	je
ere	NOUN	ere
petringneth	NOUN	petitrence
entre	ADP	entre
mes	DET	mais
freres	NOUN	frere
;	PUNCT	;
e	CCONJ	et
plus	ADV	plus
jusnes	NOUN	jusen
en	ADP	en
la	DET	le
meisun	NOUN	maison
mun	DET	mon
pere	NOUN	père
,	PUNCT	,
jeo	PRON	je
peisseie	NOUN	paistre
les	DET	le
oueiles	NOUN	oeille
mun	DET	mon
pere	NOUN	père
.	PUNCT	.
Mes	CCONJ	mais
meins	NOUN	moins
firent	VERB	faire
le	DET	le
orgne	NOUN	orgue
,	PUNCT	,
e	CCONJ	et
mi	DET	moi
dei	NOUN	devoir
afaiterent	VERB	affaiter
le	DET	le
saltier	NOUN	sautir
.	PUNCT	.
E	CCONJ	et
ki	PRON	qui
annunciad	VERB	annoncation
a	ADP	a
mun	DET	mon
Seinur	NOUN	seigneur
de	ADP	de
mei	PRON	moi
?	PUNCT	?
Mesmes	NOUN	même
li	DET	le
Sires	NOUN	seignor
meme	ADJ	meme
de	ADP	de
tuz	DET	tous
paroït	VERB	paroir
.	PUNCT	.
Il	PRON	il
meme	ADJ	meme
enveiat	VERB	envoyer
sun	DET	son
angele	NOUN	angele
,	PUNCT	,
e	CCONJ	et
portat	VERB	porter
mei	PRON	moi
des	ADP.DET	de.le
ueiles	NOUN	ouille
mun	DET	mon
perre	NOUN	père
,	PUNCT	,
e	CCONJ	et
uinst	VERB	uinet
mei	PRON	moi
en	ADP	en
la	DET	le
misericorde	NOUN	miséricorde
de	ADP	de
sa	DET	son
unccion	NOUN	oncice
.	PUNCT	.
Mes	CCONJ	mais
freres	NOUN	frere
bons	ADJ	bon
e	CCONJ	et
granz	ADJ	grant
,	PUNCT	,
e	CCONJ	et
ne	ADV	ne
fud	VERB	deuf
bon	ADJ	bon
pleisir	NOUN	plaisir
en	ADP	en
els	PRON	eux
al	ADP.DET	à.le
Seinur	NOUN	seigneur
.	PUNCT	.
Jeo	PRON	je
issi	VERB	issir
encontré	VERB	encontrer
un	DET	un
estrange	ADJ	estrange
,	PUNCT	,
e	CCONJ	et
il	PRON	il
me	PRON	je
maldist	VERB	maladtir
en	ADP	en
ses	DET	son
simulacres	NOUN	silquasme
.	PUNCT	.
Jeo	PRON	je
acertes	ADV	à.certes
,	PUNCT	,
treite	ADJ	traire
de	ADP	de
lui	PRON	lui
sa	DET	son
spée	NOUN	sept
,	PUNCT	,
colpai	VERB	coupel
sun	DET	son
chief	NOUN	chief
,	PUNCT	,
e	CCONJ	et
toli	VERB	tolir
la	DET	le
repruce	NOUN	reproche
des	ADP.DET	de.le
fiz	NOUN	fils
Israel	PROPN	irast
.	PUNCT	.
