Se	SCONJ	se
diex	NOUN	dieu
m	DET	me
ait	VERB	avoir
hui	ADV	ui
et	CCONJ	et
demain	ADV	demain
tanz	DET	tant
miracles	NOUN	miralt
me	PRON	je
vient	VERB	venir
a	ADP	a
main	NOUN	main
en	ADP	en
zz	DET	tos
grant	ADJ	grant
livre	NOUN	livre
ou	CCONJ	ou
je	PRON	je
les	DET	le
puis	NOUN	puis
que	SCONJ	que
je	PRON	je
ne	ADV	ne
sai	VERB	savoir
ne	ADV	ne
je	PRON	je
ne	ADV	ne
puis	NOUN	puis
les	DET	le
plus	ADV	plus
plaisans	NOUN	plaisir
chosir	NOUN	choir
n	PUNCT	ne
eslire	VERB	eslire
.	PUNCT	.
Quant	SCONJ	cant
a	ADP	a
la	DET	le
fois	NOUN	fois
repreig	NOUN	reprendre
a	ADP	a
lire	NOUN	lire
ciax	NOUN	cil
qu	SCONJ	que
ariere	NOUN	arrière
ai	VERB	avoir
entrelaissiez	VERB	entrelaissier
lors	ADV	lors
m	DET	me
est	VERB	estre
avis	NOUN	avis
que	SCONJ	que
j	PRON	je
ai	VERB	avoir
laissiez	VERB	laisser
et	CCONJ	et
les	DET	le
meillors	ADJ	meillor
et	CCONJ	et
les	DET	le
plus	ADV	plus
biax	ADJ	bel
.	PUNCT	.
Or	ADV	or
voz	DET	vostre
revueil	NOUN	reveloir
conter	VERB	conter
de	ADP	de
ciax	NOUN	cil
qu	SCONJ	que
entrelaissiez	VERB	entrelaissier
arriere	ADV	ariere
avoie	VERB	avoir
.	PUNCT	.
Et	CCONJ	et
nequedent	ADV	nequedent
j	PRON	je
en	ADP	en
troveroie	VERB	trover
et	CCONJ	et
d	ADP	ad
ausi	ADV	aussi
biax	ADJ	bel
et	CCONJ	et
d	ADP	ad
ausi	ADV	aussi
grans	ADJ	grand
.	PUNCT	.
Mais	CCONJ	mais
pour	ADP	pour
ce	PRON	ce
zz	DET	tos
peu	ADV	peu
en	ADP	en
sui	VERB	estre
engrans	NOUN	engrendre
que	SCONJ	que
la	DET	le
contesse	NOUN	comtesse
ade	NOUN	avoir
m	DET	me
en	ADP	en
prie	VERB	priier
de	ADP	de
soissons	NOUN	soisson
qui	PRON	qui
mout	ADV	mout
est	VERB	estre
m	DET	me
amie	NOUN	ami
et	CCONJ	et
qui	PRON	qui
mout	ADV	mout
aime	NOUN	aimer
de	ADP	de
cuer	NOUN	cuer
fin	NOUN	fin
la	DET	le
mere	NOUN	mere
dieu	VERB	dieu
qui	PRON	qui
boene	ADJ	bon
fin	NOUN	fin
li	DET	le
daint	VERB	deindre
doner	VERB	doner
et	CCONJ	et
boene	ADJ	bon
vie	NOUN	vie
.	PUNCT	.
Et	CCONJ	et
mes	DET	mais
cuers	NOUN	cuer
plus	ADV	plus
tost	DET	tost
s	CCONJ	se
i	ADV	i
raplie	VERB	raplevir
pour	ADP	pour
ce	PRON	ce
qu	SCONJ	que
avinrent	VERB	avenir
a	ADP	a
soissons	NOUN	soisson
ou	CCONJ	ou
me	PRON	je
norri	VERB	norrir
de	ADP	de
ses	DET	son
poissons	NOUN	poisson
de	ADP	de
ses	DET	son
flaons	NOUN	flanc
et	CCONJ	et
de	ADP	de
ses	DET	son
miches	NOUN	miche
mes	DET	mais
sires	NOUN	seignor
sains	ADJ	sain
maars	ADJ	maron
li	DET	le
riches	ADJ	riche
.	PUNCT	.
Quant	SCONJ	cant
a	ADP	a
soissons	NOUN	soisson
tantes	NOUN	tant
gens	NOUN	gens
vinrent	VERB	venir
as	VERB	a.le
granz	ADJ	grant
miracles	NOUN	miralt
qui	PRON	qui
avinrent	VERB	avenir
au	ADP.DET	a.le
saint	ADJ	saint
soller	VERB	solir
la	DET	le
bele	ADJ	bel
dame	NOUN	dame
de	ADP	de
vax	NOUN	val
une	DET	un
mout	ADV	mout
povre	ADJ	pauvre
fame	NOUN	feme
i	ADV	i
aporta	VERB	aporter
un	DET	un
sien	ADJ	sien
enfant	NOUN	enfant
qui	PRON	qui
maladie	ADJ	maladen
avoit	VERB	avoir
si	ADV	si
grant	ADJ	grant
que	SCONJ	que
feuz	NOUN	feu
d	ADP	ad
enfer	NOUN	enfer
ses	DET	son
piez	NOUN	pié
ardoit	VERB	ardre
.	PUNCT	.
Cil	DET	cel
enfes	NOUN	enfant
les	DET	le
porciax	NOUN	procier
gardoit	NOUN	garder
en	ADP	en
vax	NOUN	val
qui	PRON	qui
est	VERB	estre
soz	ADP	soz
confroicort	NOUN	confroire
lez	DET	lez
fontenoi	ADJ	fontenir
ou	CCONJ	ou
aisne	ADJ	ainsi
cort	NOUN	cort
.	PUNCT	.
Petis	ADJ	petit
estoit	VERB	estre
ne	ADV	ne
mie	ADV	mie
grans	ADJ	grand
.	PUNCT	.
Li	DET	le
livres	NOUN	livre
dit	VERB	dire
n	PUNCT	ne
avoit	VERB	avoir
que	SCONJ	que
yy	ADV	y
ans	NOUN	an
.	PUNCT	.
Dou	PROPN	de.le
puant	VERB	pouvoir
feu	NOUN	feu
qui	PRON	qui
art	NOUN	art
sanz	ADP	sans
flame	NOUN	flame
mout	ADV	mout
tost	DET	tost
gari	VERB	garir
l	PRON	,l
eut	VERB	avoir
nostre	DET	notre
dame	NOUN	dame
qui	PRON	qui
est	VERB	estre
soutix	DET	sotil
cyrurgienne	NOUN	corir
.	PUNCT	.
En	ADP	en
vax	NOUN	val
la	DET	le
povre	ADJ	pauvre
crestienne	NOUN	crestiien
atot	ADV	atot
son	DET	son
enfant	NOUN	enfant
s	CCONJ	se
en	ADP	en
revint	VERB	revenir
.	PUNCT	.
En	ADP	en
l	PRON	,l
an	ADP	en
apres	ADV	après
grans	ADJ	grand
voloirs	VERB	voloir
vint	VERB	venir
a	ADP	a
l	PRON	,l
enfant	NOUN	enfant
de	ADP	de
raler	VERB	raler
arriere	ADV	ariere
.	PUNCT	.
Sa	DET	son
mere	NOUN	mere
en	ADP	en
fait	VERB	faire
mainte	DET	maint
priere	NOUN	priier
.	PUNCT	.
Souvent	PROPN	souvent
li	DET	le
prie	VERB	priier
a	ADP	a
jointes	NOUN	joindre
mains	NOUN	main
que	SCONJ	que
chasqu	DET	chasque
an	ADP	en
une	DET	un
fois	NOUN	fois
au	ADP.DET	a.le
mains	NOUN	main
a	ADP	a
nostre	DET	notre
dame	NOUN	dame
le	DET	le
ramaint	VERB	ramener
que	SCONJ	que
feus	NOUN	feu
d	ADP	ad
enfer	NOUN	enfer
ne	ADV	ne
le	DET	le
mesmaint	NOUN	message
.	PUNCT	.
Chasqu	DET	chasque
an	ADP	en
ce	PRON	ce
dit	VERB	dire
la	DET	le
vieut	VERB	vieux
requerre	VERB	requerre
que	SCONJ	que
saus	NOUN	sal
ses	DET	son
membres	NOUN	membre
gart	VERB	garder
sor	ADP	sor
terre	NOUN	terre
.	PUNCT	.
Mais	CCONJ	mais
sa	DET	son
mere	NOUN	mere
de	ADP	de
ceste	DET	cest
chose	NOUN	chose
assez	ADV	assez
souvent	DET	souvent
le	DET	le
blasme	NOUN	blasme
.	PUNCT	.
Et	CCONJ	et
chose	NOUN	chose
.	PUNCT	.
Et	CCONJ	et
dist	VERB	dire
qu	SCONJ	que
il	PRON	il
ne	ADV	ne
porroit	VERB	pöoir
pour	ADP	pour
ciax	NOUN	cil
cui	PRON	cui
bestes	NOUN	beste
garde	NOUN	garde
et	CCONJ	et
cui	PRON	cui
porciax	NOUN	procier
.	PUNCT	.
Souvent	PROPN	souvent
prieres	NOUN	priier
l	PRON	,l
en	ADP	en
fait	VERB	faire
grans	ADJ	grand
.	PUNCT	.
Mais	CCONJ	mais
la	DET	le
vieille	NOUN	veillier
est	VERB	estre
mout	ADV	mout
ahurtans	NOUN	arguit
ausi	ADV	aussi
com	SCONJ	come
sont	VERB	estre
teles	DET	tel
i	ADV	i
a	ADP	a
.	PUNCT	.
Si	ADV	si
li	DET	le
respont	VERB	respondre
.	PUNCT	.
Ia	ADJ	aler
ia	VERB	aler
or	NOUN	or
dou	DET	de.le
roter	VERB	roter
.	PUNCT	.
Or	ADV	or
dou	DET	de.le
roter	VERB	roter
.	PUNCT	.
Trop	ADV	trop
te	PRON	tu
puis	NOUN	puis
bien	NOUN	bien
amignoter	VERB	amentor
.	PUNCT	.
S	PUNCT	se
un	DET	un
petitet	ADJ	petit
me	PRON	je
vois	NOUN	aler
irier	VERB	irier
je	PRON	je
te	PRON	tu
cuit	VERB	cuidier
ja	ADV	ja
si	ADV	si
atirier	VERB	taire
que	SCONJ	que
tu	PRON	tu
d	ADP	ad
aler	VERB	aler
n	PUNCT	ne
aras	VERB	aras
corage	NOUN	corage
a	ADP	a
soissons	NOUN	soisson
en	ADP	en
pelerinage	NOUN	pelerin
.	PUNCT	.
Li	DET	le
valletons	NOUN	valoir
forment	ADV	forment
s	CCONJ	se
aire	NOUN	aire
des	ADP.DET	de.le
paroles	NOUN	parole
qu	SCONJ	que
il	PRON	il
li	DET	le
ot	VERB	avoir
dire	VERB	dire
.	PUNCT	.
Et	CCONJ	et
se	PRON	se
respont	VERB	respondre
ireement	NOUN	iremetre
.	PUNCT	.
Or	ADV	or
doint	VERB	doner
li	DET	le
sires	NOUN	seignor
qui	PRON	qui
ne	ADV	ne
ment	VERB	mentir
quant	SCONJ	cant
mener	VERB	mener
sain	ADJ	sain
ne	ADV	ne
m	DET	me
i	ADV	i
volez	VERB	voloir
qu	SCONJ	que
a	ADP	a
vostre	DET	vostre
col	NOUN	col
si	ADV	si
com	SCONJ	come
solez	VERB	soler
m	DET	me
i	ADV	i
reportez	VERB	reporter
par	ADP	par
estouvoir	NOUN	estovoir
.	PUNCT	.
Si	ADV	si
ferez	VERB	faire
voz	DET	vostre
.	PUNCT	.
Ce	PRON	ce
croi	NOUN	croire
de	ADP	de
voir	ADJ	voir
.	PUNCT	.
Ainsqu	PROPN	ains
ait	VERB	avoir
pardite	NOUN	pardir
sa	DET	son
parole	NOUN	parole
li	DET	le
feus	NOUN	feu
d	ADP	ad
enfer	NOUN	enfer
qui	PRON	qui
gens	NOUN	gens
afole	NOUN	afoler
es	ADP.DET	en.le
piez	NOUN	pié
li	DET	le
rest	VERB	restre
maintenant	ADV	maintenant
pris	NOUN	prendre
.	PUNCT	.
Et	CCONJ	et
si	ADV	si
griement	NOUN	gremette
le	DET	le
ra	VERB	ravoir
espriz	NOUN	esprendre
qu	SCONJ	que
il	PRON	il
brait	NOUN	brait
et	CCONJ	et
crie	NOUN	crier
tote	DET	tot
jor	NOUN	jor
.	PUNCT	.
Lors	ADV	lors
n	PUNCT	ne
i	ADV	i
vieut	VERB	vieux
metre	VERB	metre
nul	DET	nul
sejor	NOUN	sejor
ne	ADV	ne
le	DET	le
report	NOUN	report
a	ADP	a
nostre	DET	notre
dame	NOUN	dame
tot	DET	tot
en	ADP	en
plorant	VERB	plorer
la	DET	le
povre	ADJ	pauvre
fame	NOUN	feme
.	PUNCT	.
La	DET	le
letre	NOUN	letre
dit	VERB	dire
se	PRON	se
bien	NOUN	bien
m	DET	me
en	ADP	en
membre	NOUN	membre
quant	SCONJ	cant
il	PRON	il
vint	VERB	venir
la	DET	le
qu	SCONJ	que
il	PRON	il
n	PUNCT	ne
avoit	VERB	avoir
membre	NOUN	membre
que	SCONJ	que
tant	ADV	tant
ne	ADV	ne
quant	SCONJ	cant
peust	VERB	pouvoir
mouvoir	NOUN	mouvoir
.	PUNCT	.
Pres	NOUN	près
d	ADP	ad
un	DET	un
des	ADP.DET	de.le
huiz	NOUN	huit
par	ADP	par
estouvoir	NOUN	estovoir
la	DET	le
povre	ADJ	pauvre
fame	NOUN	feme
jus	ADV	jus
le	DET	le
couche	VERB	couche
.	PUNCT	.
La	DET	le
gist	VERB	jesir
ausi	ADV	aussi
comme	SCONJ	comme
une	DET	un
couche	VERB	couche
.	PUNCT	.
La	DET	le
pleure	NOUN	pleurer
assez	ADV	assez
.	PUNCT	.
Et	CCONJ	et
brait	NOUN	brait
.	PUNCT	.
Et	CCONJ	et
crie	NOUN	crier
.	PUNCT	.
Mais	CCONJ	mais
ma	DET	mon
dame	NOUN	dame
sainte	ADJ	saint
marie	NOUN	marie
la	DET	le
grans	ADJ	grand
roine	NOUN	roine
glorieuse	ADJ	glorieux
la	DET	le
douce	ADJ	doux
dame	NOUN	dame
la	DET	le
piteuse	ADJ	pitos
de	ADP	de
cele	DET	cel
ardeur	NOUN	ardre
de	ADP	de
cele	DET	cel
rage	NOUN	rage
si	ADV	si
l	PRON	,l
adoucist	VERB	adoucir
.	PUNCT	.
Si	ADV	si
l	PRON	,l
asoage	NOUN	assage
que	SCONJ	que
maintenant	ADV	maintenant
s	CCONJ	se
est	VERB	estre
endormis	VERB	endormir
.	PUNCT	.
Si	ADV	si
com	SCONJ	come
dieu	VERB	dieu
pleut	NOUN	plaire
ses	DET	son
esperiz	NOUN	esperir
ou	CCONJ	ou
ciel	NOUN	ciel
monta	VERB	monter
isnelement	NOUN	isnelement
.	PUNCT	.
Ne	CCONJ	ne
dormi	VERB	dormir
pas	NOUN	pas
mout	ADV	mout
longuement	ADV	longuement
.	PUNCT	.
Car	CCONJ	car
la	DET	le
granz	ADJ	grant
presse	NOUN	presse
et	CCONJ	et
la	DET	le
grant	ADJ	grant
torbe	NOUN	torbe
si	ADV	si
le	DET	le
grieve	VERB	grever
.	PUNCT	.
Si	ADV	si
le	DET	le
destorbe	VERB	destordre
que	SCONJ	que
maintenant	ADV	maintenant
s	CCONJ	se
est	VERB	estre
esperiz	NOUN	esperir
.	PUNCT	.
A	ADP	a
l	PRON	,l
esveillier	NOUN	esveillier
n	PUNCT	ne
est	VERB	estre
pas	NOUN	pas
seris	NOUN	estre
.	PUNCT	.
Mais	CCONJ	mais
a	ADP	a
vois	NOUN	aler
clere	ADJ	clair
et	CCONJ	et
haute	ADJ	haut
escrie	VERB	escrïer
.	PUNCT	.
Douce	ADJ	doux
dame	NOUN	dame
sainte	ADJ	saint
marie	NOUN	marie
glorifiee	VERB	grévité
soies	VERB	estre
tu	PRON	tu
de	ADP	de
ce	PRON	ce
qu	SCONJ	que
estaint	VERB	esteindre
m	DET	me
as	VERB	a.le
le	DET	le
grief	ADJ	grief
fu	VERB	estre
dont	PRON	dont
si	ADV	si
griement	NOUN	gremette
estoie	VERB	estre
espris	NOUN	esprendre
.	PUNCT	.
Em	ADP	en
paradis	NOUN	paradis
ai	VERB	avoir
bien	NOUN	bien
apris	VERB	aprendre
la	DET	le
ou	CCONJ	ou
tu	PRON	tu
as	VERB	a.le
portee	NOUN	porter
m	DET	me
ame	NOUN	ame
que	SCONJ	que
de	ADP	de
terre	NOUN	terre
ies	VERB	ies
et	CCONJ	et
de	ADP	de
ciel	NOUN	ciel
dame	NOUN	dame
.	PUNCT	.
Entor	ADP	entor
li	DET	le
vienent	VERB	venir
clerc	NOUN	clerc
et	CCONJ	et
lai	NOUN	lai
.	PUNCT	.
Et	CCONJ	et
il	PRON	il
leur	DET	leur
conte	NOUN	comte
sanz	ADP	sans
delai	NOUN	delai
qu	SCONJ	que
em	ADP	en
paradis	NOUN	paradis
esté	VERB	être
a	ADP	a
s	CCONJ	se
ame	NOUN	ame
et	CCONJ	et
qu	SCONJ	que
a	ADP	a
veue	NOUN	voir
nostre	DET	notre
dame	NOUN	dame
qui	PRON	qui
deprioit	VERB	depriier
nostre	DET	notre
seigneur	NOUN	seigneur
qu	SCONJ	que
oster	VERB	oster
daignast	VERB	deignier
par	ADP	par
sa	DET	son
douceur	ADJ	doux
de	ADP	de
son	DET	son
pueple	NOUN	peuple
ceste	DET	cest
grief	ADJ	grief
plaie	NOUN	plaie
le	DET	le
feu	NOUN	feu
d	ADP	ad
enfer	NOUN	enfer
qui	PRON	qui
tant	ADV	tant
en	ADP	en
plaie	NOUN	plaie
qui	PRON	qui
tant	ADV	tant
en	ADP	en
a	ADP	a
ars	NOUN	arc
et	CCONJ	et
espris	NOUN	esprendre
.	PUNCT	.
Et	CCONJ	et
tel	DET	tel
respons	NOUN	respondre
en	ADP	en
avoit	VERB	avoir
pris	NOUN	prendre
que	SCONJ	que
respondi	VERB	respondre
li	DET	le
tres	ADV	très
doz	NOUN	doze
pere	NOUN	père
.	PUNCT	.
Bele	ADJ	bel
tres	ADV	très
douce	ADJ	doux
chiere	NOUN	chier
mere	NOUN	mere
vous	PRON	vous
estes	VERB	estre
estoile	NOUN	estre
de	ADP	de
mer	NOUN	mer
.	PUNCT	.
Sor	ADP	sor
tote	DET	tot
rien	NOUN	rien
vous	PRON	vous
doi	NOUN	devoir
amer	VERB	amer
.	PUNCT	.
Sor	ADP	sor
tote	DET	tot
riens	NOUN	rien
voz	DET	vostre
ai	VERB	avoir
eslite	VERB	eslire
.	PUNCT	.
Quanque	PRON	cantque
vous	PRON	vous
plaist	NOUN	plaire
tot	DET	tot
me	PRON	je
delite	ADJ	delitier
.	PUNCT	.
Vos	PRON	vos
volentez	NOUN	volenté
en	ADP	en
toz	DET	tot
endrois	NOUN	endrois
vueil	NOUN	vouloir
que	SCONJ	que
soit	VERB	estre
faite	VERB	faire
.	PUNCT	.
Il	PRON	il
est	VERB	estre
bien	NOUN	bien
drois	ADJ	droit
.	PUNCT	.
La	DET	le
douce	ADJ	doux
mere	NOUN	mere
jhesucrist	NOUN	jésurbre
refait	VERB	refaire
li	DET	le
enfes	NOUN	enfant
.	PUNCT	.
Adonc	ADV	adonc
dist	VERB	dire
.	PUNCT	.
Biax	ADJ	bel
tres	ADV	très
dox	DET	doux
fiex	NOUN	fief
mout	ADV	mout
me	PRON	je
desplait	NOUN	déplaire
quant	SCONJ	cant
a	ADP	a
soissons	NOUN	soisson
n	PUNCT	ne
est	VERB	estre
s	CCONJ	se
il	PRON	il
vous	PRON	vous
plaist	NOUN	plaire
assez	ADV	assez
plus	ADV	plus
bele	ADJ	bel
ma	DET	mon
maisons	NOUN	maison
.	PUNCT	.
Biax	ADJ	bel
dox	DET	doux
chiers	ADJ	chier
fiex	NOUN	fief
n	PUNCT	ne
est	VERB	estre
pas	NOUN	pas
raisons	NOUN	raison
qu	SCONJ	que
ele	PRON	il
des	ADP.DET	de.le
autres	PRON	autre
soit	VERB	estre
la	DET	le
pire	NOUN	pire
.	PUNCT	.
Douce	ADJ	doux
mere	NOUN	mere
fait	VERB	faire
nostre	DET	notre
sire	NOUN	seignor
d	ADP	ad
outre	ADP	outre
la	DET	le
mer	NOUN	mer
d	ADP	ad
outre	ADP	outre
le	DET	le
rin	NOUN	rin
venront	VERB	venir
par	ADP	par
tans	NOUN	tens
li	DET	le
pelerin	NOUN	perlein
de	ADP	de
cui	PRON	cui
aport	VERB	aporter
vostre	DET	vostre
chapele	NOUN	chapele
faite	VERB	faire
sera	VERB	estre
plaisans	NOUN	plaisir
et	CCONJ	et
bele	ADJ	bel
.	PUNCT	.
Et	CCONJ	et
por	ADP	por
ce	PRON	ce
qu	SCONJ	que
en	ADP	en
si	ADV	si
grant	ADJ	grant
poverte	NOUN	povreté
cil	DET	cel
de	ADP	de
soissons	NOUN	soisson
l	PRON	,l
ont	VERB	avoir
tant	ADV	tant
sofferte	NOUN	sofrir
a	ADP	a
maltalent	NOUN	maltalent
m	DET	me
ont	VERB	avoir
escité	NOUN	esciter
.	PUNCT	.
S	PUNCT	se
envoierai	VERB	envoyer
sor	ADP	sor
la	DET	le
cite	NOUN	cite
si	ADV	si
grant	ADJ	grant
flael	NOUN	flair
tuit	DET	tot
crieront	VERB	crïer
et	CCONJ	et
tuit	DET	tot
merci	NOUN	merci
vous	PRON	vous
prieront	VERB	priier
.	PUNCT	.
Seigneur	NOUN	seigneur
ce	PRON	ce
dist	VERB	dire
li	DET	le
enfecons	NOUN	enfechon
a	ADP	a
ce	PRON	ce
sachiez	VERB	savoir
que	SCONJ	que
la	DET	le
lecons	NOUN	lecin
est	VERB	estre
tote	DET	tot
vraie	ADJ	vrai
que	SCONJ	que
j	PRON	je
ai	VERB	avoir
dite	VERB	dire
que	SCONJ	que
par	ADP	par
tans	NOUN	tens
rendrai	VERB	rendre
l	PRON	,l
esperite	NOUN	esprendre
.	PUNCT	.
A	ADP	a
ce	PRON	ce
sachiez	VERB	savoir
sanz	ADP	sans
contredit	NOUN	contredit
que	SCONJ	que
c	CCONJ	ce
est	VERB	estre
toz	DET	tot
voirs	ADJ	voir
quanque	PRON	cantque
j	PRON	je
ai	VERB	avoir
dit	VERB	dire
que	SCONJ	que
plus	ADV	plus
d	ADP	ad
un	DET	un
mois	NOUN	mois
ne	ADV	ne
viverai	VERB	vivre
.	PUNCT	.
Sanz	ADP	sans
revenir	VERB	revenir
lors	ADV	lors
m	DET	me
en	ADP	en
irai	VERB	aler
.	PUNCT	.
Maistres	NOUN	maître
hues	NOUN	huei
li	DET	le
farciz	NOUN	faric
dit	VERB	dire
qui	PRON	qui
li	DET	le
parla	VERB	parler
et	CCONJ	et
qui	PRON	qui
le	DET	le
vit	VERB	vëoir
c	CCONJ	ce
onques	ADV	onque
letres	NOUN	letre
n	PUNCT	ne
ot	VERB	avoir
conneues	NOUN	connete
n	PUNCT	ne
onques	ADV	onque
letres	NOUN	letre
n	PUNCT	ne
avoit	VERB	avoir
veues	NOUN	voir
.	PUNCT	.
Et	CCONJ	et
lues	NOUN	luei
que	SCONJ	que
s	CCONJ	se
ame	NOUN	ame
dou	DET	de.le
ciel	NOUN	ciel
vint	VERB	venir
tex	ADJ	tel
clers	NOUN	cler
et	CCONJ	et
tex	ADJ	tel
devins	VERB	devin
devint	VERB	devenir
que	SCONJ	que
toute	DET	tout
seut	VERB	savoir
divinite	ADJ	divinité
.	PUNCT	.
Tuit	DET	tot
li	DET	le
boen	ADJ	bon
clerc	NOUN	clerc
de	ADP	de
la	DET	le
cite	NOUN	cite
son	DET	son
parfont	ADJ	parfont
sens	NOUN	sens
oir	NOUN	hoir
venoient	VERB	venir
.	PUNCT	.
Et	CCONJ	et
lor	DET	lor
doutances	NOUN	doutence
demandoient	VERB	demander
.	PUNCT	.
Tant	ADV	tant
iert	VERB	estre
boens	ADJ	bon
clers	NOUN	cler
c	CCONJ	ce
en	ADP	en
est	VERB	estre
la	DET	le
somme	NOUN	somme
qu	SCONJ	que
a	ADP	a
trop	ADV	trop
grant	ADJ	grant
paine	NOUN	peine
a	ADP	a
nul	DET	nul
lai	NOUN	lai
homme	NOUN	homme
se	PRON	se
trop	ADV	trop
soutix	DET	sotil
n	PUNCT	ne
estoit	VERB	estre
d	ADP	ad
entendre	VERB	entendre
daignoit	VERB	deignier
parler	VERB	parler
ne	ADV	ne
raison	NOUN	raison
rendre	VERB	rendre
.	PUNCT	.
Mout	ADV	mout
par	ADP	par
amoit	VERB	amer
letree	NOUN	letre
gent	NOUN	gent
.	PUNCT	.
Latin	PROPN	latin
parloit	VERB	parler
si	ADV	si
biau	ADJ	bel
si	ADV	si
gent	NOUN	gent
tuit	DET	tot
li	DET	le
boen	ADJ	bon
clerc	NOUN	clerc
s	CCONJ	se
em	ADP	en
merveilloient	VERB	merveillier
et	CCONJ	et
a	ADP	a
merveilles	NOUN	merveille
l	PRON	,l
escoutoient	VERB	escouter
.	PUNCT	.
le	DET	le
viez	ADJ	viez
testament	NOUN	testament
le	DET	le
novel	ADJ	novel
en	ADP	en
rime	NOUN	rime
et	CCONJ	et
en	ADP	en
metre	VERB	metre
trop	ADV	trop
bel	ADJ	bel
contoit	VERB	conter
si	ADV	si
bel	ADJ	bel
si	ADV	si
a	ADP	a
delivre	ADJ	delivre
com	SCONJ	come
s	CCONJ	se
il	PRON	il
le	DET	le
leust	VERB	lout
en	ADP	en
zz	DET	tos
livre	NOUN	livre
.	PUNCT	.
Quant	SCONJ	cant
parla	VERB	parler
de	ADP	de
la	DET	le
saintee	NOUN	sainte
joseph	NOUN	jesir
qui	PRON	qui
ert	VERB	estre
de	ADP	de
grant	ADJ	grant
ae	ADP	avoir
quant	SCONJ	cant
en	ADP	en
sa	DET	son
garde	NOUN	garde
eut	VERB	avoir
nostre	DET	notre
dame	NOUN	dame
comme	SCONJ	comme
s	CCONJ	se
espouse	NOUN	espose
com	SCONJ	come
sa	DET	son
fame	NOUN	feme
mout	ADV	mout
grant	ADJ	grant
loenge	NOUN	louange
de	ADP	de
lui	PRON	lui
fist	VERB	faire
.	PUNCT	.
Avuec	ADP	avuec
plusors	DET	plusor
choses	NOUN	chose
en	ADP	en
dist	VERB	dire
.	PUNCT	.
Si	ADV	si
grant	ADJ	grant
clarte	NOUN	clart
lassus	NOUN	lassus
amont	ADV	amont
veue	NOUN	voir
avoit	VERB	avoir
que	SCONJ	que
de	ADP	de
cest	DET	cest
mont	NOUN	monde
la	DET	le
grant	ADJ	grant
clarte	NOUN	clart
et	CCONJ	et
la	DET	le
lumiere	NOUN	luminer
ausi	ADV	aussi
haoit	VERB	haoir
comme	SCONJ	comme
fumiere	NOUN	fumierement
.	PUNCT	.
Nes	NOUN	nëis
regarder	VERB	regarder
ne	ADV	ne
la	DET	le
pooit	VERB	pöoir
.	PUNCT	.
Mais	CCONJ	mais
tout	DET	tout
ades	ADV	adac
les	DET	le
iex	NOUN	il
clooit	VERB	clore
.	PUNCT	.
Sains	ADJ	saint
esperites	NOUN	esperit
ses	DET	son
grans	ADJ	grand
dons	NOUN	donc
renouvela	VERB	renouveler
.	PUNCT	.
Et	CCONJ	et
fist	VERB	faire
adons	ADV	adonc
.	PUNCT	.
Ce	PRON	ce
miracle	NOUN	miralt
tieig	NOUN	tien
a	ADP	a
mout	ADV	mout
bel	ADJ	bel
.	PUNCT	.
Cil	DET	cel
qui	PRON	qui
davi	NOUN	davi
le	DET	le
pastorel	NOUN	pastoureau
le	DET	le
harpeeur	NOUN	harecher
le	DET	le
citariste	ADJ	citération
fist	VERB	faire
son	DET	son
prophete	NOUN	prophete
et	CCONJ	et
son	DET	son
psalmiste	NOUN	pasmer
de	ADP	de
cestui	PRON	cest
pastorel	NOUN	pastoureau
refist	VERB	refaire
son	DET	son
prophete	NOUN	prophete
que	SCONJ	que
quanqu	PRON	cantque
il	PRON	il
dist	VERB	dire
avint	VERB	avenir
apres	ADV	après
isnelement	NOUN	isnelement
.	PUNCT	.
Et	CCONJ	et
sachiez	VERB	savoir
bien	NOUN	bien
certainement	NOUN	certainement
qu	SCONJ	que
esclairier	VERB	éclairir
vout	VERB	vouloir
li	DET	le
tres	ADV	très
dox	DET	doux
pere	NOUN	père
qu	SCONJ	que
en	ADP	en
honerast	VERB	honnér
sa	DET	son
douce	ADJ	doux
mere	NOUN	mere
sor	ADP	sor
totes	DET	tot
choses	NOUN	chose
doucement	NOUN	doucement
.	PUNCT	.
quant	SCONJ	cant
vint	VERB	venir
a	ADP	a
son	DET	son
definement	NOUN	defenir
et	CCONJ	et
departir	VERB	departir
l	PRON	,l
ame	NOUN	ame
en	ADP	en
couvint	VERB	couventir
si	ADV	si
biax	ADJ	bel
si	ADV	si
blans	ADJ	blanc
si	ADV	si
clers	NOUN	cler
devint	VERB	devenir
qu	SCONJ	que
il	PRON	il
resembla	VERB	resembler
zz	DET	tos
angelot	NOUN	angolet
.	PUNCT	.
Trestout	DET	trestot
ainsi	ADV	ainsi
comme	SCONJ	comme
il	PRON	il
dit	VERB	dire
l	PRON	,l
ot	VERB	avoir
li	DET	le
feus	NOUN	feu
d	ADP	ad
enfer	NOUN	enfer
partout	NOUN	partout
s	CCONJ	se
esprist	VERB	esprendre
.	PUNCT	.
Et	CCONJ	et
d	ADP	ad
uns	DET	un
et	CCONJ	et
d	ADP	ad
autres	PRON	autre
tant	ADV	tant
esprist	VERB	esprendre
non	NOUN	nom
a	ADP	a
soissons	NOUN	soisson
tant	ADV	tant
seulement	ADV	seulement
mais	NOUN	mais
loins	ADV	loin
et	CCONJ	et
pres	ADV	près
communement	NOUN	communément
qu	SCONJ	que
a	ADP	a
grans	ADJ	grand
torbes	NOUN	torbe
criant	VERB	crïer
venoient	VERB	venir
a	ADP	a
soissons	NOUN	soisson
ou	CCONJ	ou
tuit	DET	tot
garissoient	VERB	garison
au	ADP.DET	a.le
saint	ADJ	saint
soller	VERB	solir
la	DET	le
bele	ADJ	bel
dame	NOUN	dame
si	ADV	si
com	SCONJ	come
li	DET	le
fix	NOUN	fils
la	DET	le
povre	ADJ	pauvre
fame	NOUN	feme
dire	VERB	dire
l	PRON	,l
ot	VERB	avoir
oi	VERB	avoir
vraiement	NOUN	vraiment
li	DET	le
vrais	ADJ	vrai
des	ADP.DET	de.le
vrais	ADJ	vrai
qui	PRON	qui
pas	NOUN	pas
ne	ADV	ne
ment	VERB	mentir
.	PUNCT	.
d	ADP	ad
outre	ADP	outre
le	DET	le
rin	NOUN	rin
et	CCONJ	et
de	ADP	de
l	PRON	,l
empire	NOUN	empire
ainsi	ADV	ainsi
com	SCONJ	come
dit	VERB	dire
l	PRON	,l
eut	VERB	avoir
nostre	DET	notre
sire	NOUN	seignor
grant	ADJ	grant
et	CCONJ	et
petit	ADJ	petit
i	ADV	i
acouroient	VERB	acorer
.	PUNCT	.
Dou	PROPN	de.le
grant	ADJ	grant
aport	VERB	aporter
qu	SCONJ	que
il	PRON	il
aportoient	VERB	aporter
edefiee	VERB	étaiier
fu	VERB	estre
l	PRON	,l
eglise	NOUN	église
qui	PRON	qui
bele	ADJ	bel
et	CCONJ	et
gente	ADJ	gent
est	VERB	estre
a	ADP	a
devise	NOUN	devise
ou	CCONJ	ou
il	PRON	il
a	ADP	a
or	NOUN	or
mout	ADV	mout
biau	ADJ	bel
couvent	VERB	couvent
des	ADP.DET	de.le
beles	ADJ	bel
dames	NOUN	dame
qui	PRON	qui
souvent	DET	souvent
non	NOUN	nom
pas	NOUN	pas
souvent	DET	souvent
mais	NOUN	mais
sanz	ADP	sans
sejor	NOUN	sejor
servent	VERB	servir
et	CCONJ	et
loent	VERB	löer
nuit	NOUN	nuit
et	CCONJ	et
jor	NOUN	jor
la	DET	le
douce	ADJ	doux
mere	NOUN	mere
au	ADP.DET	a.le
roi	NOUN	roi
celestre	NOUN	celer
.	PUNCT	.
Avec	ADP	avec
eles	PRON	il
vueille	NOUN	vouloir
.	PUNCT	.
Et	CCONJ	et
dainst	NOUN	deignier
estre	VERB	estre
la	DET	le
douce	ADJ	doux
mere	NOUN	mere
au	ADP.DET	a.le
creator	NOUN	crëater
.	PUNCT	.
Mout	ADV	mout
par	ADP	par
sont	VERB	estre
sages	ADJ	sage
quant	SCONJ	cant
l	PRON	,l
ator	NOUN	ator
et	CCONJ	et
le	DET	le
beuban	ADJ	beaucon
dou	DET	de.le
mont	NOUN	monde
guerpissent	VERB	guerpir
et	CCONJ	et
les	DET	le
joies	NOUN	joie
qui	PRON	qui
tost	DET	tost
fenissent	VERB	fenir
pour	ADP	pour
les	DET	le
joies	NOUN	joie
qui	PRON	qui
n	PUNCT	ne
aront	NOUN	aront
fin	NOUN	fin
.	PUNCT	.
S	PUNCT	se
eles	PRON	il
bien	NOUN	bien
servent	VERB	servir
de	ADP	de
cuer	NOUN	cuer
fin	NOUN	fin
celui	DET	cel
qui	PRON	qui
espure	ADP	esproser
et	CCONJ	et
afine	NOUN	afiner
tox	DET	tout
ciax	NOUN	cil
qui	PRON	qui
l	PRON	,l
aiment	VERB	aimer
d	ADP	ad
amor	NOUN	amor
fine	NOUN	finer
chascune	DET	chascun
si	ADV	si
afinera	VERB	afiner
que	SCONJ	que
de	ADP	de
fine	NOUN	finer
fin	NOUN	fin
finera	VERB	finer
.	PUNCT	.
Si	ADV	si
lor	DET	lor
depri	VERB	depri
mout	ADV	mout
finement	NOUN	finement
quant	SCONJ	cant
saront	NOUN	sarren
mon	DET	mon
definement	NOUN	defenir
finement	NOUN	finement
prient	VERB	priier
l	PRON	,l
afinee	NOUN	afiner
joie	NOUN	joie
me	PRON	je
doinst	VERB	doner
qui	PRON	qui
n	PUNCT	ne
iert	VERB	estre
finee	VERB	finer
.	PUNCT	.
Diex	PROPN	dieu
qui	PRON	qui
sor	ADP	sor
toz	DET	tot
est	VERB	estre
purs	ADP	pour
et	CCONJ	et
fins	NOUN	fin
si	ADV	si
finement	NOUN	finement
afait	NOUN	afaitier
lor	DET	lor
fins	NOUN	fin
que	SCONJ	que
quant	SCONJ	cant
venra	VERB	venir
au	ADP.DET	a.le
definer	VERB	definer
de	ADP	de
fine	NOUN	finer
fin	NOUN	fin
puissent	VERB	pöoir
finer	VERB	finer
.	PUNCT	.
Ici	ADV	ici
apres	ADV	après
vueil	NOUN	vouloir
remouller	VERB	remouvoir
un	DET	un
miracle	NOUN	miralt
dou	DET	de.le
saint	ADJ	saint
soller	VERB	solir
qui	PRON	qui
assez	ADV	assez
est	VERB	estre
et	CCONJ	et
biax	ADJ	bel
et	CCONJ	et
briez	NOUN	brief
.	PUNCT	.
Ce	PRON	ce
me	PRON	je
raconte	NOUN	raconter
.	PUNCT	.
Et	CCONJ	et
dist	VERB	dire
mes	DET	mais
briez	NOUN	brief
qu	SCONJ	que
au	ADP.DET	a.le
tans	NOUN	tens
qu	SCONJ	que
avoit	VERB	avoir
si	ADV	si
riche	ADJ	riche
alee	VERB	aler
a	ADP	a
soissons	NOUN	soisson
la	DET	le
boene	ADJ	bon
valee	NOUN	valee
zz	DET	tos
chevalier	NOUN	chevalier
avoit	VERB	avoir
i	ADV	i
pres	ADV	près
qui	PRON	qui
un	DET	un
bouvier	NOUN	bouvoir
gros	ADJ	gros
et	CCONJ	et
espes	NOUN	espe
avoit	VERB	avoir
qui	PRON	qui
avoit	VERB	avoir
nom	DET	nom
buesars	NOUN	baure
.	PUNCT	.
estalufrez	VERB	estaflaurs
iert	VERB	estre
et	CCONJ	et
buisnars	NOUN	buisandre
li	DET	le
fox	NOUN	fol
vilains	ADJ	vilain
de	ADP	de
fol	ADJ	fol
afaire	NOUN	afaire
.	PUNCT	.
Les	DET	le
festes	NOUN	feste
quant	SCONJ	cant
n	PUNCT	ne
avoit	VERB	avoir
que	SCONJ	que
faire	VERB	faire
avec	ADP	avec
compaignons	NOUN	compagnon
qu	SCONJ	que
il	PRON	il
avoit	VERB	avoir
au	ADP.DET	a.le
saint	ADJ	saint
soller	VERB	solir
souvent	DET	souvent
aloit	VERB	aler
.	PUNCT	.
Au	ADP.DET	a.le
saint	ADJ	saint
soller	VERB	solir
ades	ADV	adac
offroient	VERB	ofris
si	ADV	si
compaignon	NOUN	compagnon
quant	SCONJ	cant
le	DET	le
baisoient	VERB	baiser
.	PUNCT	.
Il	PRON	il
n	PUNCT	ne
offrist	VERB	offrir
ja	ADV	ja
tant	ADV	tant
i	ADV	i
venist	VERB	venir
por	ADP	por
nule	DET	nul
rien	NOUN	rien
qui	PRON	qui
avenist	VERB	avenir
.	PUNCT	.
Zz	DET	soz
jor	NOUN	jor
avint	VERB	avenir
quant	SCONJ	cant
repairoient	VERB	repairier
que	SCONJ	que
des	ADP.DET	de.le
miracles	NOUN	miralt
mout	ADV	mout
parloient	VERB	parler
que	SCONJ	que
diex	NOUN	dieu
faisoit	VERB	faire
a	ADP	a
nostre	DET	notre
dame	NOUN	dame
.	PUNCT	.
Ce	PRON	ce
dist	VERB	dire
li	DET	le
uns	DET	un
.	PUNCT	.
Foi	NOUN	foi
que	SCONJ	que
doi	NOUN	devoir
m	DET	me
ame	NOUN	ame
a	ADP	a
soissons	NOUN	soisson
em	ADP	en
pelerinage	NOUN	pelerin
fait	VERB	faire
boen	ADJ	bon
aler	VERB	aler
par	ADP	par
boen	ADJ	bon
corage	NOUN	corage
au	ADP.DET	a.le
saint	ADJ	saint
soller	VERB	solir
meesmement	ADV	mêmement
ou	CCONJ	ou
li	DET	le
ardant	VERB	ardre
communement	NOUN	communément
restaignent	VERB	restenser
tuit	DET	tot
et	CCONJ	et
jor	NOUN	jor
et	CCONJ	et
nuit	NOUN	nuit
.	PUNCT	.
Li	DET	le
uns	DET	un
respont	VERB	respondre
si	ADV	si
com	SCONJ	come
je	PRON	je
cuit	VERB	cuidier
.	PUNCT	.
Qui	PRON	qui
par	ADP	par
boen	ADJ	bon
cuer	NOUN	cuer
au	ADP.DET	a.le
main	NOUN	main
le	DET	le
baise	VERB	baiser
toute	DET	tout
jor	NOUN	jor
en	ADP	en
est	VERB	estre
plus	ADV	plus
a	ADP	a
aise	NOUN	aise
et	CCONJ	et
plus	ADV	plus
haitiez	VERB	haitier
et	CCONJ	et
plus	ADV	plus
seurs	NOUN	ser
.	PUNCT	.
Et	CCONJ	et
si	ADV	si
l	PRON	,l
en	ADP	en
vient	VERB	venir
plus	ADV	plus
tost	DET	tost
eurs	NOUN	eru
.	PUNCT	.
Par	ADP	par
le	DET	le
cuer	NOUN	cuer
bieu	ADJ	bieu
ce	PRON	ce
dist	VERB	dire
buesars	NOUN	baure
trestoz	DET	trestot
li	DET	le
siecles	NOUN	siècle
est	VERB	estre
musars	NOUN	muser
.	PUNCT	.
par	ADP	par
les	DET	le
costes	NOUN	coste
par	ADP	par
les	DET	le
mameles	NOUN	mamele
par	ADP	par
le	DET	le
pomon	NOUN	pomme
par	ADP	par
les	DET	le
boeles	NOUN	boele
ne	ADV	ne
par	ADP	par
les	DET	le
dens	ADP	dens
sainte	ADJ	saint
warie	VERB	garier
je	PRON	je
ne	ADV	ne
pris	NOUN	prendre
un	DET	un
oef	NOUN	oeif
de	ADP	de
blarie	VERB	blaris
ce	PRON	ce
soller	VERB	solir
dont	PRON	dont
alez	VERB	aler
rotant	VERB	ratent
.	PUNCT	.
Ces	DET	ce
nonains	NOUN	none
noz	DET	notre
vont	VERB	aler
asotant	NOUN	astoant
qui	PRON	qui
d	ADP	ad
un	DET	un
soller	VERB	solir
font	VERB	faire
saintuaire	NOUN	saint-jaure
por	ADP	por
nostre	DET	notre
argent	NOUN	argent
sachier	VERB	sachier
et	CCONJ	et
traire	VERB	traire
.	PUNCT	.
Pour	ADP	pour
la	DET	le
gueule	NOUN	guelle
pour	ADP	pour
la	DET	le
gargate	NOUN	garagte
d	ADP	ad
un	DET	un
viez	ADJ	viez
soller	VERB	solir
d	ADP	ad
une	DET	un
cavate	VERB	chavatte
si	ADV	si
faites	VERB	faire
ore	NOUN	ore
si	ADV	si
grant	ADJ	grant
feste	NOUN	fête
.	PUNCT	.
par	ADP	par
la	DET	le
gorge	NOUN	gorge
ne	ADV	ne
par	ADP	par
la	DET	le
feste	NOUN	fête
ne	ADV	ne
par	ADP	par
le	DET	le
cuer	NOUN	cuer
sainte	ADJ	saint
warie	VERB	garier
li	DET	le
maufez	NOUN	maufé
noz	DET	notre
i	ADV	i
acharie	VERB	acherie
.	PUNCT	.
Onques	ADV	onque
n	PUNCT	ne
i	ADV	i
vieig	NOUN	veintre
qu	SCONJ	que
il	PRON	il
n	PUNCT	ne
i	ADV	i
ait	VERB	avoir
presse	NOUN	presse
.	PUNCT	.
Cele	DET	cel
vieille	NOUN	veillier
cele	DET	cel
abeesse	NOUN	abeser
tot	DET	tot
l	PRON	,l
avoir	VERB	avoir
dieu	VERB	dieu
met	VERB	metre
en	ADP	en
sa	DET	son
borse	NOUN	borser
.	PUNCT	.
et	CCONJ	et
jor	NOUN	jor
et	CCONJ	et
nuit	NOUN	nuit
ades	ADV	adac
emborse	NOUN	embores
.	PUNCT	.
Mais	CCONJ	mais
que	SCONJ	que
que	SCONJ	que
facent	VERB	faire
fole	ADJ	fol
gent	NOUN	gent
ja	ADV	ja
n	PUNCT	ne
i	ADV	i
ara	VERB	avoir
de	ADP	de
mon	DET	mon
argent	NOUN	argent
une	DET	un
maaille	NOUN	maille
toute	DET	tout
seule	ADJ	sol
.	PUNCT	.
Ma	DET	mon
borse	NOUN	borser
tieng	VERB	tenir
si	ADV	si
par	ADP	par
la	DET	le
gueule	NOUN	guelle
que	SCONJ	que
ja	ADV	ja
deniers	NOUN	denier
fors	ADV	fors
n	PUNCT	ne
en	ADP	en
saurra	VERB	savoir
.	PUNCT	.
Mais	CCONJ	mais
au	ADP.DET	a.le
more	NOUN	more
qui	PRON	qui
miex	ADV	mieux
vaura	VERB	vouvoir
ou	CCONJ	ou
au	ADP.DET	a.le
boen	ADJ	bon
vin	NOUN	vin
l	PRON	,l
envoierai	VERB	envoyer
.	PUNCT	.
La	DET	le
assez	ADV	assez
miex	ADV	mieux
l	PRON	,l
emploierai	VERB	employer
.	PUNCT	.
Se	SCONJ	se
ce	PRON	ce
fust	VERB	estre
sollers	NOUN	soulier
nostre	DET	notre
dame	NOUN	dame
diex	NOUN	dieu
ne	ADV	ne
deables	NOUN	dïable
hom	NOUN	ome
ne	ADV	ne
fame	NOUN	feme
si	ADV	si
n	PUNCT	ne
ou	CCONJ	ou
gardast	VERB	garder
en	ADP	en
fer	NOUN	fer
n	PUNCT	ne
en	ADP	en
fust	VERB	estre
que	SCONJ	que
mil	DET	mil
ans	NOUN	an
a	ADP	a
porris	NOUN	porir
ne	ADV	ne
fust	VERB	estre
.	PUNCT	.
Par	ADP	par
le	DET	le
foie	NOUN	foi
sainte	ADJ	saint
warie	VERB	garier
li	DET	le
deables	NOUN	dïable
bien	NOUN	bien
noz	DET	notre
tarie	VERB	tarier
.	PUNCT	.
Et	CCONJ	et
bien	NOUN	bien
noz	DET	notre
decoit	VERB	deceter
.	PUNCT	.
Et	CCONJ	et
barate	NOUN	barat
quant	SCONJ	cant
nous	PRON	nous
baisons	NOUN	baisor
cele	DET	cel
cavate	VERB	chavatte
.	PUNCT	.
Li	DET	le
fox	NOUN	fol
bouviers	NOUN	bouvoir
li	DET	le
fox	NOUN	fol
boubers	NOUN	bouberque
li	DET	le
fox	NOUN	fol
vilains	ADJ	vilain
li	DET	le
coquebers	NOUN	coquerie
ainsqu	ADP	ains
ait	VERB	avoir
pardite	NOUN	pardir
la	DET	le
merveille	NOUN	merveille
li	DET	le
tuert	NOUN	turer
la	DET	le
bouche	NOUN	bouche
sor	ADP	sor
l	PRON	,l
oreille	NOUN	oreille
.	PUNCT	.
Et	CCONJ	et
la	DET	le
langue	NOUN	langue
li	DET	le
sailli	VERB	salir
fors	ADV	fors
.	PUNCT	.
Si	ADV	si
tormentez	VERB	tormenter
fu	VERB	estre
lues	NOUN	luei
ses	DET	son
cors	NOUN	cors
.	PUNCT	.
Et	CCONJ	et
li	DET	le
maufez	NOUN	maufé
qui	PRON	qui
mal	NOUN	mal
sofle	VERB	sofle
a	ADP	a
si	ADV	si
malement	ADV	malement
lues	NOUN	luei
le	DET	le
souffla	VERB	souffrail
qu	SCONJ	que
ausi	ADV	aussi
fu	VERB	estre
gros	ADJ	gros
come	SCONJ	come
une	DET	un
couche	VERB	couche
.	PUNCT	.
Ne	CCONJ	ne
n	PUNCT	ne
i	ADV	i
parut	VERB	paroir
iex	NOUN	il
nez	VERB	naistre
ne	ADV	ne
bouche	NOUN	bouche
.	PUNCT	.
Li	DET	le
deables	NOUN	dïable
si	ADV	si
l	PRON	,l
envai	NOUN	enväir
.	PUNCT	.
Gueule	PROPN	galois
baee	VERB	beau
lues	NOUN	luei
chai	NOUN	chai
.	PUNCT	.
Comme	SCONJ	comme
esragiez	VERB	estrage
se	PRON	se
dejetoit	VERB	dejetre
.	PUNCT	.
Et	CCONJ	et
de	ADP	de
sa	DET	son
bouche	NOUN	bouche
fors	ADV	fors
getoit	VERB	jeter
tant	ADV	tant
de	ADP	de
venim	VERB	venir
et	CCONJ	et
tant	ADV	tant
d	ADP	ad
escume	NOUN	escume
qu	SCONJ	que
il	PRON	il
resembloit	VERB	resembler
pot	VERB	pöoir
qui	PRON	qui
escume	NOUN	escume
.	PUNCT	.
quant	SCONJ	cant
longement	ADV	longuement
out	VERB	avoir
escumé	NOUN	échome
et	CCONJ	et
li	DET	le
deables	NOUN	dïable
l	PRON	,l
ot	VERB	avoir
tumé	VERB	tommer
sus	DET	sus
et	CCONJ	et
jus	ADV	jus
par	ADP	par
ci	ADV	ci
et	CCONJ	et
par	ADP	par
la	DET	le
a	ADP	a
mout	ADV	mout
grant	ADJ	grant
paine	NOUN	peine
zz	DET	tos
peu	ADV	peu
parla	VERB	parler
.	PUNCT	.
Et	CCONJ	et
dist	VERB	dire
si	ADV	si
comme	SCONJ	comme
il	PRON	il
peut	VERB	pouvoir
parler	VERB	parler
qu	SCONJ	que
a	ADP	a
nostre	DET	notre
dame	NOUN	dame
au	ADP.DET	a.le
saint	ADJ	saint
soller	VERB	solir
le	DET	le
portast	VERB	porter
on	PRON	on
isnelement	NOUN	isnelement
.	PUNCT	.
Si	ADV	si
compaignon	NOUN	compagnon
mout	ADV	mout
belement	NOUN	belement
lues	NOUN	luei
l	PRON	,l
ont	VERB	avoir
saisi	VERB	saisir
et	CCONJ	et
encharchié	VERB	encharcier
.	PUNCT	.
porté	NOUN	porter
l	PRON	,l
en	ADP	en
ont	VERB	avoir
et	CCONJ	et
descharchié	VERB	deschargier
devant	ADP	devant
l	PRON	,l
autel	NOUN	autel
a	ADP	a
nostre	DET	notre
dame	NOUN	dame
.	PUNCT	.
maint	DET	maint
homme	NOUN	homme
i	ADV	i
a	ADP	a
et	CCONJ	et
mainte	DET	maint
fame	NOUN	feme
qui	PRON	qui
le	DET	le
regardent	VERB	regarder
a	ADP	a
merveille	NOUN	merveille
.	PUNCT	.
Chascuns	DET	chascun
se	PRON	se
saigne	VERB	saignier
.	PUNCT	.
Et	CCONJ	et
esmerveille	NOUN	esmerveiller
por	ADP	por
ce	PRON	ce
qu	SCONJ	que
ainsi	ADV	ainsi
li	DET	le
anemis	NOUN	ennemi
dedens	ADP	dedans
lui	PRON	lui
s	CCONJ	se
est	VERB	estre
muciez	VERB	mucier
et	CCONJ	et
mis	VERB	metre
.	PUNCT	.
Li	DET	le
anemis	NOUN	ennemi
si	ADV	si
le	DET	le
demaine	NOUN	demaine
que	SCONJ	que
si	ADV	si
tres	ADV	très
fort	ADJ	fort
soufle	NOUN	soufler
et	CCONJ	et
alaine	NOUN	aleine
que	SCONJ	que
trop	ADV	trop
grant	ADJ	grant
hisde	NOUN	hisdre
est	VERB	estre
dou	DET	de.le
veoir	VERB	vëoir
.	PUNCT	.
Et	CCONJ	et
sue	ADJ	suen
de	ADP	de
si	ADV	si
grant	ADJ	grant
peoir	NOUN	pëoir
d	ADP	ad
une	DET	un
sueur	NOUN	sueir
si	ADV	si
tres	ADV	très
pullente	NOUN	pollent
tout	DET	tout
le	DET	le
moustier	NOUN	moustier
en	ADP	en
empullente	VERB	emploir
.	PUNCT	.
Comme	SCONJ	comme
zz	DET	tos
tors	NOUN	tors
crie	NOUN	crier
.	PUNCT	.
Muit	PROPN	moiri
.	PUNCT	.
Et	CCONJ	et
brait	NOUN	brait
.	PUNCT	.
Si	ADV	si
sont	VERB	estre
hisdeus	NOUN	hisdre
et	CCONJ	et
grant	ADJ	grant
si	ADV	si
brait	NOUN	brait
plusors	DET	plusor
en	ADP	en
ont	VERB	avoir
si	ADV	si
grant	ADJ	grant
freeur	NOUN	ferrer
le	DET	le
moustier	NOUN	moustier
vuident	VERB	vuidier
de	ADP	de
peeur	NOUN	peure
.	PUNCT	.
Ne	CCONJ	ne
puet	VERB	pöoir
seoir	VERB	sëoir
.	PUNCT	.
Ne	CCONJ	ne
puet	VERB	pöoir
ester	VERB	ester
.	PUNCT	.
Ne	CCONJ	ne
puet	VERB	pöoir
en	ADP	en
nul	DET	nul
lieu	NOUN	lieu
arester	VERB	arester
.	PUNCT	.
Mais	CCONJ	mais
ca	DET	ca
et	CCONJ	et
la	DET	le
se	PRON	se
va	VERB	aler
tumant	NOUN	tommer
.	PUNCT	.
La	DET	le
bouche	NOUN	bouche
ausi	ADV	aussi
li	DET	le
va	VERB	aler
fumant	NOUN	fumer
com	SCONJ	come
se	PRON	se
c	CCONJ	ce
estoit	VERB	estre
une	DET	un
fornaise	NOUN	forner
.	PUNCT	.
C	PRON	ce
est	VERB	estre
a	ADP	a
boen	ADJ	bon
droit	ADJ	droit
s	CCONJ	se
est	VERB	estre
a	ADP	a
malaise	NOUN	malaise
quant	SCONJ	cant
il	PRON	il
chifla	ADJ	cilain
dou	DET	de.le
saint	ADJ	saint
soller	VERB	solir
.	PUNCT	.
Son	DET	son
hauberc	NOUN	hauberc
bien	NOUN	bien
li	DET	le
fist	VERB	faire
roller	VERB	roller
la	DET	le
mere	NOUN	mere
dieu	VERB	dieu
a	ADP	a
cele	DET	cel
fois	NOUN	fois
.	PUNCT	.
que	SCONJ	que
qu	SCONJ	que
il	PRON	il
estoit	VERB	estre
si	ADV	si
tres	ADV	très
destrois	ADJ	destroi
et	CCONJ	et
jetoit	VERB	jeter
brais	NOUN	brai
et	CCONJ	et
cris	NOUN	cri
si	ADV	si
hax	NOUN	hal
la	DET	le
sorvint	VERB	sordre
la	DET	le
bone	ADJ	bon
mehax	NOUN	mais
que	SCONJ	que
a	ADP	a
ce	PRON	ce
jor	NOUN	jor
ert	VERB	estre
abeesse	NOUN	abeser
.	PUNCT	.
Entor	ADP	entor
li	DET	le
fait	VERB	faire
rompre	NOUN	rompre
la	DET	le
presse	NOUN	presse
qui	PRON	qui
mout	ADV	mout
estoit	VERB	estre
espesse	NOUN	espès
et	CCONJ	et
grans	ADJ	grand
come	SCONJ	come
cele	DET	cel
qui	PRON	qui
mout	ADV	mout
est	VERB	estre
engrans	NOUN	engrendre
de	ADP	de
la	DET	le
sante	NOUN	sant
a	ADP	a
ce	PRON	ce
malade	ADJ	malade
.	PUNCT	.
Dou	PROPN	de.le
saint	ADJ	saint
soller	VERB	solir
dou	DET	de.le
dox	DET	doux
dou	DET	de.le
sade	NOUN	sanc
pour	ADP	pour
cui	PRON	cui
diex	NOUN	dieu
fait	VERB	faire
tantes	NOUN	tant
merveilles	NOUN	merveille
les	DET	le
iex	NOUN	il
la	DET	le
bouche	NOUN	bouche
les	DET	le
oreilles	NOUN	oreille
et	CCONJ	et
tout	DET	tout
le	DET	le
cors	NOUN	cors
entierement	ADV	entièrement
seignier	VERB	seignier
li	DET	le
fait	VERB	faire
mout	ADV	mout
doucement	NOUN	doucement
.	PUNCT	.
dou	DET	de.le
saint	ADJ	saint
soller	VERB	solir
et	CCONJ	et
des	ADP.DET	de.le
reliques	NOUN	relique
quant	SCONJ	cant
seigniez	VERB	seignier
fu	VERB	estre
li	DET	le
frenetiques	NOUN	frendre
li	DET	le
fors	ADV	fors
dou	DET	de.le
sens	NOUN	sens
li	DET	le
enragiez	VERB	enragier
maintenant	ADV	maintenant
est	VERB	estre
asoagiez	VERB	assager
.	PUNCT	.
Et	CCONJ	et
lues	NOUN	luei
s	CCONJ	se
en	ADP	en
fuit	VERB	fuir
li	DET	le
anemiz	NOUN	ennemi
.	PUNCT	.
Devant	ADP	devant
l	PRON	,l
autel	NOUN	autel
en	ADP	en
crois	NOUN	croix
s	CCONJ	se
est	VERB	estre
mis	VERB	metre
.	PUNCT	.
Assez	ADV	assez
gemist	VERB	mestre
.	PUNCT	.
Et	CCONJ	et
assez	ADV	assez
pleure	NOUN	pleurer
.	PUNCT	.
Et	CCONJ	et
nostre	DET	notre
dame	NOUN	dame
mout	ADV	mout
aeure	NOUN	aire
.	PUNCT	.
De	ADP	de
ce	PRON	ce
qu	SCONJ	que
ainsi	ADV	ainsi
l	PRON	,l
a	ADP	a
visité	NOUN	visité
grant	ADJ	grant
joie	NOUN	joie
i	ADV	i
ot	VERB	avoir
par	ADP	par
verite	ADJ	verité
.	PUNCT	.
La	DET	le
mere	NOUN	mere
dieu	VERB	dieu
gloirefierent	VERB	glerifier
et	CCONJ	et
cil	DET	cel
et	CCONJ	et
celes	DET	cel
qui	PRON	qui
la	DET	le
erent	VERB	estre
.	PUNCT	.
Onques	ADV	onque
puis	NOUN	puis
li	DET	le
vilains	ADJ	vilain
buesars	NOUN	baure
si	ADV	si
soz	ADP	soz
ne	ADV	ne
fu	VERB	estre
ne	ADV	ne
si	ADV	si
musars	NOUN	muser
dou	DET	de.le
saint	ADJ	saint
soller	VERB	solir
qu	SCONJ	que
il	PRON	il
mesdesist	VERB	mesder
.	PUNCT	.
Puis	NOUN	puis
ne	ADV	ne
fu	VERB	estre
jors	NOUN	jour
bien	NOUN	bien
ne	ADV	ne
desist	VERB	desser
que	SCONJ	que
dou	DET	de.le
saint	ADJ	saint
soller	VERB	solir
nostre	DET	notre
dame	NOUN	dame
ne	ADV	ne
devoit	VERB	devoir
mais	NOUN	mais
douter	VERB	douter
nule	DET	nul
ame	NOUN	ame
.	PUNCT	.
Au	ADP.DET	a.le
chevalier	NOUN	chevalier
merci	NOUN	merci
cria	VERB	crïer
.	PUNCT	.
Tant	ADV	tant
le	DET	le
servi	VERB	servir
.	PUNCT	.
Tant	ADV	tant
le	DET	le
pria	VERB	priier
qu	SCONJ	que
il	PRON	il
le	DET	le
cuita	VERB	cuidier
et	CCONJ	et
fu	VERB	estre
delivres	ADJ	delivre
.	PUNCT	.
Tant	ADV	tant
com	SCONJ	come
veschi	NOUN	vivre
ce	PRON	ce
dit	VERB	dire
li	DET	le
livres	NOUN	livre
a	ADP	a
nostre	DET	notre
dame	NOUN	dame
se	PRON	se
voua	VERB	voloir
.	PUNCT	.
Ainc	PROPN	ainc
puis	NOUN	puis
aillors	ADV	aillors
ne	ADV	ne
se	PRON	se
loua	VERB	louer
.	PUNCT	.
Mais	CCONJ	mais
au	ADP.DET	a.le
labeur	ADJ	labeur
de	ADP	de
l	PRON	,l
abeie	NOUN	abbé
laboura	VERB	labouras
tant	ADV	tant
com	SCONJ	come
fu	VERB	estre
en	ADP	en
vie	NOUN	vie
.	PUNCT	.
Et	CCONJ	et
traveilla	VERB	travaillier
li	DET	le
boens	ADJ	bon
bouviers	NOUN	bouvoir
.	PUNCT	.
Bien	NOUN	bien
se	PRON	se
conroie	NOUN	cornoiier
de	ADP	de
plouviers	NOUN	plovir
.	PUNCT	.
Et	CCONJ	et
bien	NOUN	bien
saoule	NOUN	sauve
.	PUNCT	.
Et	CCONJ	et
refait	VERB	refaire
s	CCONJ	se
ame	NOUN	ame
qui	PRON	qui
aime	NOUN	aimer
et	CCONJ	et
sert	VERB	servir
bien	NOUN	bien
nostre	DET	notre
dame	NOUN	dame
.	PUNCT	.
Et	CCONJ	et
qui	PRON	qui
bien	NOUN	bien
l	PRON	,l
aime	NOUN	aimer
bien	NOUN	bien
la	DET	le
doute	ADJ	doute
.	PUNCT	.
Mais	CCONJ	mais
pluseur	DET	plusieurs
sont	VERB	estre
ce	PRON	ce
n	PUNCT	ne
est	VERB	estre
pas	NOUN	pas
doute	ADJ	doute
qui	PRON	qui
des	ADP.DET	de.le
sains	ADJ	sain
vuelent	VERB	voloir
coupoier	VERB	couper
.	PUNCT	.
Celui	DET	cel
doit	VERB	devoir
on	PRON	on
les	DET	le
iex	NOUN	il
poier	VERB	peier
voire	ADJ	voir
crever	VERB	crever
foi	NOUN	foi
que	SCONJ	que
doi	NOUN	devoir
m	DET	me
ame	NOUN	ame
qui	PRON	qui
coupoie	NOUN	coupe
seur	NOUN	soir
nostre	DET	notre
dame	NOUN	dame
.	PUNCT	.
Qui	PRON	qui
en	ADP	en
coupoie	NOUN	coupe
qui	PRON	qui
en	ADP	en
jure	NOUN	jurer
il	PRON	il
fait	VERB	faire
a	ADP	a
dieu	VERB	dieu
plus	ADV	plus
grant	ADJ	grant
enjure	NOUN	enjurer
.	PUNCT	.
Et	CCONJ	et
plus	ADV	plus
la	DET	le
chose	NOUN	chose
li	DET	le
est	VERB	estre
pesme	NOUN	pesme
que	SCONJ	que
s	CCONJ	se
il	PRON	il
juroit	VERB	jourir
de	ADP	de
lui	PRON	lui
meesme	ADJ	même
.	PUNCT	.
De	ADP	de
lui	PRON	lui
meesme	ADJ	même
si	ADV	si
fait	VERB	faire
il	PRON	il
.	PUNCT	.
Et	CCONJ	et
d	ADP	ad
autre	ADJ	autre
part	NOUN	part
certes	ADV	certes
tuit	DET	tot
cil	DET	cel
sont	VERB	estre
bien	NOUN	bien
venchu	VERB	venic
et	CCONJ	et
recreant	VERB	recroire
.	PUNCT	.
Ne	CCONJ	ne
cler	ADJ	clair
ne	ADV	ne
sont	VERB	estre
il	PRON	il
pas	NOUN	pas
veant	VERB	vëoir
cui	PRON	cui
la	DET	le
honte	NOUN	honte
c	CCONJ	ce
om	ADP	ome
fait	VERB	faire
lor	DET	lor
mere	NOUN	mere
n	PUNCT	ne
est	VERB	estre
assez	ADV	assez
plus	ADV	plus
aigre	NOUN	aigre
et	CCONJ	et
amere	NOUN	amer
que	SCONJ	que
ne	ADV	ne
soit	VERB	estre
cele	DET	cel
c	CCONJ	ce
om	ADP	ome
leur	DET	leur
fait	VERB	faire
.	PUNCT	.
Or	ADV	or
i	ADV	i
pensommes	NOUN	pensempor
tuit	DET	tot
a	ADP	a
fait	VERB	faire
.	PUNCT	.
Et	CCONJ	et
a	ADP	a
nos	PRON	nos
cuers	NOUN	cuer
prendon	NOUN	prendre
l	PRON	,l
autrui	PRON	autrui
.	PUNCT	.
Se	SCONJ	se
diex	NOUN	dieu
m	DET	me
eist	VERB	aisi
demain	ADV	demain
et	CCONJ	et
hui	ADV	ui
de	ADP	de
moi	PRON	je
sai	VERB	savoir
bien	NOUN	bien
sanz	ADP	sans
nule	DET	nul
trufe	NOUN	trover
qui	PRON	qui
me	PRON	je
donroit	VERB	doner
une	DET	un
grant	ADJ	grant
bufe	NOUN	bufe
ne	ADV	ne
me	PRON	je
porroit	VERB	pöoir
mie	ADV	mie
a	ADP	a
nul	DET	nul
fuer	NOUN	fuer
d	ADP	ad
assez	ADV	assez
si	ADV	si
croupir	VERB	crocherie
sor	ADP	sor
le	DET	le
cuer	NOUN	cuer
ne	ADV	ne
tant	ADV	tant
ne	ADV	ne
m	DET	me
en	ADP	en
forseneroie	NOUN	forsener
de	ADP	de
la	DET	le
moitie	NOUN	moitié
com	SCONJ	come
je	PRON	je
feroie	VERB	faire
de	ADP	de
ma	DET	mon
mere	NOUN	mere
se	PRON	se
vive	ADJ	vif
estoit	VERB	estre
se	PRON	se
qui	PRON	qui
que	SCONJ	que
soit	VERB	estre
la	DET	le
molestoit	VERB	mouvoir
.	PUNCT	.
Et	CCONJ	et
qui	PRON	qui
li	DET	le
porteroit	VERB	porter
honeur	NOUN	honneur
gre	NOUN	gre
l	PRON	,l
en	ADP	en
saroie	VERB	sarvir
assez	ADV	assez
greigneur	ADJ	grant
.	PUNCT	.
Et	CCONJ	et
assez	ADV	assez
plus	ADV	plus
l	PRON	,l
en	ADP	en
ameroie	VERB	amer
de	ADP	de
moi	PRON	je
meesme	ADJ	même
ne	ADV	ne
feroie	VERB	faire
.	PUNCT	.
De	ADP	de
ce	PRON	ce
se	PRON	se
tienent	VERB	tenir
bien	NOUN	bien
a	ADP	a
moi	PRON	je
tuit	DET	tot
li	DET	le
pluseur	DET	plusieurs
si	ADV	si
com	SCONJ	come
je	PRON	je
croi	NOUN	croire
.	PUNCT	.
Dou	PROPN	de.le
grant	ADJ	grant
seigneur	NOUN	seigneur
que	SCONJ	que
dirons	VERB	dire
donques	ADV	donc
.	PUNCT	.
N	PUNCT	ne
est	VERB	estre
.	PUNCT	.
Ne	CCONJ	ne
ja	ADV	ja
n	PUNCT	ne
iert	VERB	estre
.	PUNCT	.
Ne	CCONJ	ne
ne	ADV	ne
fu	VERB	estre
onques	ADV	onque
nus	DET	nul
qui	PRON	qui
sa	DET	son
mere	NOUN	mere
amer	VERB	amer
peust	VERB	pouvoir
autant	ADV	autant
com	SCONJ	come
il	PRON	il
ne	ADV	ne
ne	ADV	ne
seust	VERB	savoir
.	PUNCT	.
quant	SCONJ	cant
li	DET	le
doz	NOUN	doze
rois	NOUN	roi
li	DET	le
tres	ADV	très
doz	NOUN	doze
pere	NOUN	père
qu	SCONJ	que
ouneur	NOUN	onorer
portons	NOUN	porton
et	CCONJ	et
pere	NOUN	père
et	CCONJ	et
mere	NOUN	mere
noz	DET	notre
dit	VERB	dire
et	CCONJ	et
commande	VERB	commander
en	ADP	en
la	DET	le
loi	NOUN	loi
dont	PRON	dont
seroit	VERB	estre
ce	PRON	ce
bien	NOUN	bien
a	ADP	a
belloi	NOUN	beloil
s	CCONJ	se
il	PRON	il
n	PUNCT	ne
ouneroit	VERB	onorer
ausi	ADV	aussi
la	DET	le
sieue	ADJ	sieu
qui	PRON	qui
plus	ADV	plus
est	VERB	estre
douce	ADJ	doux
et	CCONJ	et
plus	ADV	plus
est	VERB	estre
pieue	NOUN	pieue
et	CCONJ	et
qui	PRON	qui
miex	ADV	mieux
vaut	VERB	valoir
totes	DET	tot
ne	ADV	ne
font	VERB	faire
celes	DET	cel
qui	PRON	qui
furent	VERB	estre
et	CCONJ	et
qui	PRON	qui
sont	VERB	estre
.	PUNCT	.
Sachiez	VERB	savoir
que	SCONJ	que
diex	NOUN	dieu
sanz	ADP	sans
nule	DET	nul
doute	ADJ	doute
a	ADP	a
toz	DET	tot
ciax	NOUN	cil
done	VERB	doner
s	CCONJ	se
amor	NOUN	amor
toute	DET	tout
qui	PRON	qui
houneurent	VERB	honneur
sa	DET	son
douce	ADJ	doux
mere	NOUN	mere
.	PUNCT	.
Mais	CCONJ	mais
sa	DET	son
douceur	ADJ	doux
li	DET	le
tres	ADV	très
doz	NOUN	doze
pere	NOUN	père
en	ADP	en
maltalent	NOUN	maltalent
mue	ADJ	müe
et	CCONJ	et
en	ADP	en
ire	NOUN	ire
tantost	ADV	tantost
comme	SCONJ	comme
ot	VERB	avoir
de	ADP	de
li	DET	le
mesdire	VERB	mesdire
.	PUNCT	.
Puisque	NOUN	puisque
sa	DET	son
mere	NOUN	mere
ot	VERB	avoir
desmembrer	VERB	demembrer
de	ADP	de
douceur	ADJ	doux
ne	ADV	ne
li	DET	le
puet	VERB	pöoir
membrer	VERB	membre
.	PUNCT	.
Puisque	NOUN	puisque
sa	DET	son
mere	NOUN	mere
ot	VERB	avoir
depecier	VERB	depecier
il	PRON	il
le	DET	le
couvient	VERB	couventier
lues	NOUN	luei
corocier	VERB	corrocier
.	PUNCT	.
Il	PRON	il
sueffre	VERB	souffrir
assez	ADV	assez
de	ADP	de
li	DET	le
meisme	ADJ	même
.	PUNCT	.
Mais	CCONJ	mais
a	ADP	a
sa	DET	son
mere	NOUN	mere
faut	VERB	falir
la	DET	le
rime	NOUN	rime
.	PUNCT	.
Puisqu	PROPN	puisque
a	ADP	a
li	DET	le
vient	VERB	venir
c	CCONJ	ce
est	VERB	estre
tot	DET	tot
alé	VERB	aler
tot	DET	tot
respandu	VERB	respandre
et	CCONJ	et
tot	DET	tot
kalé	NOUN	caladé
.	PUNCT	.
Diex	PROPN	dieu
por	ADP	por
sa	DET	son
mere	NOUN	mere
c	CCONJ	ce
est	VERB	estre
la	DET	le
somme	NOUN	somme
si	ADV	si
fort	ADJ	fort
s	CCONJ	se
aire	NOUN	aire
tout	DET	tout
asomme	NOUN	asmout
.	PUNCT	.
Forsenez	VERB	forsener
est	VERB	estre
qui	PRON	qui
li	DET	le
mesfait	NOUN	mesfait
.	PUNCT	.
Car	CCONJ	car
c	CCONJ	ce
est	VERB	estre
cele	DET	cel
qui	PRON	qui
les	DET	le
pais	NOUN	paix
fait	VERB	faire
.	PUNCT	.
entre	ADP	entre
dieu	VERB	dieu
et	CCONJ	et
home	NOUN	ome
est	VERB	estre
moiane	NOUN	meyer
.	PUNCT	.
Totes	DET	tot
les	DET	le
pais	NOUN	paix
fait	VERB	faire
.	PUNCT	.
Et	CCONJ	et
moiane	NOUN	meyer
.	PUNCT	.
Qui	PRON	qui
que	SCONJ	que
vers	ADP	vers
dieu	VERB	dieu
est	VERB	estre
en	ADP	en
descorde	NOUN	descorde
se	PRON	se
sa	DET	son
mere	NOUN	mere
ne	ADV	ne
l	PRON	,l
i	ADV	i
acorde	NOUN	acorder
n	PUNCT	ne
est	VERB	estre
sains	ADJ	sain
ne	ADV	ne
sainte	ADJ	saint
qui	PRON	qui
peust	VERB	pouvoir
faire	VERB	faire
la	DET	le
pais	NOUN	paix
ne	ADV	ne
ne	ADV	ne
seust	VERB	savoir
.	PUNCT	.
Uns	DET	un
ribax	ADJ	ribal
c	CCONJ	ce
on	PRON	on
tenoit	VERB	tenir
pour	ADP	pour
sot	VERB	savoir
une	DET	un
fois	NOUN	fois
dist	VERB	dire
zz	DET	tos
trop	ADV	trop
boen	ADJ	bon
mot	NOUN	mot
.	PUNCT	.
Or	ADV	or
m	DET	me
est	VERB	estre
mout	ADV	mout
bel	ADJ	bel
qu	SCONJ	que
il	PRON	il
m	DET	me
en	ADP	en
souvient	VERB	souvenir
.	PUNCT	.
Vous	PRON	vous
savez	VERB	savoir
bien	NOUN	bien
qu	SCONJ	que
assez	ADV	assez
avient	VERB	avenir
que	SCONJ	que
ribaut	NOUN	ribaut
et	CCONJ	et
trumeleeur	ADJ	trüemuler
sont	VERB	estre
mout	ADV	mout
desloial	ADJ	deslëalot
jureeur	NOUN	jurer
.	PUNCT	.
Cil	DET	cel
ribax	ADJ	ribal
qu	SCONJ	que
ai	VERB	avoir
ramenteu	VERB	ramenteur
avec	ADP	avec
un	DET	un
autre	ADJ	autre
durfeu	ADJ	durber
en	ADP	en
une	DET	un
place	NOUN	place
d	ADP	ad
une	DET	un
part	NOUN	part
as	VERB	a.le
dez	ADP	dez
jooit	VERB	joie
et	CCONJ	et
a	ADP	a
hasart	NOUN	hasart
.	PUNCT	.
Mais	CCONJ	mais
li	DET	le
dez	ADP	dez
li	DET	le
torna	VERB	torner
le	DET	le
dos	NOUN	dos
si	ADV	si
qu	SCONJ	que
il	PRON	il
perdi	NOUN	perdre
tot	DET	tot
desqu	ADP	de.le
as	VERB	a.le
os	DET	oser
.	PUNCT	.
Tantost	ADV	tantost
sanz	ADP	sans
nule	DET	nul
demorance	NOUN	demorance
ou	CCONJ	ou
par	ADP	par
assize	VERB	asseoir
ou	CCONJ	ou
par	ADP	par
cheance	NOUN	chenece
ot	VERB	avoir
tout	DET	tout
perdu	VERB	perdre
desques	ADP	desque
as	VERB	a.le
braies	NOUN	braie
.	PUNCT	.
foie	NOUN	foi
et	CCONJ	et
pommon	NOUN	pomme
boele	NOUN	boele
et	CCONJ	et
plaies	NOUN	plaie
et	CCONJ	et
tout	DET	tout
quanqu	PRON	cantque
en	ADP	en
bouche	NOUN	bouche
li	DET	le
chiet	VERB	chëoir
jure	NOUN	jurer
por	ADP	por
ce	PRON	ce
qu	SCONJ	que
il	PRON	il
li	DET	le
meschiet	VERB	meschëoir
.	PUNCT	.
Desloiaute	VERB	deslöer
a	ADP	a
juré	VERB	jurer
mainte	DET	maint
.	PUNCT	.
N	PUNCT	ne
espargne	VERB	espargnier
dieu	VERB	dieu
ne	ADV	ne
saint	ADJ	saint
ne	ADV	ne
sainte	ADJ	saint
.	PUNCT	.
Nus	DET	nul
piez	NOUN	pié
vorroit	VERB	voir
estre	VERB	estre
a	ADP	a
saint	ADJ	saint
gile	NOUN	gil
ne	ADV	ne
repairast	VERB	repairier
jamais	ADV	jamais
a	ADP	a
vile	NOUN	vile
ne	ADV	ne
jamais	ADV	jamais
n	PUNCT	ne
entrast	VERB	entrer
en	ADP	en
sa	DET	son
cort	NOUN	cort
.	PUNCT	.
Et	CCONJ	et
trestuit	DET	trestot
cil	DET	cel
d	ADP	ad
audeignecort	NOUN	audiguerinet
vorroient	VERB	voir
qu	SCONJ	que
ele	PRON	il
fust	VERB	estre
noiee	VERB	noiier
.	PUNCT	.
Toute	DET	tout
est	VERB	estre
la	DET	le
lasse	ADJ	las
desvoiee	VERB	desvoiier
.	PUNCT	.
Ja	ADV	ja
soit	VERB	estre
ce	PRON	ce
qu	SCONJ	que
ele	PRON	il
soit	VERB	estre
garie	VERB	garir
.	PUNCT	.
A	ADP	a
ma	DET	mon
dame	NOUN	dame
sainte	ADJ	saint
marie	NOUN	marie
jor	NOUN	jor
et	CCONJ	et
nuit	NOUN	nuit
se	PRON	se
va	VERB	aler
doulosant	ADJ	dolor
.	PUNCT	.
Plaine	NOUN	plein
sante	NOUN	sant
va	VERB	aler
goulosant	VERB	gouvoner
.	PUNCT	.
Mais	CCONJ	mais
tant	ADV	tant
par	ADP	par
est	VERB	estre
grevaine	ADJ	grevain
chose	NOUN	chose
la	DET	le
mere	NOUN	mere
dieu	VERB	dieu
prier	VERB	priier
n	PUNCT	ne
en	ADP	en
ose	VERB	oser
.	PUNCT	.
Au	ADP.DET	a.le
saint	ADJ	saint
soller	VERB	solir
va	VERB	aler
jor	NOUN	jor
et	CCONJ	et
nuit	NOUN	nuit
.	PUNCT	.
Tant	ADV	tant
n	PUNCT	ne
i	ADV	i
a	ADP	a
nul	DET	nul
cui	PRON	cui
il	PRON	il
n	PUNCT	ne
anuit	ADV	anuit
.	PUNCT	.
La	DET	le
va	VERB	aler
gemir	VERB	jejon
.	PUNCT	.
La	DET	le
va	VERB	aler
plourer	VERB	plorer
.	PUNCT	.
Mais	CCONJ	mais
n	PUNCT	ne
i	ADV	i
puet	VERB	pöoir
pas	NOUN	pas
mout	ADV	mout
demorer	VERB	demorer
.	PUNCT	.
Car	CCONJ	car
nes	NOUN	ne.il
les	DET	le
gardes	NOUN	garde
fors	ADV	fors
l	PRON	,l
en	ADP	en
chacent	VERB	chacier
.	PUNCT	.
N	PUNCT	ne
est	VERB	estre
riens	NOUN	rien
ou	CCONJ	ou
monde	NOUN	monde
que	SCONJ	que
tant	ADV	tant
hacent	VERB	hacent
.	PUNCT	.
Ne	CCONJ	ne
set	VERB	savoir
la	DET	le
lasse	ADJ	las
que	SCONJ	que
devieigne	VERB	deviience
.	PUNCT	.
Ne	CCONJ	ne
set	VERB	savoir
ou	CCONJ	ou
voist	VERB	aler
.	PUNCT	.
Ne	CCONJ	ne
set	VERB	savoir
ou	CCONJ	ou
vieigne	VERB	veintre
.	PUNCT	.
Nus	DET	nul
ne	ADV	ne
l	PRON	,l
aime	NOUN	aimer
.	PUNCT	.
Ne	CCONJ	ne
ne	ADV	ne
tient	VERB	tenir
chiere	NOUN	chier
.	PUNCT	.
Nus	DET	nul
ne	ADV	ne
la	DET	le
voit	VERB	vëoir
emmi	NOUN	emmi
la	DET	le
chiere	NOUN	chier
.	PUNCT	.
Ne	CCONJ	ne
la	DET	le
hace	VERB	hache
plus	ADV	plus
qu	SCONJ	que
un	DET	un
crapout	VERB	crapout
.	PUNCT	.
Aval	ADV	aval
soissons	NOUN	soisson
miex	ADV	mieux
qu	SCONJ	que
ele	PRON	il
pot	VERB	pöoir
si	ADV	si
com	SCONJ	come
besoigne	NOUN	besoignier
la	DET	le
chaca	VERB	chacier
son	DET	son
pain	NOUN	pain
grant	ADJ	grant
piece	NOUN	piece
pourchaca	VERB	porcharion
.	PUNCT	.
Miex	PROPN	mieux
qu	SCONJ	que
ele	PRON	il
pot	VERB	pöoir
fist	VERB	faire
totes	DET	tot
voies	NOUN	voie
.	PUNCT	.
Mais	CCONJ	mais
si	ADV	si
laide	ADJ	laide
iert	VERB	estre
aval	ADV	aval
ces	DET	ce
voies	NOUN	voie
que	SCONJ	que
trop	ADV	trop
iert	VERB	estre
laide	ADJ	laide
a	ADP	a
regarder	VERB	regarder
.	PUNCT	.
Qui	PRON	qui
les	DET	le
enfans	NOUN	enfant
deust	VERB	devoir
larder	VERB	lardois
n	PUNCT	ne
alaissent	VERB	aler
il	PRON	il
nes	NOUN	ne.il
cele	DET	cel
part	NOUN	part
.	PUNCT	.
Plus	ADV	plus
la	DET	le
doutoient	VERB	douter
d	ADP	ad
un	DET	un
liepart	NOUN	liepart
.	PUNCT	.
Haie	PROPN	haie
estoit	VERB	estre
sor	ADP	sor
tote	DET	tot
rien	NOUN	rien
.	PUNCT	.
Ne	CCONJ	ne
verrez	VERB	voir
mais	NOUN	mais
ce	PRON	ce
sachiez	VERB	savoir
bien	NOUN	bien
si	ADV	si
laide	ADJ	laide
riens	NOUN	rien
tant	ADV	tant
com	SCONJ	come
vivez	ADJ	vivre
.	PUNCT	.
les	DET	le
dens	ADP	dens
avoit	VERB	avoir
si	ADV	si
desrivez	VERB	desrevrir
les	DET	le
jencives	NOUN	jenjice
si	ADV	si
descharnees	VERB	deschancer
et	CCONJ	et
les	DET	le
narines	NOUN	naire
si	ADV	si
chevees	NOUN	chevese
que	SCONJ	que
tant	ADV	tant
par	ADP	par
iert	VERB	estre
espoentable	ADJ	esposer
qu	SCONJ	que
ele	PRON	il
sembloit	VERB	sembler
zz	DET	tos
vif	ADJ	vif
deable	NOUN	dïable
.	PUNCT	.
Qui	PRON	qui
l	PRON	,l
esgardoit	VERB	esgarder
emmi	NOUN	emmi
le	DET	le
vis	NOUN	vis
il	PRON	il
sembloit	VERB	sembler
bien	NOUN	bien
.	PUNCT	.
Et	CCONJ	et
ert	VERB	estre
avis	NOUN	avis
qu	SCONJ	que
ele	PRON	il
deust	VERB	devoir
les	DET	le
gens	NOUN	gens
mengier	VERB	mangier
.	PUNCT	.
Enfans	NOUN	enfant
fuir	NOUN	fuir
et	CCONJ	et
desrengier	VERB	deraigne
faisoit	VERB	faire
souvent	DET	souvent
aval	ADV	aval
ces	DET	ce
rues	NOUN	rüe
.	PUNCT	.
Et	CCONJ	et
des	ADP.DET	de.le
grans	ADJ	grand
gens	NOUN	gens
et	CCONJ	et
des	ADP.DET	de.le
menues	ADJ	menu
haie	NOUN	haie
estoit	VERB	estre
plus	ADV	plus
qu	SCONJ	que
uns	DET	un
viex	NOUN	vieux
viautres	NOUN	voloir
.	PUNCT	.
Li	DET	le
zz	DET	tos
enfant	NOUN	enfant
crient	VERB	criembre
as	VERB	a.le
autres	PRON	autre
.	PUNCT	.
Fuions	NOUN	fuir
.	PUNCT	.
Fuions	NOUN	fuir
.	PUNCT	.
Vés	VERB	vëoir
ci	ADV	ci
gondree	VERB	gondre
.	PUNCT	.
Que	CCONJ	que
de	ADP	de
max	NOUN	mal
leus	NOUN	lieu
soit	VERB	estre
effondree	VERB	effendre
.	PUNCT	.
Les	DET	le
douces	ADJ	doux
gens	NOUN	gens
as	VERB	a.le
piteus	NOUN	pitos
cuers	NOUN	cuer
ausi	ADV	aussi
com	SCONJ	come
s	CCONJ	se
ele	PRON	il
fust	VERB	estre
lor	DET	lor
suers	NOUN	sure
piteusement	NOUN	pitosement
a	ADP	a
li	DET	le
parloient	VERB	parler
.	PUNCT	.
Et	CCONJ	et
lor	DET	lor
aumosnes	NOUN	aumône
i	ADV	i
faisoient	VERB	faire
.	PUNCT	.
Mais	CCONJ	mais
li	DET	le
felon	ADJ	felon
as	VERB	a.le
felons	NOUN	felon
cuers	NOUN	cuer
tout	DET	tout
ausi	ADV	aussi
la	DET	le
chacoient	VERB	chacier
fuers	NOUN	fuer
comme	SCONJ	comme
zz	DET	tos
gaignon	NOUN	gagner
de	ADP	de
lor	DET	lor
maisons	NOUN	maison
.	PUNCT	.
froiteries	NOUN	froitier
et	CCONJ	et
desraisons	VERB	deraisnier
les	DET	le
froites	NOUN	froit
gens	NOUN	gens
mout	ADV	mout
li	DET	le
faisoient	VERB	faire
.	PUNCT	.
Et	CCONJ	et
assez	ADV	assez
souvent	DET	souvent
li	DET	le
disoient	VERB	dire
.	PUNCT	.
Or	ADV	or
fors	ADV	fors
a	ADP	a
cent	DET	cent
maufez	NOUN	maufé
d	ADP	ad
enfer	NOUN	enfer
vieille	NOUN	veillier
deable	NOUN	dïable
denz	ADP	dent
de	ADP	de
fer	NOUN	fer
as	VERB	a.le
vis	NOUN	vis
deables	NOUN	dïable
a	ADP	a
cent	DET	cent
mile	DET	mil
.	PUNCT	.
Que	CCONJ	que
faites	VERB	faire
vous	PRON	vous
en	ADP	en
ceste	DET	cest
vile	NOUN	vile
.	PUNCT	.
Esnasee	VERB	ensement
vieille	NOUN	veillier
dentarde	NOUN	detendre
ralés	VERB	raler
vous	PRON	vous
ent	CCONJ	entre
.	PUNCT	.
Maufez	NOUN	maufé
vous	PRON	vous
arde	VERB	ardre
.	PUNCT	.
Ralez	VERB	raler
en	ADP	en
a	ADP	a
audignecort	NOUN	audignire
.	PUNCT	.
Enserrez	VERB	enserrer
voz	DET	vostre
en	ADP	en
une	DET	un
cort	NOUN	cort
.	PUNCT	.
Ne	CCONJ	ne
devez	VERB	devoir
ja	ADV	ja
entrer	VERB	entrer
en	ADP	en
voie	NOUN	voie
en	ADP	en
lieu	NOUN	lieu
n	PUNCT	ne
en	ADP	en
place	NOUN	place
ou	CCONJ	ou
ja	ADV	ja
vous	PRON	vous
doie	VERB	devoir
veoir	VERB	vëoir
preudome	NOUN	prudhomme
ne	ADV	ne
preude	NOUN	preude
fame	NOUN	feme
.	PUNCT	.
trop	ADV	trop
piteuse	ADJ	pitos
est	VERB	estre
or	NOUN	or
nostre	DET	notre
dame	NOUN	dame
de	ADP	de
soissons	NOUN	soisson
et	CCONJ	et
trop	ADV	trop
amiable	NOUN	amaislaime
quant	SCONJ	cant
elle	PRON	elle
a	ADP	a
sané	VERB	saner
tel	DET	tel
deable	NOUN	dïable
tel	DET	tel
maufe	NOUN	maufe
tele	DET	tel
barbeoire	NOUN	barbenie
.	PUNCT	.
Nous	PRON	nous
voz	DET	vostre
donrons	NOUN	donner
tel	DET	tel
papeoire	NOUN	papoiier
se	PRON	se
jamais	ADV	jamais
entrez	VERB	entrer
ca	DET	ca
dedens	ADP	dedans
que	SCONJ	que
toz	DET	tot
voz	DET	vostre
froerons	NOUN	forrenon
les	DET	le
dens	ADP	dens
.	PUNCT	.
Pullente	PROPN	pulente
vieille	NOUN	veillier
rechignie	VERB	réchignier
honie	VERB	honir
soit	VERB	estre
vostre	DET	vostre
lignie	NOUN	lignien
et	CCONJ	et
trestuit	DET	trestot
cil	DET	cel
qui	PRON	qui
a	ADP	a
voz	DET	vostre
montent	VERB	monter
quant	SCONJ	cant
ne	ADV	ne
vous	PRON	vous
tuent	VERB	terne
et	CCONJ	et
afrontent	VERB	afroner
ou	CCONJ	ou
ruent	VERB	ravoir
en	ADP	en
une	DET	un
quarriere	NOUN	carrer
.	PUNCT	.
Se	SCONJ	se
n	PUNCT	ne
en	ADP	en
ralez	VERB	raler
mout	ADV	mout
tost	DET	tost
arriere	ADV	ariere
vieille	NOUN	veillier
orible	NOUN	orblier
vieille	NOUN	veillier
hisdeuse	NOUN	hisdise
en	ADP	en
aisne	ADJ	ainsi
en	ADP	en
la	DET	le
fosse	NOUN	fosse
voiseuse	NOUN	voire
serez	VERB	être
noie	NOUN	noiier
.	PUNCT	.
Ce	PRON	ce
sachiez	VERB	savoir
.	PUNCT	.
Ou	CCONJ	où
ces	DET	ce
grans	ADJ	grand
dens	ADP	dens
arez	VERB	arer
sachiez	VERB	savoir
.	PUNCT	.
Ou	CCONJ	où
dou	DET	de.le
pont	NOUN	pont
en	ADP	en
aisne	ADJ	ainsi
saurrez	NOUN	savoir
.	PUNCT	.
Ne	CCONJ	ne
qu	SCONJ	que
a	ADP	a
la	DET	le
mort	NOUN	mort
ja	ADV	ja
n	PUNCT	ne
i	ADV	i
faurez	NOUN	faure
.	PUNCT	.
Ne	CCONJ	ne
set	VERB	savoir
gondree	VERB	gondre
qu	SCONJ	que
ele	PRON	il
face	VERB	faire
.	PUNCT	.
Ne	CCONJ	ne
vient	VERB	venir
en	ADP	en
quarrefor	NOUN	quarreoir
n	PUNCT	ne
en	ADP	en
place	NOUN	place
.	PUNCT	.
Ne	CCONJ	ne
ne	ADV	ne
puet	VERB	pöoir
aler	VERB	aler
en	ADP	en
nul	DET	nul
leu	NOUN	lieu
c	CCONJ	ce
om	ADP	ome
ne	ADV	ne
la	DET	le
hace	VERB	hache
plus	ADV	plus
c	CCONJ	ce
un	DET	un
leu	NOUN	lieu
.	PUNCT	.
Si	ADV	si
com	SCONJ	come
besoigne	NOUN	besoignier
li	DET	le
aprent	VERB	aprendre
zz	DET	tos
viez	ADJ	viez
drapel	NOUN	draple
la	DET	le
lasse	ADJ	las
prent	VERB	prendre
.	PUNCT	.
Sa	DET	son
face	VERB	faire
en	ADP	en
cuevre	NOUN	covrir
dusqu	NOUN	duc
as	VERB	a.le
iex	NOUN	il
.	PUNCT	.
Par	ADP	par
deriere	ADP	derrière
si	ADV	si
com	SCONJ	come
puet	VERB	pöoir
miex	ADV	mieux
l	PRON	,l
atache	VERB	atachier
a	ADP	a
une	DET	un
viez	ADJ	viez
cordele	NOUN	cordede
.	PUNCT	.
Ainsi	ADV	ainsi
cuide	VERB	cuidier
estre	VERB	estre
zz	DET	tos
peu	ADV	peu
plus	ADV	plus
bele	ADJ	bel
.	PUNCT	.
Ainsi	ADV	ainsi
la	DET	le
lasse	ADJ	las
totes	DET	tot
voies	NOUN	voie
son	DET	son
pain	NOUN	pain
porchace	NOUN	porchacier
aval	ADV	aval
les	DET	le
voies	NOUN	voie
.	PUNCT	.
Mout	ADV	mout
a	ADP	a
laidures	NOUN	laidure
et	CCONJ	et
ramposnes	NOUN	rampone
quant	SCONJ	cant
li	DET	le
defaillent	VERB	défaillier
ses	DET	son
aumosnes	NOUN	aumône
.	PUNCT	.
Si	ADV	si
s	CCONJ	se
en	ADP	en
reva	VERB	revair
la	DET	le
lasse	ADJ	las
fame	NOUN	feme
a	ADP	a
saint	ADJ	saint
gervais	NOUN	gervais
a	ADP	a
nostre	DET	notre
dame	NOUN	dame
a	ADP	a
saint	ADJ	saint
crespin	NOUN	crisipan
a	ADP	a
saint	ADJ	saint
maart	ADJ	maradre
.	PUNCT	.
L	DET	.le
endemain	NOUN	endemain
reva	VERB	revair
d	ADP	ad
autre	ADJ	autre
part	NOUN	part
a	ADP	a
grant	ADJ	grant
paine	NOUN	peine
et	CCONJ	et
a	ADP	a
grant	ADJ	grant
ahan	NOUN	ahan
a	ADP	a
saint	ADJ	saint
legier	ADJ	legier
a	ADP	a
saint	ADJ	saint
jehan	NOUN	jean
et	CCONJ	et
puis	NOUN	puis
a	ADP	a
saint	ADJ	saint
crespin	NOUN	crisipan
en	ADP	en
chaie	NOUN	chaie
.	PUNCT	.
Ele	PRON	il
set	VERB	savoir
bien	NOUN	bien
comment	ADV	comment
qu	SCONJ	que
il	PRON	il
chaie	NOUN	chaie
faillir	VERB	falir
ne	ADV	ne
puet	VERB	pöoir
as	VERB	a.le
abeies	NOUN	abeie
qu	SCONJ	que
ele	PRON	il
n	PUNCT	ne
i	ADV	i
ait	VERB	avoir
moques	NOUN	moudque
et	CCONJ	et
mies	DET	mie
.	PUNCT	.
Ainsi	ADV	ainsi
cuide	VERB	cuidier
vivre	VERB	vivre
et	CCONJ	et
durer	NOUN	durer
.	PUNCT	.
Mais	CCONJ	mais
ne	ADV	ne
la	DET	le
pueent	VERB	pöoir
endurer	VERB	endurer
par	ADP	par
la	DET	le
cite	NOUN	cite
.	PUNCT	.
Si	ADV	si
lor	DET	lor
anuie	NOUN	enoiier
.	PUNCT	.
Chascuns	DET	chascun
la	DET	le
fiert	VERB	ferir
.	PUNCT	.
Chascuns	DET	chascun
la	DET	le
huie	NOUN	hui
.	PUNCT	.
Quant	SCONJ	cant
voit	VERB	vëoir
que	SCONJ	que
ne	ADV	ne
puet	VERB	pöoir
demorer	VERB	demorer
a	ADP	a
nostre	DET	notre
dame	NOUN	dame
va	VERB	aler
plorer	VERB	plorer
.	PUNCT	.
Dame	NOUN	dame
fait	VERB	faire
elle	PRON	elle
dame	NOUN	dame
dame	NOUN	dame
de	ADP	de
la	DET	le
plus	ADV	plus
esgaree	VERB	esgarer
fame	NOUN	feme
aiez	VERB	avoir
merci	NOUN	merci
qui	PRON	qui
ainz	ADV	ainz
fust	VERB	estre
nee	VERB	naistre
.	PUNCT	.
Pucele	NOUN	pucele
douce	ADJ	doux
et	CCONJ	et
emmielee	VERB	emmeler
s	CCONJ	se
encor	ADV	encore
vers	ADP	vers
moi	PRON	je
ne	ADV	ne
te	PRON	tu
rapite	VERB	rapite
ta	DET	ton
grans	ADJ	grand
douceurs	ADJ	doux
si	ADV	si
sui	VERB	estre
despite	VERB	despit
que	SCONJ	que
ne	ADV	ne
trouverai	VERB	trouver
nule	DET	nul
terre	NOUN	terre
ou	CCONJ	ou
on	PRON	on
me	PRON	je
laist	VERB	laisser
nes	NOUN	ne.il
mon	DET	mon
pain	NOUN	pain
querre	VERB	querre
.	PUNCT	.
Rose	NOUN	rose
fresche	NOUN	frois
rose	NOUN	rose
espanie	NOUN	espane
quant	SCONJ	cant
de	ADP	de
la	DET	le
vile	NOUN	vile
sui	VERB	estre
banie	VERB	banie
et	CCONJ	et
vuidier	VERB	vuidier
m	DET	me
estuet	VERB	estovoir
la	DET	le
cite	NOUN	cite
a	ADP	a
ta	DET	ton
tres	ADV	très
douce	ADJ	doux
piete	NOUN	piede
mon	DET	mon
las	ADJ	las
de	ADP	de
cors	NOUN	cors
commant	ADV	comment
et	CCONJ	et
m	DET	me
ame	NOUN	ame
.	PUNCT	.
Ainsi	ADV	ainsi
la	DET	le
lasse	ADJ	las
boene	ADJ	bon
fame	NOUN	feme
dou	DET	de.le
mostier	NOUN	mostier
part	NOUN	part
toute	DET	tout
esploree	VERB	esplorer
.	PUNCT	.
De	ADP	de
soissons	NOUN	soisson
ist	VERB	issir
sanz	ADP	sans
demoree	VERB	demorer
.	PUNCT	.
Si	ADV	si
revient	VERB	revenir
a	ADP	a
audeignecourt	NOUN	audicuire
.	PUNCT	.
La	DET	le
tint	VERB	tenir
encor	ADV	encore
plus	ADV	plus
povre	ADJ	pauvre
cort	NOUN	cort
qu	SCONJ	que
ele	PRON	il
ne	ADV	ne
faisoit	VERB	faire
a	ADP	a
soissons	NOUN	soisson
.	PUNCT	.
Souvent	PROPN	souvent
failloit	VERB	falir
as	VERB	a.le
gros	ADJ	gros
poissons	NOUN	poisson
.	PUNCT	.
Ne	CCONJ	ne
li	DET	le
fist	VERB	faire
mie	ADV	mie
mout	ADV	mout
biau	ADJ	bel
ris	NOUN	rire
ses	DET	son
barons	NOUN	baron
qui	PRON	qui
ot	VERB	avoir
non	NOUN	nom
tierris	NOUN	tirer
quant	SCONJ	cant
ele	PRON	il
entra	VERB	entrer
en	ADP	en
sa	DET	son
maison	NOUN	maison
.	PUNCT	.
Ainc	PROPN	ainc
plus	ADV	plus
dolans	ADJ	dolent
ne	ADV	ne
fu	VERB	estre
mais	NOUN	mais
hon	NOUN	homme
.	PUNCT	.
Mout	ADV	mout
miex	ADV	mieux
amast	VERB	amer
estre	VERB	estre
sanz	ADP	sans
fame	NOUN	feme
.	PUNCT	.
Et	CCONJ	et
miex	ADV	mieux
vousist	VERB	voloir
que	SCONJ	que
nostre	DET	notre
dame	NOUN	dame
en	ADP	en
porre	NOUN	pöoir
ardoir	VERB	ardre
l	PRON	,l
eust	VERB	avoir
laissié	VERB	laisser
que	SCONJ	que
revenist	VERB	revenir
ainsi	ADV	ainsi
faissie	VERB	faire
.	PUNCT	.
Mout	ADV	mout
li	DET	le
faisoit	VERB	faire
petit	ADJ	petit
de	ADP	de
bien	NOUN	bien
.	PUNCT	.
Car	CCONJ	car
povres	ADJ	pauvre
iert	VERB	estre
.	PUNCT	.
Si	ADV	si
n	PUNCT	ne
avoit	VERB	avoir
rien	NOUN	rien
.	PUNCT	.
Et	CCONJ	et
d	ADP	ad
autre	ADJ	autre
part	NOUN	part
tant	ADV	tant
iert	VERB	estre
hisdeuse	NOUN	hisdise
et	CCONJ	et
a	ADP	a
veoir	VERB	vëoir
tant	ADV	tant
dolereuse	ADJ	dolore
ne	ADV	ne
la	DET	le
veoit	VERB	vëoir
nule	DET	nul
foie	NOUN	foi
qu	SCONJ	que
il	PRON	il
ne	ADV	ne
vousist	VERB	voloir
que	SCONJ	que
fust	VERB	estre
noie	NOUN	noiier
.	PUNCT	.
Mout	ADV	mout
est	VERB	estre
gondree	VERB	gondre
mal	NOUN	mal
venue	VERB	venir
.	PUNCT	.
En	ADP	en
vieute	NOUN	vieux
est	VERB	estre
par	ADP	par
tot	DET	tot
tenue	VERB	tenir
.	PUNCT	.
Chascuns	DET	chascun
la	DET	le
fuit	VERB	fuir
.	PUNCT	.
Chascuns	DET	chascun
l	PRON	,l
estrange	ADJ	estrange
et	CCONJ	et
li	DET	le
privé	ADJ	privé
et	CCONJ	et
li	DET	le
estrange	ADJ	estrange
.	PUNCT	.
Nes	NOUN	nëis
si	ADV	si
parent	NOUN	parent
sont	VERB	estre
encor	ADV	encore
cil	DET	cel
d	ADP	ad
assez	ADV	assez
qui	PRON	qui
plus	ADV	plus
la	DET	le
tienent	VERB	tenir
vil	ADJ	vil
.	PUNCT	.
Tex	DET	tel
est	VERB	estre
dou	DET	de.le
siecle	NOUN	siècle
la	DET	le
coustume	NOUN	coutume
en	ADP	en
povrete	NOUN	pauvreté
quant	SCONJ	cant
aucuns	DET	aucun
tume	NOUN	tomme
ou	CCONJ	ou
chiet	VERB	chëoir
en	ADP	en
longue	ADJ	long
enfermete	NOUN	enfermeté
si	ADV	si
parent	NOUN	parent
l	PRON	,l
ont	VERB	avoir
tost	DET	tost
puer	NOUN	pouvoir
jeté	VERB	jeter
.	PUNCT	.
Ne	CCONJ	ne
set	VERB	savoir
la	DET	le
lasse	ADJ	las
qu	SCONJ	que
ele	PRON	il
face	VERB	faire
.	PUNCT	.
Son	DET	son
drapelet	NOUN	drepal
devant	ADP	devant
sa	DET	son
face	VERB	faire
moille	ADJ	moillier
souvent	DET	souvent
por	ADP	por
miex	ADV	mieux
tenir	VERB	tenir
.	PUNCT	.
Mais	CCONJ	mais
a	ADP	a
tout	DET	tout
ce	PRON	ce
ne	ADV	ne
puet	VERB	pöoir
venir	VERB	venir
en	ADP	en
lieu	NOUN	lieu
ou	CCONJ	ou
chascuns	DET	chascun
ne	ADV	ne
la	DET	le
hace	VERB	hache
.	PUNCT	.
Ne	CCONJ	ne
set	VERB	savoir
la	DET	le
lasse	ADJ	las
qu	SCONJ	que
ele	PRON	il
face	VERB	faire
.	PUNCT	.
Mout	ADV	mout
durement	ADV	durement
se	PRON	se
desespoire	VERB	desespoir
.	PUNCT	.
Ne	CCONJ	ne
puet	VERB	pöoir
dormir	VERB	dormir
mengier	VERB	mangier
ne	ADV	ne
boire	VERB	boire
tant	ADV	tant
a	ADP	a
de	ADP	de
honte	NOUN	honte
et	CCONJ	et
de	ADP	de
contraire	ADJ	contraire
.	PUNCT	.
Ne	CCONJ	ne
voz	DET	vostre
saroie	VERB	sarvir
pas	NOUN	pas
retraire	VERB	retraire
comment	ADV	comment
la	DET	le
lasse	ADJ	las
boene	ADJ	bon
fame	NOUN	feme
s	CCONJ	se
est	VERB	estre
dementee	VERB	dementer
a	ADP	a
nostre	DET	notre
dame	NOUN	dame
.	PUNCT	.
Et	CCONJ	et
adons	ADV	adonc
as	VERB	a.le
plusors	DET	plusor
foies	NOUN	foise
a	ADP	a
nus	DET	nul
genoz	NOUN	genoir
a	ADP	a
mains	NOUN	main
ploies	NOUN	pleie
souvent	DET	souvent
la	DET	le
requiert	VERB	requerre
.	PUNCT	.
Et	CCONJ	et
deproie	VERB	deprier
qu	SCONJ	que
encor	ADV	encore
l	PRON	,l
entende	VERB	entendre
et	CCONJ	et
qu	SCONJ	que
encor	ADV	encore
l	PRON	,l
oie	NOUN	öir
.	PUNCT	.
He	ADV	he
mere	NOUN	mere
dieu	VERB	dieu
ce	PRON	ce
dist	VERB	dire
la	DET	le
lasse	ADJ	las
ou	CCONJ	ou
de	ADP	de
tout	DET	tout
en	ADP	en
tout	DET	tout
me	PRON	je
respasse	NOUN	respasser
.	PUNCT	.
Ou	CCONJ	où
tu	PRON	tu
prochaine	NOUN	prochain
mort	NOUN	mort
m	DET	me
envoie	VERB	envoiier
.	PUNCT	.
Ne	CCONJ	ne
puis	NOUN	puis
aler	VERB	aler
n	PUNCT	ne
en	ADP	en
champ	NOUN	champ
n	PUNCT	ne
en	ADP	en
voie	NOUN	voie
c	CCONJ	ce
om	ADP	ome
ne	ADV	ne
me	PRON	je
gat	NOUN	gatre
c	CCONJ	ce
om	ADP	ome
ne	ADV	ne
me	PRON	je
huit	NOUN	huit
.	PUNCT	.
Chascuns	DET	chascun
me	PRON	je
het	VERB	häir
.	PUNCT	.
Chascuns	DET	chascun
me	PRON	je
fuit	VERB	fuir
.	PUNCT	.
Chascuns	DET	chascun
me	PRON	je
despit	NOUN	despit
.	PUNCT	.
Et	CCONJ	et
desdaigne	VERB	desdeignier
.	PUNCT	.
He	ADV	he
douce	ADJ	doux
virge	NOUN	virge
daigne	NOUN	deignier
.	PUNCT	.
Daigne	PROPN	deignier
reconforter	VERB	reconforter
ceste	DET	cest
chetive	NOUN	chetif
.	PUNCT	.
Ne	CCONJ	ne
sueffre	VERB	souffrir
pas	NOUN	pas
que	SCONJ	que
j	PRON	je
ainsi	ADV	ainsi
vive	ADJ	vif
.	PUNCT	.
Miex	PROPN	mieux
vueil	NOUN	vouloir
morir	VERB	morir
isnelement	NOUN	isnelement
que	SCONJ	que
vivre	VERB	vivre
ainsi	ADV	ainsi
honteusement	NOUN	honteusement
.	PUNCT	.
Zz	DET	soz
jor	NOUN	jor
avint	VERB	avenir
que	SCONJ	que
mout	ADV	mout
ora	VERB	oraz
et	CCONJ	et
mout	ADV	mout
gemi	NOUN	jemi
et	CCONJ	et
mout	ADV	mout
plora	VERB	plorer
.	PUNCT	.
A	ADP	a
l	PRON	,l
avesprer	VERB	avesprer
sanz	ADP	sans
demoree	VERB	demorer
couchie	VERB	couchier
s	CCONJ	se
est	VERB	estre
toute	DET	tout
esploree	VERB	esplorer
.	PUNCT	.
Ne	CCONJ	ne
dormi	VERB	dormir
mie	ADV	mie
longement	ADV	longuement
.	PUNCT	.
Ains	PROPN	ains
s	CCONJ	se
esveilla	VERB	esveillier
soudainement	NOUN	soudainement
.	PUNCT	.
Et	CCONJ	et
derechief	VERB	derbrece
assez	ADV	assez
plora	VERB	plorer
.	PUNCT	.
Et	CCONJ	et
mout	ADV	mout
devotement	ADV	dévonter
ora	VERB	oraz
.	PUNCT	.
Et	CCONJ	et
mout	ADV	mout
bien	NOUN	bien
porpense	NOUN	porpense
en	ADP	en
son	DET	son
cuer	NOUN	cuer
qu	SCONJ	que
ele	PRON	il
ne	ADV	ne
laira	VERB	laiier
a	ADP	a
nul	DET	nul
fuer	NOUN	fuer
qu	SCONJ	que
a	ADP	a
soissons	NOUN	soisson
bien	NOUN	bien
main	NOUN	main
ne	ADV	ne
revoist	VERB	revers
qui	PRON	qui
qu	SCONJ	que
il	PRON	il
en	ADP	en
griet	VERB	grever
ne	ADV	ne
cui	PRON	cui
qu	SCONJ	que
en	ADP	en
poist	VERB	peser
.	PUNCT	.
Devant	ADP	devant
l	PRON	,l
autel	NOUN	autel
la	DET	le
bele	ADJ	bel
dame	NOUN	dame
gemira	VERB	jejoir
tant	ADV	tant
sa	DET	son
lasse	ADJ	las
d	ADP	ad
ame	NOUN	ame
de	ADP	de
son	DET	son
las	ADJ	las
cors	NOUN	cors
departira	VERB	departir
ou	CCONJ	ou
aucun	DET	aucun
conseil	NOUN	conseil
metera	VERB	metre
la	DET	le
mere	NOUN	mere
dieu	VERB	dieu
en	ADP	en
son	DET	son
malage	NOUN	malage
.	PUNCT	.
Lors	ADV	lors
se	PRON	se
porpense	NOUN	porpense
en	ADP	en
son	DET	son
corage	NOUN	corage
ausi	ADV	aussi
com	SCONJ	come
le	DET	le
vieut	VERB	vieux
nostre	DET	notre
sire	NOUN	seignor
qu	SCONJ	que
ele	PRON	il
encore	ADV	encore
a	ADP	a
zz	DET	tos
peu	ADV	peu
de	ADP	de
cire	NOUN	cire
dont	PRON	dont
devroit	VERB	devoir
faire	VERB	faire
une	DET	un
chandole	NOUN	chandole
por	ADP	por
porter	VERB	porter
a	ADP	a
la	DET	le
clere	ADJ	clair
estoile	NOUN	estre
qui	PRON	qui
toz	DET	tot
les	DET	le
desvoiez	VERB	desvoiier
avoie	VERB	avoir
.	PUNCT	.
Lors	ADV	lors
s	CCONJ	se
est	VERB	estre
levee	VERB	lever
a	ADP	a
mout	ADV	mout
grant	ADJ	grant
joie	NOUN	joie
.	PUNCT	.
Yy	PROPN	y
boisetes	NOUN	boisete
a	ADP	a
alumees	VERB	alumer
qui	PRON	qui
dou	DET	de.le
soir	NOUN	soir
erent	VERB	estre
demorees	NOUN	demore
.	PUNCT	.
Si	ADV	si
fait	VERB	faire
zz	DET	tos
peu	ADV	peu
de	ADP	de
chandeillete	NOUN	chandeletier
.	PUNCT	.
Car	CCONJ	car
n	PUNCT	ne
avoit	VERB	avoir
c	CCONJ	ce
un	DET	un
peu	ADV	peu
de	ADP	de
cirete	NOUN	cirete
.	PUNCT	.
Mout	ADV	mout
volentiers	ADV	volentiers
faite	VERB	faire
l	PRON	,l
eust	VERB	avoir
et	CCONJ	et
longe	NOUN	long
et	CCONJ	et
grant	ADJ	grant
s	CCONJ	se
ele	PRON	il
peust	VERB	pouvoir
.	PUNCT	.
Mais	CCONJ	mais
la	DET	le
lasse	ADJ	las
n	PUNCT	ne
avoit	VERB	avoir
de	ADP	de
quoi	PRON	coi
.	PUNCT	.
tout	DET	tout
belement	NOUN	belement
et	CCONJ	et
en	ADP	en
recoi	NOUN	recevoir
se	PRON	se
rest	VERB	restre
endormie	VERB	endormir
en	ADP	en
son	DET	son
lit	NOUN	lit
.	PUNCT	.
La	DET	le
mere	NOUN	mere
dieu	VERB	dieu
qui	PRON	qui
par	ADP	par
delit	NOUN	delit
eut	VERB	avoir
la	DET	le
chandole	NOUN	chandole
remiree	VERB	remirer
que	SCONJ	que
la	DET	le
povre	ADJ	pauvre
fame	NOUN	feme
atyree	NOUN	atire
eut	VERB	avoir
par	ADP	par
si	ADV	si
grant	ADJ	grant
devotion	NOUN	devoir
et	CCONJ	et
qui	PRON	qui
la	DET	le
grant	ADJ	grant
contriction	NOUN	cortindre
et	CCONJ	et
la	DET	le
douleur	NOUN	douleur
vit	VERB	vëoir
de	ADP	de
son	DET	son
cuer	NOUN	cuer
tenir	VERB	tenir
ne	ADV	ne
se	PRON	se
puet	VERB	pöoir
a	ADP	a
nul	DET	nul
fuer	NOUN	fuer
que	SCONJ	que
n	PUNCT	ne
en	ADP	en
eust	VERB	avoir
pitie	NOUN	pitié
trop	ADV	trop
grant	ADJ	grant
.	PUNCT	.
Por	ADP	por
ce	PRON	ce
que	SCONJ	que
tant	ADV	tant
la	DET	le
voit	VERB	vëoir
engrant	NOUN	engrant
la	DET	le
dame	NOUN	dame
de	ADP	de
ciel	NOUN	ciel
et	CCONJ	et
de	ADP	de
terre	NOUN	terre
de	ADP	de
li	DET	le
a	ADP	a
son	DET	son
moustier	NOUN	moustier
requerre	VERB	requerre
tant	ADV	tant
est	VERB	estre
piteuse	ADJ	pitos
.	PUNCT	.
Et	CCONJ	et
tant	ADV	tant
est	VERB	estre
tendre	NOUN	tendre
qu	SCONJ	que
ele	PRON	il
ne	ADV	ne
peut	VERB	pouvoir
nes	NOUN	ne.il
mie	ADV	mie
atendre	VERB	atendre
qu	SCONJ	que
a	ADP	a
soissons	NOUN	soisson
soit	VERB	estre
a	ADP	a
li	DET	le
venue	VERB	venir
.	PUNCT	.
Ains	PROPN	ains
est	VERB	estre
sor	ADP	sor
son	DET	son
lit	NOUN	lit
descendue	VERB	descendre
si	ADV	si
com	SCONJ	come
pitiez	NOUN	pitié
la	DET	le
point	NOUN	point
et	CCONJ	et
touche	NOUN	toucher
.	PUNCT	.
Si	ADV	si
li	DET	le
refait	VERB	refaire
nouvele	NOUN	nouvelle
bouche	NOUN	bouche
.	PUNCT	.
Et	CCONJ	et
a	ADP	a
ses	DET	son
dois	NOUN	dois
blans	ADJ	blanc
et	CCONJ	et
soez	VERB	soz
li	DET	le
fait	VERB	faire
.	PUNCT	.
Et	CCONJ	et
forme	NOUN	forme
zz	DET	tos
si	ADV	si
biau	ADJ	bel
nez	VERB	naistre
.	PUNCT	.
Et	CCONJ	et
tout	DET	tout
le	DET	le
vis	NOUN	vis
si	ADV	si
li	DET	le
rafaite	VERB	rafir
qu	SCONJ	que
assez	ADV	assez
plus	ADV	plus
bele	ADJ	bel
est	VERB	estre
et	CCONJ	et
miex	ADV	mieux
faite	VERB	faire
c	CCONJ	ce
onques	ADV	onque
devant	ADP	devant
n	PUNCT	ne
avoit	VERB	avoir
esté	VERB	être
.	PUNCT	.
Quant	SCONJ	cant
tout	DET	tout
c	CCONJ	ce
eut	VERB	avoir
fait	VERB	faire
la	DET	le
fleurs	NOUN	fleur
d	ADP	ad
este	VERB	estre
la	DET	le
flor	NOUN	flor
de	ADP	de
lis	NOUN	lis
la	DET	le
fresche	NOUN	frois
rose	NOUN	rose
ou	CCONJ	ou
est	VERB	estre
tote	DET	tot
douceurs	ADJ	doux
enclose	VERB	enclore
la	DET	le
povre	ADJ	pauvre
fame	NOUN	feme
est	VERB	estre
esveilliee	NOUN	esveillier
.	PUNCT	.
Durement	ADV	durement
s	CCONJ	se
est	VERB	estre
esmerveilliee	NOUN	esmerveiller
de	ADP	de
ce	PRON	ce
que	SCONJ	que
jors	NOUN	jour
n	PUNCT	ne
est	VERB	estre
encor	ADV	encore
mie	ADV	mie
.	PUNCT	.
La	DET	le
saisons	ADJ	saison
ert	VERB	estre
auques	ADV	auques
partie	NOUN	partie
.	PUNCT	.
Car	CCONJ	car
li	DET	le
livres	NOUN	livre
fait	VERB	faire
mention	NOUN	mention
qu	SCONJ	que
il	PRON	il
ert	VERB	estre
li	DET	le
equinoctium	VERB	éconituquire
qui	PRON	qui
est	VERB	estre
a	ADP	a
l	PRON	,l
issue	VERB	issue
d	ADP	ad
iver	NOUN	iver
en	ADP	en
printans	NOUN	prinder
qu	SCONJ	que
apelommes	VERB	apemlomer
ver	ADP	ver
.	PUNCT	.
Adonc	ADV	adonc
fu	VERB	estre
ce	PRON	ce
que	SCONJ	que
nostre	DET	notre
dame	NOUN	dame
visita	VERB	visiter
l	PRON	,l
esgaree	VERB	esgarer
fame	NOUN	feme
qui	PRON	qui
tant	ADV	tant
ert	VERB	estre
viex	NOUN	vieux
et	CCONJ	et
dechaciee	VERB	dechachier
.	PUNCT	.
De	ADP	de
tout	DET	tout
son	DET	son
cuer	NOUN	cuer
eut	VERB	avoir
depriee	VERB	derpier
la	DET	le
mere	NOUN	mere
dieu	VERB	dieu
la	DET	le
povre	ADJ	pauvre
fame	NOUN	feme
.	PUNCT	.
Et	CCONJ	et
la	DET	le
roine	NOUN	roine
la	DET	le
grant	ADJ	grant
dame	NOUN	dame
qui	PRON	qui
tant	ADV	tant
est	VERB	estre
douce	ADJ	doux
et	CCONJ	et
deboenaire	ADJ	debonaire
li	DET	le
ratira	VERB	ratir
si	ADV	si
le	DET	le
viaire	NOUN	voir
qu	SCONJ	que
ele	PRON	il
reut	VERB	reuvor
tout	DET	tout
a	ADP	a
son	DET	son
devis	NOUN	devise
et	CCONJ	et
nez	VERB	naistre
et	CCONJ	et
bouche	NOUN	bouche
et	CCONJ	et
face	VERB	faire
et	CCONJ	et
vis	NOUN	vis
.	PUNCT	.
Quant	SCONJ	cant
la	DET	le
lasse	ADJ	las
s	CCONJ	se
est	VERB	estre
esveillie	VERB	esveillier
qui	PRON	qui
toute	DET	tout
estoit	VERB	estre
esmanvieillie	NOUN	esmaniveline
por	ADP	por
aler	VERB	aler
bien	NOUN	bien
matin	NOUN	matin
requerre	VERB	requerre
la	DET	le
dame	NOUN	dame
de	ADP	de
ciel	NOUN	ciel
et	CCONJ	et
de	ADP	de
terre	NOUN	terre
en	ADP	en
son	DET	son
cuer	NOUN	cuer
a	ADP	a
grant	ADJ	grant
joie	NOUN	joie
eue	NOUN	eau
de	ADP	de
ce	PRON	ce
qu	SCONJ	que
en	ADP	en
dormant	NOUN	dormir
a	ADP	a
veue	NOUN	voir
ce	PRON	ce
li	DET	le
est	VERB	estre
vis	NOUN	vis
la	DET	le
douce	ADJ	doux
dame	NOUN	dame
.	PUNCT	.
Quant	SCONJ	cant
voit	VERB	vëoir
la	DET	le
lasse	ADJ	las
boene	ADJ	bon
fame	NOUN	feme
qu	SCONJ	que
ancor	ADV	encore
n	PUNCT	ne
est	VERB	estre
mie	ADV	mie
a	ADP	a
l	PRON	,l
ajorner	VERB	aorner
son	DET	son
drapel	NOUN	draple
prent	VERB	prendre
a	ADP	a
ratorner	VERB	ratorner
qui	PRON	qui
li	DET	le
glace	NOUN	glace
ce	PRON	ce
li	DET	le
est	VERB	estre
vis	NOUN	vis
et	CCONJ	et
chiet	VERB	chëoir
tout	DET	tout
contreval	NOUN	contreval
le	DET	le
vis	NOUN	vis
.	PUNCT	.
yy	ADV	y
fois	NOUN	fois
ou	CCONJ	ou
yy	ADV	y
jus	ADV	jus
li	DET	le
reglace	VERB	rellage
quant	SCONJ	cant
l	PRON	,l
eut	VERB	avoir
remis	NOUN	remir
desor	ADP	desor
sa	DET	son
face	VERB	faire
.	PUNCT	.
Quant	SCONJ	cant
voit	VERB	vëoir
qu	SCONJ	que
a	ADP	a
chief	NOUN	chief
n	PUNCT	ne
en	ADP	en
puet	VERB	pöoir
venir	VERB	venir
de	ADP	de
ce	PRON	ce
drapel	NOUN	draple
faire	VERB	faire
tenir	VERB	tenir
a	ADP	a
ciax	NOUN	cil
de	ADP	de
la	DET	le
maison	NOUN	maison
escrie	VERB	escrïer
.	PUNCT	.
Por	ADP	por
ma	DET	mon
dame	NOUN	dame
sainte	ADJ	saint
marie	NOUN	marie
por	ADP	por
mon	DET	mon
drapel	NOUN	draple
qui	PRON	qui
si	ADV	si
me	PRON	je
chiet	VERB	chëoir
aucun	DET	aucun
de	ADP	de
voz	DET	vostre
pri	VERB	priier
qu	SCONJ	que
il	PRON	il
se	PRON	se
liet	NOUN	lié
et	CCONJ	et
qu	SCONJ	que
il	PRON	il
me	PRON	je
vieigne	VERB	veintre
zz	DET	tos
peu	ADV	peu
aidier	VERB	aidier
.	PUNCT	.
Ja	ADV	ja
ne	ADV	ne
finerez	VERB	finer
de	ADP	de
plaidier	VERB	plaidier
.	PUNCT	.
Respondent	VERB	répondre
cil	DET	cel
qui	PRON	qui
n	PUNCT	ne
en	ADP	en
est	VERB	estre
rien	NOUN	rien
et	CCONJ	et
qui	PRON	qui
la	DET	le
heent	VERB	häir
plus	ADV	plus
d	ADP	ad
un	DET	un
chien	NOUN	chien
.	PUNCT	.
La	DET	le
dolante	ADJ	dolent
qui	PRON	qui
ne	ADV	ne
set	VERB	savoir
mie	ADV	mie
que	SCONJ	que
ma	DET	mon
dame	NOUN	dame
sainte	ADJ	saint
marie	NOUN	marie
si	ADV	si
doucement	NOUN	doucement
l	PRON	,l
ait	VERB	avoir
visitee	NOUN	visiter
yy	ADV	y
fois	NOUN	fois
ou	CCONJ	ou
trois	DET	trois
s	CCONJ	se
est	VERB	estre
escriee	VERB	escrïer
.	PUNCT	.
Et	CCONJ	et
doucement	NOUN	doucement
lor	DET	lor
prie	VERB	priier
.	PUNCT	.
Et	CCONJ	et
dist	VERB	dire
.	PUNCT	.
Por	ADP	por
dieu	VERB	dieu
alumez	VERB	alumer
zz	DET	tos
petit	ADJ	petit
tantqu	ADV	tant
atiré	NOUN	atirer
mon	DET	mon
drapel	NOUN	draple
aie	VERB	avoir
.	PUNCT	.
Ne	CCONJ	ne
noz	DET	notre
laira	VERB	laiier
dormir	VERB	dormir
dame	NOUN	dame
aie	VERB	avoir
par	ADP	par
le	DET	le
cuer	NOUN	cuer
bieu	ADJ	bieu
.	PUNCT	.
Font	VERB	faire
entr	ADP	entre
ax	PRON	il
cil	DET	cel
qui	PRON	qui
mout	ADV	mout
la	DET	le
tienent	VERB	tenir
en	ADP	en
porvil	NOUN	prover
qui	PRON	qui
anuié	VERB	enuiier
et	CCONJ	et
las	ADJ	las
en	ADP	en
sont	VERB	estre
.	PUNCT	.
La	DET	le
sorde	NOUN	sordre
oreille	NOUN	oreille
tuit	DET	tot
li	DET	le
font	VERB	faire
.	PUNCT	.
De	ADP	de
li	DET	le
godent	NOUN	godent
.	PUNCT	.
Gabent	PROPN	gaber
.	PUNCT	.
Et	CCONJ	et
rient	VERB	rien
.	PUNCT	.
Li	DET	le
un	DET	un
a	ADP	a
l	PRON	,l
autre	ADJ	autre
chiflant	ADJ	cilainde
dient	VERB	dire
.	PUNCT	.
Dame	NOUN	dame
tiberge	NOUN	timbert
dame	NOUN	dame
au	ADP.DET	a.le
pais	NOUN	paix
ne	ADV	ne
noz	DET	notre
laira	VERB	laiier
jamais	ADV	jamais
en	ADP	en
pais	NOUN	paix
.	PUNCT	.
N	PUNCT	ne
iert	VERB	estre
ja	ADV	ja
en	ADP	en
lieu	NOUN	lieu
qu	SCONJ	que
ele	PRON	il
n	PUNCT	ne
anuit	ADV	anuit
.	PUNCT	.
Avoir	VERB	avoir
puist	VERB	pöoir
ele	PRON	il
male	ADJ	mal
nuit	NOUN	nuit
et	CCONJ	et
demain	ADV	demain
male	ADJ	mal
matinee	NOUN	matinee
come	SCONJ	come
male	ADJ	mal
vieille	NOUN	veillier
estatinee	NOUN	étatiner
.	PUNCT	.
De	ADP	de
li	DET	le
chifloient	VERB	chellier
tout	DET	tout
ensemble	ADV	ensemble
.	PUNCT	.
Mout	ADV	mout
grans	ADJ	grand
mestiers	NOUN	mestier
ert	VERB	estre
ce	PRON	ce
me	PRON	je
semble	NOUN	sembler
a	ADP	a
la	DET	le
lasse	ADJ	las
de	ADP	de
povre	ADJ	pauvre
fame	NOUN	feme
que	SCONJ	que
piteuse	ADJ	pitos
fust	VERB	estre
nostre	DET	notre
dame	NOUN	dame
plus	ADV	plus
qu	SCONJ	que
il	PRON	il
n	PUNCT	ne
estoient	VERB	estre
entr	ADP	entre
ax	PRON	il
toz	DET	tot
.	PUNCT	.
Mout	ADV	mout
est	VERB	estre
siecles	NOUN	siècle
fel	ADJ	felon
et	CCONJ	et
estoz	NOUN	estot
.	PUNCT	.
Quant	SCONJ	cant
ele	PRON	il
voit	VERB	vëoir
qu	SCONJ	que
a	ADP	a
son	DET	son
apel	ADP	apeler
ne	ADV	ne
venront	VERB	venir
mie	ADV	mie
son	DET	son
drapel	NOUN	draple
toute	DET	tout
dolante	ADJ	dolent
en	ADP	en
sozpirant	VERB	sospitaire
miex	ADV	mieux
qu	SCONJ	que
ele	PRON	il
puet	VERB	pöoir
va	VERB	aler
ratirant	VERB	rartiement
.	PUNCT	.
Quant	SCONJ	cant
le	DET	le
ra	VERB	ravoir
mis	VERB	metre
desor	ADP	desor
son	DET	son
vis	NOUN	vis
au	ADP.DET	a.le
nez	VERB	naistre
le	DET	le
sent	VERB	sentir
.	PUNCT	.
Ce	PRON	ce
li	DET	le
est	VERB	estre
vis	NOUN	vis
.	PUNCT	.
Adonc	ADV	adonc
se	PRON	se
seigne	VERB	seignier
.	PUNCT	.
Et	CCONJ	et
esmerveille	NOUN	esmerveiller
.	PUNCT	.
Dormir	NOUN	dormir
cuide	VERB	cuidier
.	PUNCT	.
Mais	CCONJ	mais
ele	PRON	il
veille	VERB	veillier
.	PUNCT	.
