CI	ADV	ci
COMMENCE	X	commencer
L'	DET	le
ART	VERB	art
DE	ADP	de
DICTIER	NOUN	dire
ET	CCONJ	et
DE	ADP	de
FERE	NOUN	faire
CHANÇONS	NOUN	champonne
,	PUNCT	,
BALADES	PROPN	baleau
,	PUNCT	,
VIRELAIS	NOUN	verslat
ET	CCONJ	et
RONDEAULX	ADJ	rondable
,	PUNCT	,
ET	CCONJ	et
COMMENT	ADV	comment
ANCIENNEMENT	PROPN	ancencer
NUL	DET	nul
NE	CCONJ	ne
OSOIT	NOUN	oser
APPRANDRE	NOUN	apprandre
LES	DET	le
.VII.	DET	set
ARS	PROPN	ars
LIBERAULX	PROPN	librage
CI	DET	ce
APRÈS	PROPN	après
DECLAREZ	PROPN	déclacher
,	PUNCT	,
SE	SCONJ	se
IL	DET	il
N'	ADV	ne
ESTOIT	VERB	estre
NOBLE	ADV	noble
.	PUNCT	.
ENTRE	NOUN	entre
les	DET	le
.VII.	DET	set
ars	NOUN	arc
et	CCONJ	et
sciences	NOUN	science
par	ADP	par
lesquelles	DET	lequel
ce	PRON	ce
present	NOUN	présent
monde	NOUN	monde
est	VERB	estre
gouverné	VERB	gouverner
,	PUNCT	,
et	CCONJ	et
qui	PRON	qui
sont	VERB	estre
appellez	VERB	appeler
ars	NOUN	arc
liberaulx	NOUN	libralot
,	PUNCT	,
pour	ADP	pour
ce	PRON	ce
que	SCONJ	que
anciennement	NOUN	anciennement
nul	DET	nul
,	PUNCT	,
se	PRON	se
il	PRON	il
n'	ADV	ne
estoit	VERB	estre
liberal	NOUN	librail
,	PUNCT	,
c'	CCONJ	ce
est	VERB	estre
a	ADP	a
dire	VERB	dire
fils	NOUN	fil
de	ADP	de
noble	ADJ	noble
homme	NOUN	homme
et	CCONJ	et
astrait	NOUN	astrait
de	ADP	de
noble	ADJ	noble
lignie	NOUN	lignien
,	PUNCT	,
n'	ADV	ne
osoit	VERB	oser
aprandre	VERB	aprendre
aucun	DET	aucun
d'	ADP	de
iceuls	DET	cil
ars	NOUN	arc
,	PUNCT	,
c'	CCONJ	ce
est	VERB	estre
assavoir	VERB	assavoir
:	PUNCT	:
GRAMAIRE	PROPN	garhagye
,	PUNCT	,
LOGIQUE	PROPN	loghige
,	PUNCT	,
RETHORIQUE	NOUN	repoutir
,	PUNCT	,
GEOMETRIE	PROPN	harmetot
,	PUNCT	,
ARISMETIQUE	PROPN	arrasthier
,	PUNCT	,
MUSIQUE	ADV	mussure
et	CCONJ	et
ASTRONOMIE	PROPN	astorner
,	PUNCT	,
lesquelz	DET	lequel
ars	NOUN	arc
trouva	VERB	trouver
,	PUNCT	,
du	ADP.DET	de.le
tiers	DET	terre
aige	NOUN	aigue
du	ADP.DET	de.le
monde	NOUN	monde
et	CCONJ	et
au	ADP.DET	a.le
temps	NOUN	temps
de	ADP	de
Habraham	NOUN	habrache
,	PUNCT	,
Zozoastres	ADJ	osterans
,	PUNCT	,
qui	PRON	qui
regnoit	VERB	renger
en	ADP	en
Baterie	PROPN	baterie
et	CCONJ	et
Perse	NOUN	pers
,	PUNCT	,
est	VERB	estre
le	DET	le
premier	ADJ	premier
et	CCONJ	et
principal	NOUN	principal
ars	NOUN	arc
GRAMAIRE	PROPN	garhagye
,	PUNCT	,
par	ADP	par
lequel	DET	lequel
l'	DET	le
en	ADP	en
vient	VERB	venir
et	CCONJ	et
aprant	VERB	aprendre
tous	DET	tout
les	DET	le
autres	PRON	autre
ars	NOUN	arc
par	ADP	par
les	DET	le
figures	NOUN	figord
des	ADP.DET	de.le
letres	NOUN	letre
de	ADP	de
A	ADP	a
,	PUNCT	,
B	VERB	be
,	PUNCT	,
C	PRON	ce
,	PUNCT	,
que	SCONJ	que
les	DET	le
enfans	NOUN	enfant
aprannent	VERB	arpenner
premierement	ADV	premierement
,	PUNCT	,
et	CCONJ	et
par	ADP	par
lesquelz	DET	lequel
aprandre	VERB	aprendre
et	CCONJ	et
sçavoir	VERB	savoir
l'	DET	le
en	ADP	en
peut	VERB	pouvoir
venir	VERB	venir
a	ADP	a
toute	DET	tout
science	NOUN	science
,	PUNCT	,
et	CCONJ	et
monter	VERB	monter
de	ADP	de
la	DET	le
plus	ADV	plus
petite	ADJ	petit
letre	NOUN	letre
jusques	ADP	jusque
a	ADP	a
la	DET	le
plus	ADV	plus
haulte	ADJ	haut
.	PUNCT	.
LOGIQUE	PROPN	loghige
est	VERB	estre
après	ADV	après
une	DET	un
science	NOUN	science
d'	ADP	de
arguer	VERB	arguer
choses	NOUN	chose
faintes	VERB	feindre
et	CCONJ	et
subtiles	NOUN	subtil
,	PUNCT	,
coulourées	VERB	colorer
de	ADP	de
faulx	NOUN	faul
argumens	NOUN	armer
,	PUNCT	,
pour	ADP	pour
discerner	VERB	direcens
et	CCONJ	et
mieulx	ADV	mieux
congnoistre	VERB	connaître
la	DET	le
verité	NOUN	vérité
des	ADP.DET	de.le
choses	NOUN	chose
entre	ADP	entre
le	DET	le
faulx	NOUN	faul
et	CCONJ	et
le	DET	le
voir	ADJ	voir
,	PUNCT	,
et	CCONJ	et
qui	PRON	qui
rent	VERB	rendre
l'	DET	le
omme	NOUN	homme
plus	ADV	plus
subtil	NOUN	subtil
en	ADP	en
parole	NOUN	parole
et	CCONJ	et
plus	ADV	plus
habille	NOUN	habille
entre	ADP	entre
les	DET	le
autres	PRON	autre
.	PUNCT	.
RETHORIQUE	NOUN	repoutir
est	VERB	estre
science	NOUN	science
de	ADP	de
parler	VERB	parler
droictement	ADV	droitarme
,	PUNCT	,
et	CCONJ	et
a	ADP	a
quatre	DET	quatre
parties	NOUN	partie
en	ADP	en
soy	PRON	soi
a	ADP	a
lui	PRON	lui
ramenées	VERB	ramener
,	PUNCT	,
toutes	DET	tout
appliquées	NOUN	appliquer
a	ADP	a
son	DET	son
nom	DET	nom
;	PUNCT	;
car	CCONJ	car
tout	DET	tout
bon	ADJ	bon
rethoricien	NOUN	retornier
doit	VERB	devoir
parler	VERB	parler
et	CCONJ	et
dire	VERB	dire
ce	PRON	ce
qu'	SCONJ	que
il	PRON	il
veult	VERB	vouloir
moustrer	VERB	moustroy
saigement	NOUN	sagement
,	PUNCT	,
briefment	NOUN	brief_(de
,	PUNCT	,
substancieusement	NOUN	subtichance
et	CCONJ	et
hardiement	NOUN	hardïement
.	PUNCT	.
DE	ADP	de
GEOMETRIE	PROPN	harmetot
.	PUNCT	.
GEOMETRIE	PROPN	harmetot
est	VERB	estre
science	NOUN	science
de	ADP	de
mesurer	VERB	mesurer
et	CCONJ	et
faire	VERB	faire
par	ADP	par
proporcion	NOUN	proprocieu
la	DET	le
taille	NOUN	taille
des	ADP.DET	de.le
pierres	NOUN	piere
et	CCONJ	et
des	ADP.DET	de.le
merriens	NOUN	merïr
,	PUNCT	,
et	CCONJ	et
la	DET	le
perfection	NOUN	perfection
des	ADP.DET	de.le
tours	NOUN	tour
rondes	NOUN	ronde
et	CCONJ	et
quarrées	NOUN	carrer
;	PUNCT	;
de	ADP	de
faire	VERB	faire
et	CCONJ	et
edifier	NOUN	édier
les	DET	le
chasteaulx	NOUN	château
,	PUNCT	,
salles	NOUN	salle
et	CCONJ	et
maisons	NOUN	maison
pour	ADP	pour
habiter	VERB	habiter
,	PUNCT	,
les	DET	le
clochiers	NOUN	clorecie
et	CCONJ	et
autres	PRON	autre
edifices	NOUN	édif
en	ADP	en
ront	VERB	ravoir
,	PUNCT	,
en	ADP	en
triangle	NOUN	treignal
et	CCONJ	et
en	ADP	en
quarreure	NOUN	carrer
,	PUNCT	,
et	CCONJ	et
les	DET	le
mener	VERB	mener
droit	ADJ	droit
sanz	ADP	sans
boce	NOUN	boce
jusques	ADP	jusque
a	ADP	a
leur	DET	leur
perfection	NOUN	perfection
;	PUNCT	;
faire	VERB	faire
tonneaulx	NOUN	tenondue
et	CCONJ	et
autres	PRON	autre
vaisseaulx	NOUN	vaisselle
de	ADP	de
certaines	ADJ	certain
pieces	NOUN	piece
,	PUNCT	,
longueur	NOUN	longueur
et	CCONJ	et
grosseur	NOUN	grosque
,	PUNCT	,
et	CCONJ	et
aucunefoiz	NOUN	aucunefois
cornus	ADJ	cornois
,	PUNCT	,
comme	SCONJ	comme
sont	VERB	estre
les	DET	le
baingnoueres	ADJ	bainonger
et	CCONJ	et
autres	PRON	autre
vaisseaulx	NOUN	vaisselle
,	PUNCT	,
par	ADP	par
contrainte	ADJ	contraindre
de	ADP	de
cercles	NOUN	cercle
de	ADP	de
certaines	ADJ	certain
pongnies	NOUN	ponnit
,	PUNCT	,
par	ADP	par
les	DET	le
lieures	NOUN	lieue
des	ADP.DET	de.le
osiers	NOUN	oser
;	PUNCT	;
faire	VERB	faire
nez	VERB	naistre
et	CCONJ	et
galées	NOUN	galesse
en	ADP	en
mer	NOUN	mer
.	PUNCT	.
Et	CCONJ	et
cest	DET	cest
art	NOUN	art
s'	DET	soi
applique	NOUN	applique
aux	ADP.DET	à.le
fevres	NOUN	fevre
,	PUNCT	,
charpentiers	NOUN	charpentier
et	CCONJ	et
maçons	NOUN	maçon
,	PUNCT	,
ausquelz	PRON	aucue
,	PUNCT	,
se	PRON	se
ilz	PRON	il
sont	VERB	estre
bons	ADJ	bon
ouvriers	NOUN	ouvrir
de	ADP	de
leurs	DET	leur
mestiers	NOUN	mestier
,	PUNCT	,
il	PRON	il
fault	NOUN	falloir
comprandre	VERB	comprandre
et	CCONJ	et
avoir	VERB	avoir
en	ADP	en
ymaginacion	NOUN	imagingelon
de	ADP	de
leur	DET	leur
pensée	NOUN	penser
toute	DET	tout
la	DET	le
fourme	NOUN	forme
et	CCONJ	et
la	DET	le
perfection	NOUN	perfection
d'	ADP	de
un	DET	un
chastel	NOUN	chastel
,	PUNCT	,
d'	ADP	de
une	DET	un
maison	NOUN	maison
,	PUNCT	,
d'	ADP	de
un	DET	un
grant	ADJ	grant
vaissel	NOUN	vaissel
et	CCONJ	et
des	ADP.DET	de.le
circonstances	NOUN	crice-cience
,	PUNCT	,
avant	ADV	avant
que	SCONJ	que
il	PRON	il
soit	VERB	estre
commencé	VERB	commencer
,	PUNCT	,
et	CCONJ	et
faire	VERB	faire
la	DET	le
forme	NOUN	forme
et	CCONJ	et
mesure	NOUN	mesure
de	ADP	de
chascune	DET	chascun
pierre	NOUN	piere
,	PUNCT	,
et	CCONJ	et
ainsi	ADV	ainsi
des	ADP.DET	de.le
autres	PRON	autre
.	PUNCT	.
DE	ADP	de
ARISMETIQUE	PROPN	arrasthier
.	PUNCT	.
ARISMETIQUE	PROPN	arrasthier
est	VERB	estre
science	NOUN	science
de	ADP	de
getter	VERB	jeter
et	CCONJ	et
compter	VERB	contrempe
par	ADP	par
le	DET	le
nombre	NOUN	nombre
de	ADP	de
augorisme	NOUN	augreson
et	CCONJ	et
autre	ADJ	autre
nombre	NOUN	nombre
commun	DET	commun
,	PUNCT	,
et	CCONJ	et
de	ADP	de
mesurer	VERB	mesurer
et	CCONJ	et
arpenter	VERB	arpenter
les	DET	le
terres	NOUN	terre
,	PUNCT	,
les	DET	le
boys	NOUN	bois
et	CCONJ	et
choses	NOUN	chose
semblables	ADJ	semblable
,	PUNCT	,
pour	ADP	pour
sçavoir	VERB	savoir
la	DET	le
haulteur	NOUN	hauteur
des	ADP.DET	de.le
choses	NOUN	chose
en	ADP	en
alant	VERB	aler
vers	ADP	vers
le	DET	le
ciel	NOUN	ciel
;	PUNCT	;
la	DET	le
largeur	NOUN	largue
des	ADP.DET	de.le
eaues	NOUN	eau
et	CCONJ	et
des	ADP.DET	de.le
rivieres	NOUN	riviere
,	PUNCT	,
la	DET	le
parfondeur	NOUN	parfondeur
des	ADP.DET	de.le
puis	NOUN	puis
et	CCONJ	et
des	ADP.DET	de.le
concaves	NOUN	concevaur
de	ADP	de
la	DET	le
terre	NOUN	terre
;	PUNCT	;
de	ADP	de
sçavoir	VERB	savoir
les	DET	le
heures	NOUN	heure
,	PUNCT	,
les	DET	le
temps	NOUN	temps
,	PUNCT	,
les	DET	le
minutes	DET	minuté
et	CCONJ	et
les	DET	le
momens	NOUN	momen
;	PUNCT	;
pour	ADP	pour
sçavoir	VERB	savoir
le	DET	le
commencement	NOUN	commencement
des	ADP.DET	de.le
jours	NOUN	jour
et	CCONJ	et
des	ADP.DET	de.le
nuis	NOUN	nuir
,	PUNCT	,
des	ADP.DET	de.le
sepmaines	NOUN	semaine
,	PUNCT	,
des	ADP.DET	de.le
moys	NOUN	mois
et	CCONJ	et
des	ADP.DET	de.le
ans	NOUN	an
;	PUNCT	;
pour	ADP	pour
venir	VERB	venir
au	ADP.DET	a.le
grant	ADJ	grant
miliaire	NOUN	milieras
et	CCONJ	et
sçavoir	VERB	savoir
par	ADP	par
ce	PRON	ce
nombre	NOUN	nombre
,	PUNCT	,
en	ADP	en
querculant	DET	carler
,	PUNCT	,
la	DET	le
revolucion	NOUN	revoloir
des	ADP.DET	de.le
temps	NOUN	temps
et	CCONJ	et
congnoistre	VERB	connaître
le	DET	le
cours	NOUN	cours
du	ADP.DET	de.le
souleil	NOUN	souledi
et	CCONJ	et
de	ADP	de
la	DET	le
lune	NOUN	lune
,	PUNCT	,
et	CCONJ	et
du	ADP.DET	de.le
zodiaque	ADJ	tolir
;	PUNCT	;
sçavoir	VERB	savoir
la	DET	le
maniere	NOUN	manière
du	ADP.DET	de.le
poys	NOUN	pöoir
et	CCONJ	et
de	ADP	de
la	DET	le
loy	NOUN	loi
des	ADP.DET	de.le
monnoyes	NOUN	monnaie
,	PUNCT	,
tant	ADV	tant
en	ADP	en
or	NOUN	or
comme	SCONJ	comme
en	ADP	en
argent	NOUN	argent
,	PUNCT	,
les	DET	le
dragmes	NOUN	dramp
,	PUNCT	,
caras	NOUN	carre
,	PUNCT	,
demi	ADJ	demi
dragmes	NOUN	dramp
et	CCONJ	et
les	DET	le
empirances	NOUN	emprine
;	PUNCT	;
et	CCONJ	et
a	ADP	a
venir	VERB	venir
par	ADP	par
getter	VERB	jeter
et	CCONJ	et
compter	VERB	contrempe
en	ADP	en
montant	VERB	monter
et	CCONJ	et
multipliant	NOUN	multit-il
son	DET	son
nombre	NOUN	nombre
de	ADP	de
la	DET	le
plus	ADV	plus
petite	ADJ	petit
somme	NOUN	somme
jusques	ADP	jusque
a	ADP	a
la	DET	le
plusgrande	NOUN	pluger
et	CCONJ	et
haulte	ADJ	haut
;	PUNCT	;
et	CCONJ	et
pour	ADP	pour
congnoistre	VERB	connaître
selon	ADJ	selon
les	DET	le
espaces	NOUN	espace
des	ADP.DET	de.le
charpenteries	NOUN	charpenter
,	PUNCT	,
a	ADP	a
veoir	VERB	vëoir
les	DET	le
cours	NOUN	cours
des	ADP.DET	de.le
toiz	NOUN	toi
par	ADP	par
un	DET	un
des	ADP.DET	de.le
cours	NOUN	cours
seulement	ADV	seulement
,	PUNCT	,
quans	NOUN	cant
milliers	NOUN	milier
de	ADP	de
clou	VERB	clore
et	CCONJ	et
de	ADP	de
late	ADJ	later
et	CCONJ	et
de	ADP	de
tieulle	NOUN	tel
il	PRON	il
avra	VERB	avoir
sur	ADP	sur
un	DET	un
toit	NOUN	tot
,	PUNCT	,
et	CCONJ	et
ainsi	ADV	ainsi
des	ADP.DET	de.le
autres	PRON	autre
choses	NOUN	chose
en	ADP	en
ce	PRON	ce
cas	NOUN	cas
.	PUNCT	.
Et	CCONJ	et
cest	DET	cest
art	NOUN	art
appartient	VERB	appartenir
assez	ADV	assez
sçavoir	VERB	savoir
aux	ADP.DET	à.le
monnoyers	NOUN	monnaier
et	CCONJ	et
changeurs	NOUN	changuer
,	PUNCT	,
et	CCONJ	et
si	ADV	si
fait	VERB	faire
il	PRON	il
bien	NOUN	bien
aux	ADP.DET	à.le
astronomiens	NOUN	astronement
pour	ADP	pour
les	DET	le
jugemens	NOUN	jugement
de	ADP	de
leur	DET	leur
science	NOUN	science
.	PUNCT	.
DE	ADP	de
ASTRONOMIE	PROPN	astorner
.	PUNCT	.
ASTRONOMIE	PROPN	astorner
est	VERB	estre
une	DET	un
science	NOUN	science
de	ADP	de
la	DET	le
congnoissance	NOUN	connaissance
des	ADP.DET	de.le
estoilles	NOUN	estreloi
et	CCONJ	et
des	ADP.DET	de.le
sept	ADJ	sept
planettes	NOUN	plenter
erratiques	NOUN	erratis
et	CCONJ	et
principales	NOUN	principal
,	PUNCT	,
c'	CCONJ	ce
est	VERB	estre
assavoir	VERB	assavoir
:	PUNCT	:
Mars	NOUN	mars
,	PUNCT	,
Mercurius	PROPN	mercuison
,	PUNCT	,
Venus	VERB	venir
,	PUNCT	,
Saturnus	PROPN	sauture
,	PUNCT	,
Jupiter	PROPN	justier
,	PUNCT	,
Sol	DET	sol
et	CCONJ	et
Luna	PROPN	longue
;	PUNCT	;
de	ADP	de
leurs	DET	leur
influences	NOUN	inflence
et	CCONJ	et
disposicions	NOUN	disposit
selon	ADJ	selon
leurs	DET	leur
qualitez	NOUN	calter
et	CCONJ	et
conjunctions	NOUN	conjuntremont
en	ADP	en
divers	ADJ	divers
signes	NOUN	seigne
et	CCONJ	et
leurs	DET	leur
opposicions	NOUN	opposition
,	PUNCT	,
pour	ADP	pour
jugier	VERB	jugier
des	ADP.DET	de.le
inclinacions	NOUN	inclincance
naturelles	NOUN	naturel
des	ADP.DET	de.le
hommes	NOUN	homme
selon	ADJ	selon
leur	DET	leur
nativité	NOUN	mativité
,	PUNCT	,
et	CCONJ	et
aussi	ADV	aussi
des	ADP.DET	de.le
fertilitez	VERB	fretitier
ou	CCONJ	ou
sterilitez	NOUN	trestoilit
des	ADP.DET	de.le
terres	NOUN	terre
et	CCONJ	et
des	ADP.DET	de.le
fruis	NOUN	fruis
,	PUNCT	,
des	ADP.DET	de.le
chauls	NOUN	chaloir
et	CCONJ	et
des	ADP.DET	de.le
froiz	NOUN	frois
,	PUNCT	,
des	ADP.DET	de.le
sentez	ADJ	senté
et	CCONJ	et
maladies	ADJ	maladie
des	ADP.DET	de.le
gens	NOUN	gens
et	CCONJ	et
des	ADP.DET	de.le
bestes	NOUN	beste
;	PUNCT	;
de	ADP	de
sçavoir	VERB	savoir
le	DET	le
compost	VERB	compter
du	ADP.DET	de.le
souleil	NOUN	souledi
et	CCONJ	et
de	ADP	de
la	DET	le
lune	NOUN	lune
,	PUNCT	,
de	ADP	de
partir	VERB	partir
les	DET	le
ans	NOUN	an
et	CCONJ	et
trouver	VERB	trouver
les	DET	le
bisextes	NOUN	bisete
et	CCONJ	et
leurs	DET	leur
conjunctions	NOUN	conjuntremont
des	ADP.DET	de.le
lunes	NOUN	lune
pour	ADP	pour
ordonner	VERB	ordonner
leurs	DET	leur
saingnies	NOUN	saignier
,	PUNCT	,
et	CCONJ	et
les	DET	le
temps	NOUN	temps
de	ADP	de
prandre	VERB	prendre
medicine	NOUN	midicande
,	PUNCT	,
et	CCONJ	et
autres	PRON	autre
choses	NOUN	chose
qui	PRON	qui
de	ADP	de
ce	PRON	ce
se	PRON	se
despendent	VERB	despendre
.	PUNCT	.
DE	ADP	de
MUSIQUE	ADV	mussure
.	PUNCT	.
MUSIQUE	ADV	mussure
est	VERB	estre
la	DET	le
derreniere	ADJ	derrierene)
science	NOUN	science
ainsis	ADJ	ainsi
comme	SCONJ	comme
la	DET	le
medicine	NOUN	midicande
des	ADP.DET	de.le
.VII.	DET	set
ars	NOUN	arc
;	PUNCT	;
car	CCONJ	car
quant	SCONJ	cant
le	DET	le
couraige	NOUN	courage
et	CCONJ	et
l'	DET	le
esperit	NOUN	esperir
des	ADP.DET	de.le
creatures	NOUN	créature
ententives	ADJ	ententif
aux	ADP.DET	à.le
autres	PRON	autre
ars	NOUN	arc
dessus	ADV	dessus
declairez	VERB	déclarer
sont	VERB	estre
lassez	VERB	lasser
et	CCONJ	et
ennuyez	VERB	ennuyer
de	ADP	de
leurs	DET	leur
labours	NOUN	labour
,	PUNCT	,
musique	NOUN	musque
,	PUNCT	,
par	ADP	par
la	DET	le
douçour	NOUN	douxeur
de	ADP	de
sa	DET	son
science	NOUN	science
et	CCONJ	et
la	DET	le
melodie	NOUN	melotion
de	ADP	de
sa	DET	son
voix	NOUN	voloir
,	PUNCT	,
leur	DET	leur
chante	VERB	chanter
par	ADP	par
ses	DET	son
.VI.	DET	set
notes	DET	note
tierçoyées	NOUN	tisherece
,	PUNCT	,
quintes	ADJ	cint
et	CCONJ	et
doublées	NOUN	doubler
,	PUNCT	,
ses	DET	son
chans	NOUN	chain
delectables	NOUN	déclation
et	CCONJ	et
plaisans	NOUN	plaisir
,	PUNCT	,
lesquelz	DET	lequel
elle	PRON	elle
fait	VERB	faire
aucunefoiz	NOUN	aucunefois
en	ADP	en
orgues	NOUN	orgue
et	CCONJ	et
chalumeaux	NOUN	chaulement
par	ADP	par
souflement	NOUN	souventer
de	ADP	de
bouche	NOUN	bouche
et	CCONJ	et
touchement	NOUN	toucher
de	ADP	de
doiz	NOUN	devoir
;	PUNCT	;
autrefoiz	ADV	autrefois
en	ADP	en
harpe	NOUN	harpe
,	PUNCT	,
en	ADP	en
rebebe	NOUN	rebber
,	PUNCT	,
en	ADP	en
vielle	ADJ	vieille
,	PUNCT	,
en	ADP	en
douçaine	NOUN	douvencer
,	PUNCT	,
en	ADP	en
sons	NOUN	son
de	ADP	de
tabours	NOUN	tabour
,	PUNCT	,
en	ADP	en
fleuthes	NOUN	fletue
et	CCONJ	et
autres	PRON	autre
instrumens	NOUN	instrumet
musicans	NOUN	mussice
,	PUNCT	,
tant	ADV	tant
que	SCONJ	que
par	ADP	par
sa	DET	son
melodie	NOUN	melotion
delectable	NOUN	déclation
les	DET	le
cuers	NOUN	cuer
et	CCONJ	et
esperis	NOUN	esperir
de	ADP	de
ceuls	DET	cil
qui	PRON	qui
auxdiz	ADV	à.ledit
ars	NOUN	arc
,	PUNCT	,
par	ADP	par
pensée	NOUN	penser
,	PUNCT	,
ymaginaison	NOUN	imaginage
et	CCONJ	et
labours	NOUN	labour
de	ADP	de
bras	NOUN	bras
estoient	VERB	estre
traveilliez	VERB	travaillier
,	PUNCT	,
pesans	NOUN	peser
et	CCONJ	et
ennuiez	VERB	ennuier
,	PUNCT	,
sont	VERB	estre
medicinez	NOUN	midicande
et	CCONJ	et
recreez	VERB	recroire
,	PUNCT	,
et	CCONJ	et
plus	ADV	plus
habiles	NOUN	habile
après	ADV	après
a	ADP	a
estudier	VERB	esteidure
et	CCONJ	et
labourer	VERB	laboure
aux	ADP.DET	à.le
autres	PRON	autre
.VI.	DET	set
ars	NOUN	arc
dessus	ADV	dessus
nommez	VERB	nommer
.	PUNCT	.
Et	CCONJ	et
est	VERB	estre
a	ADP	a
sçavoir	VERB	savoir
que	SCONJ	que
nous	PRON	nous
avons	VERB	avoir
deux	DET	deux
musiques	NOUN	mussure
,	PUNCT	,
dont	PRON	dont
l'	DET	le
une	DET	un
est	VERB	estre
artificiele	NOUN	articiel
et	CCONJ	et
l'	DET	le
autre	ADJ	autre
est	VERB	estre
naturele	NOUN	naturel
.	PUNCT	.
L'	DET	le
artificiele	NOUN	articiel
est	VERB	estre
celle	DET	cil
dont	PRON	dont
dessus	ADV	dessus
est	VERB	estre
faicte	VERB	faire
mencion	NOUN	mencion
;	PUNCT	;
et	CCONJ	et
est	VERB	estre
appellée	VERB	appeler
artificiele	NOUN	articiel
de	ADP	de
son	DET	son
art	NOUN	art
,	PUNCT	,
car	CCONJ	car
par	ADP	par
ses	DET	son
.VI.	DET	set
notes	DET	note
,	PUNCT	,
qui	PRON	qui
sont	VERB	estre
appellées	VERB	appeler
us	NOUN	us
,	PUNCT	,
ré	NOUN	rére
,	PUNCT	,
my	NOUN	moi
,	PUNCT	,
fa	VERB	faire
,	PUNCT	,
sol	DET	sol
,	PUNCT	,
la	DET	le
,	PUNCT	,
l'	DET	le
en	ADP	en
puet	VERB	pöoir
aprandre	VERB	aprendre
a	ADP	a
chanter	VERB	chanter
,	PUNCT	,
acorder	VERB	acorder
,	PUNCT	,
doubler	NOUN	doubler
,	PUNCT	,
quintoier	ADJ	quintioner
,	PUNCT	,
tierçoier	NOUN	tisherer
,	PUNCT	,
tenir	VERB	tenir
,	PUNCT	,
deschanter	VERB	deschandre
,	PUNCT	,
par	ADP	par
figure	NOUN	figord
de	ADP	de
notes	DET	note
,	PUNCT	,
par	ADP	par
clefs	NOUN	clef
et	CCONJ	et
par	ADP	par
lignes	NOUN	ligne
,	PUNCT	,
le	DET	le
plus	ADV	plus
rude	NOUN	rude
homme	NOUN	homme
du	ADP.DET	de.le
monde	NOUN	monde
,	PUNCT	,
ou	CCONJ	ou
au	ADP.DET	a.le
moins	ADV	moins
tant	ADV	tant
faire	VERB	faire
,	PUNCT	,
que	SCONJ	que
,	PUNCT	,
supposé	NOUN	suppéser
ore	NOUN	ore
qu'	SCONJ	que
il	PRON	il
n'	ADV	ne
eust	VERB	avoir
pas	NOUN	pas
la	DET	le
voix	NOUN	voloir
habile	NOUN	habile
pour	ADP	pour
chanter	VERB	chanter
ou	CCONJ	ou
bien	NOUN	bien
acorder	VERB	acorder
,	PUNCT	,
sçaroit	VERB	savoir
il	PRON	il
et	CCONJ	et
pourroit	VERB	pouvoir
congnoistre	VERB	connaître
les	DET	le
accors	NOUN	accors
ou	CCONJ	ou
discors	NOUN	discors
avecques	ADP	avec
tout	DET	tout
l'	DET	le
art	NOUN	art
d'	ADP	de
icelle	DET	cil
science	NOUN	science
,	PUNCT	,
par	ADP	par
laquelle	DET	lequel
et	CCONJ	et
les	DET	le
notes	DET	note
dessus	ADV	dessus
dictes	VERB	dire
l'	DET	le
en	ADP	en
acorde	NOUN	acorder
et	CCONJ	et
donne	VERB	donner
l'	DET	le
en	ADP	en
son	DET	son
divers	ADJ	divers
aux	ADP.DET	à.le
aciers	NOUN	acier
,	PUNCT	,
aux	ADP.DET	à.le
fers	NOUN	fer
,	PUNCT	,
aux	ADP.DET	à.le
boys	NOUN	bois
et	CCONJ	et
aux	ADP.DET	à.le
metaulx	NOUN	matule
,	PUNCT	,
par	ADP	par
diverses	ADJ	divers
infusions	NOUN	inseus
interposées	NOUN	intercoitement
d'	ADP	de
estain	NOUN	estre
,	PUNCT	,
de	ADP	de
plomb	NOUN	plome
,	PUNCT	,
d'	ADP	de
arain	NOUN	arain
et	CCONJ	et
de	ADP	de
cuivre	NOUN	cuivre
,	PUNCT	,
si	ADV	si
comme	SCONJ	comme
il	PRON	il
puet	VERB	pöoir
apparoir	VERB	apparoir
es	ADP.DET	en.le
sons	NOUN	son
des	ADP.DET	de.le
cloches	NOUN	cloche
mises	VERB	metre
en	ADP	en
divers	ADJ	divers
orloges	NOUN	orgueil
,	PUNCT	,
lesqueles	DET	lequel
par	ADP	par
le	DET	le
touchement	NOUN	toucher
des	ADP.DET	de.le
marteaulx	NOUN	martel
donnent	VERB	donner
sons	NOUN	son
acordables	ADJ	acordande
selon	ADJ	selon
lesdictes	DET	ledit
.VI.	DET	set
notes	DET	note
,	PUNCT	,
proferans	VERB	préfôder
les	DET	le
sequences	NOUN	scesence
et	CCONJ	et
autres	PRON	autre
choses	NOUN	chose
des	ADP.DET	de.le
chans	NOUN	chain
de	ADP	de
saincte	ADJ	saint
Eglise	NOUN	église
.	PUNCT	.
Et	CCONJ	et
ainsi	ADV	ainsi
puet	VERB	pöoir
estre	VERB	estre
entendu	VERB	entendre
des	ADP.DET	de.le
autres	PRON	autre
instrumens	NOUN	instrumet
des	ADP.DET	de.le
voix	NOUN	voloir
comme	SCONJ	comme
rebebes	NOUN	rebber
,	PUNCT	,
guiternes	NOUN	guiter
,	PUNCT	,
vielles	ADJ	vieille
et	CCONJ	et
psalterions	NOUN	pastreliz
,	PUNCT	,
par	ADP	par
la	DET	le
diversité	NOUN	diversité
des	ADP.DET	de.le
tailles	NOUN	taille
,	PUNCT	,
la	DET	le
nature	NOUN	nature
des	ADP.DET	de.le
cordes	NOUN	corde
et	CCONJ	et
le	DET	le
touchement	NOUN	toucher
des	ADP.DET	de.le
doiz	NOUN	devoir
,	PUNCT	,
et	CCONJ	et
des	ADP.DET	de.le
fleutes	ADJ	floter
et	CCONJ	et
haulx	NOUN	haul
instrumens	NOUN	instrumet
semblables	ADJ	semblable
,	PUNCT	,
avecques	ADP	avec
le	DET	le
vent	VERB	vent
de	ADP	de
la	DET	le
bouche	NOUN	bouche
qui	PRON	qui
baillié	VERB	baillier
leur	DET	leur
est	VERB	estre
.	PUNCT	.
L'	DET	le
autre	ADJ	autre
musique	NOUN	musque
est	VERB	estre
appellée	VERB	appeler
naturele	NOUN	naturel
pour	ADP	pour
ce	PRON	ce
qu'	SCONJ	que
elle	PRON	elle
ne	ADV	ne
puet	VERB	pöoir
estre	VERB	estre
aprinse	VERB	aprendre
a	ADP	a
nul	DET	nul
,	PUNCT	,
se	PRON	se
son	DET	son
propre	NOUN	propre
couraige	NOUN	courage
naturelment	VERB	naturelle
ne	ADV	ne
s'	DET	soi
i	ADV	i
applique	NOUN	applique
,	PUNCT	,
et	CCONJ	et
est	VERB	estre
une	DET	un
musique	NOUN	musque
de	ADP	de
bouche	NOUN	bouche
en	ADP	en
proferant	VERB	préfôter
paroules	NOUN	parole
metrifiées	VERB	metrier
,	PUNCT	,
aucunefoiz	NOUN	aucunefois
en	ADP	en
laiz	NOUN	lait
,	PUNCT	,
autrefoiz	ADV	autrefois
en	ADP	en
balades	NOUN	balade
,	PUNCT	,
autrefoiz	ADV	autrefois
en	ADP	en
rondeaulx	NOUN	rondle
cengles	NOUN	cengle
et	CCONJ	et
doubles	NOUN	double
,	PUNCT	,
et	CCONJ	et
en	ADP	en
chançons	NOUN	chançon
baladées	VERB	baladé
,	PUNCT	,
qui	PRON	qui
sont	VERB	estre
ainsi	ADV	ainsi
appellées	VERB	appeler
pour	ADP	pour
ce	PRON	ce
que	SCONJ	que
le	DET	le
refrain	NOUN	refraindre
d'	ADP	de
une	DET	un
balade	NOUN	balais
sert	VERB	servir
tousjours	ADV	toujours
par	ADP	par
maniere	NOUN	manière
de	ADP	de
rubriche	NOUN	rubichré
a	ADP	a
la	DET	le
fin	NOUN	fin
de	ADP	de
chascune	DET	chascun
couple	NOUN	coupel
d'	ADP	de
icelle	DET	cil
,	PUNCT	,
et	CCONJ	et
la	DET	le
chançon	NOUN	chançon
baladée	VERB	baladé
de	ADP	de
trois	DET	trois
vers	ADP	vers
doubles	NOUN	double
a	ADP	a
tousjours	ADV	toujours
,	PUNCT	,
par	ADP	par
difference	NOUN	differce
des	ADP.DET	de.le
balades	NOUN	balade
,	PUNCT	,
son	DET	son
refrain	NOUN	refraindre
et	CCONJ	et
rebriche	VERB	rebrichier
au	ADP.DET	a.le
commencement	NOUN	commencement
,	PUNCT	,
que	SCONJ	que
aucuns	DET	aucun
appellent	VERB	appeler
du	ADP.DET	de.le
temps	NOUN	temps
present	NOUN	présent
virelays	NOUN	vrioler
.	PUNCT	.
Et	CCONJ	et
ja	ADV	ja
soit	VERB	estre
ce	PRON	ce
que	SCONJ	que
ceste	DET	cest
musique	NOUN	musque
naturele	NOUN	naturel
se	PRON	se
face	VERB	faire
de	ADP	de
volunté	NOUN	volonté
amoureuse	NOUN	amoureur
a	ADP	a
la	DET	le
louenge	NOUN	louange
des	ADP.DET	de.le
dames	NOUN	dame
,	PUNCT	,
et	CCONJ	et
en	ADP	en
autres	PRON	autre
manieres	NOUN	manière
,	PUNCT	,
selon	ADJ	selon
les	DET	le
materes	NOUN	mater
et	CCONJ	et
le	DET	le
sentement	NOUN	sentement
de	ADP	de
ceuls	DET	cil
qui	PRON	qui
en	ADP	en
ceste	DET	cest
musique	NOUN	musque
s'	DET	soi
appliquent	VERB	appliquer
,	PUNCT	,
et	CCONJ	et
que	SCONJ	que
les	DET	le
faiseurs	NOUN	faire
d'	ADP	de
icelle	DET	cil
ne	ADV	ne
saichent	VERB	savoir
pas	NOUN	pas
communement	NOUN	communément
la	DET	le
musique	NOUN	musque
artificiele	NOUN	articiel
ne	ADV	ne
donner	VERB	donner
chant	VERB	chant
par	ADP	par
art	NOUN	art
de	ADP	de
notes	DET	note
a	ADP	a
ce	PRON	ce
qu'	SCONJ	que
ilz	PRON	il
font	VERB	faire
,	PUNCT	,
toutesvoies	NOUN	toutefois
est	VERB	estre
appellée	VERB	appeler
musique	NOUN	musque
ceste	DET	cest
science	NOUN	science
naturele	NOUN	naturel
,	PUNCT	,
pour	ADP	pour
ce	PRON	ce
que	SCONJ	que
les	DET	le
diz	NOUN	dire
et	CCONJ	et
chançons	NOUN	chançon
par	ADP	par
eulx	PRON	eux
faiz	VERB	fait
ou	CCONJ	ou
les	DET	le
livres	NOUN	livre
metrifiez	VERB	metrier
se	PRON	se
lisent	VERB	lire
de	ADP	de
bouche	NOUN	bouche
,	PUNCT	,
et	CCONJ	et
proferent	VERB	préfer
par	ADP	par
voix	NOUN	voloir
non	NOUN	nom
pas	NOUN	pas
chantable	NOUN	chantel
,	PUNCT	,
tant	ADV	tant
que	SCONJ	que
les	DET	le
douces	ADJ	doux
paroles	NOUN	parole
ainsis	ADJ	ainsi
faictes	VERB	faire
et	CCONJ	et
recordées	VERB	recorder
par	ADP	par
voix	NOUN	voloir
plaisent	ADJ	plaire
aux	ADP.DET	à.le
escoutans	NOUN	escouter
qui	PRON	qui
les	DET	le
oyent	VERB	öir
,	PUNCT	,
si	ADV	si
que	SCONJ	que
au	ADP.DET	a.le
Puy	PROPN	pui
d'	ADP	de
amours	NOUN	amour
anciennement	NOUN	anciennement
et	CCONJ	et
encores	ADV	encore
est	VERB	estre
acoustumez	VERB	accoutumer
en	ADP	en
pluseurs	DET	plusieurs
villes	NOUN	ville
et	CCONJ	et
citez	NOUN	cité
des	ADP.DET	de.le
pais	NOUN	paix
et	CCONJ	et
royaumes	NOUN	royaume
du	ADP.DET	de.le
monde	NOUN	monde
.	PUNCT	.
Ceuls	DET	cil
qui	PRON	qui
avoient	VERB	avoir
et	CCONJ	et
ont	VERB	avoir
acoustumé	VERB	accoutumer
de	ADP	de
faire	VERB	faire
en	ADP	en
ceste	DET	cest
musique	NOUN	musque
naturele	NOUN	naturel
serventois	NOUN	servise
de	ADP	de
Nostre	DET	notre
Dame	NOUN	dame
,	PUNCT	,
chançons	NOUN	chançon
royaulx	ADJ	royaux
,	PUNCT	,
pastourelles	NOUN	pastouler
,	PUNCT	,
balades	NOUN	balade
et	CCONJ	et
rondeaulx	NOUN	rondle
,	PUNCT	,
portoient	VERB	porter
chascun	DET	chascun
ce	PRON	ce
que	SCONJ	que
fait	VERB	faire
avoit	VERB	avoir
devant	ADP	devant
le	DET	le
Prince	NOUN	prince
du	ADP.DET	de.le
puys	NOUN	puis
,	PUNCT	,
et	CCONJ	et
le	DET	le
recordoit	VERB	recorder
par	ADP	par
cuer	NOUN	cuer
,	PUNCT	,
et	CCONJ	et
ce	PRON	ce
recort	NOUN	recort
estoit	VERB	estre
appellé	VERB	appeler
en	ADP	en
disant	VERB	dire
,	PUNCT	,
après	ADV	après
qu'	SCONJ	que
ilz	PRON	il
avoient	VERB	avoir
chanté	VERB	chanter
leur	DET	leur
chançon	NOUN	chançon
devant	ADP	devant
le	DET	le
Prince	NOUN	prince
,	PUNCT	,
pour	ADP	pour
ce	PRON	ce
que	SCONJ	que
neant	PRON	nïent
plus	ADV	plus
que	SCONJ	que
l'	DET	le
en	ADP	en
pourroit	VERB	pouvoir
proferer	VERB	prefer
le	DET	le
chant	VERB	chant
de	ADP	de
musique	NOUN	musque
sanz	ADP	sans
la	DET	le
bouche	NOUN	bouche
ouvrir	VERB	ouvrir
,	PUNCT	,
neant	PRON	nïent
plus	ADV	plus
pourroit	VERB	pouvoir
l'	DET	le
en	ADP	en
proferer	VERB	prefer
ceste	DET	cest
musique	NOUN	musque
naturele	NOUN	naturel
sanz	ADP	sans
voix	NOUN	voloir
et	CCONJ	et
sanz	ADP	sans
donner	VERB	donner
son	DET	son
et	CCONJ	et
pause	NOUN	paule
aux	ADP.DET	à.le
dictez	VERB	dire
qui	PRON	qui
faiz	VERB	fait
en	ADP	en
sont	VERB	estre
.	PUNCT	.
Et	CCONJ	et
aussi	ADV	aussi
ces	DET	ce
deux	DET	deux
musiques	NOUN	mussure
sont	VERB	estre
si	ADV	si
consonans	VERB	consentir
l'	DET	le
une	DET	un
avecques	ADP	avec
l'	DET	le
autre	ADJ	autre
,	PUNCT	,
que	SCONJ	que
chascune	DET	chascun
puet	VERB	pöoir
bien	NOUN	bien
estre	VERB	estre
appellée	VERB	appeler
musique	NOUN	musque
,	PUNCT	,
pour	ADP	pour
la	DET	le
douceur	ADJ	doux
tant	ADV	tant
du	ADP.DET	de.le
chant	VERB	chant
comme	SCONJ	comme
des	ADP.DET	de.le
paroles	NOUN	parole
qui	PRON	qui
toutes	DET	tout
sont	VERB	estre
prononcées	NOUN	proncée
et	CCONJ	et
pointoyées	NOUN	pointement
par	ADP	par
douçour	NOUN	douxeur
de	ADP	de
voix	NOUN	voloir
et	CCONJ	et
ouverture	NOUN	ouvrir
de	ADP	de
bouche	NOUN	bouche
;	PUNCT	;
et	CCONJ	et
est	VERB	estre
de	ADP	de
ces	DET	ce
deux	DET	deux
ainsis	ADJ	ainsi
comme	SCONJ	comme
un	DET	un
mariage	NOUN	mariage
en	ADP	en
conjunction	NOUN	conturnement
de	ADP	de
science	NOUN	science
,	PUNCT	,
par	ADP	par
les	DET	le
chans	NOUN	chain
qui	PRON	qui
sont	VERB	estre
plus	ADV	plus
anobliz	VERB	enobble
et	CCONJ	et
mieulx	ADV	mieux
seans	NOUN	sain
par	ADP	par
la	DET	le
parole	NOUN	parole
et	CCONJ	et
faconde	NOUN	faconde
des	ADP.DET	de.le
diz	NOUN	dire
qu'	SCONJ	que
elle	PRON	elle
ne	ADV	ne
seroit	VERB	estre
seule	ADJ	sol
de	ADP	de
soy	PRON	soi
.	PUNCT	.
Et	CCONJ	et
semblablement	ADV	semblablement
les	DET	le
chançons	NOUN	chançon
natureles	ADJ	naturel
sont	VERB	estre
delectables	NOUN	déclation
et	CCONJ	et
embellies	NOUN	emballei
par	ADP	par
la	DET	le
melodie	NOUN	melotion
et	CCONJ	et
les	DET	le
teneurs	NOUN	tenir
,	PUNCT	,
trebles	NOUN	treble
et	CCONJ	et
contreteneurs	ADV	contretenor
du	ADP.DET	de.le
chant	VERB	chant
de	ADP	de
la	DET	le
musique	NOUN	musque
artificiele	NOUN	articiel
.	PUNCT	.
Et	CCONJ	et
neantmoins	ADV	néanmoins
est	VERB	estre
chascune	DET	chascun
de	ADP	de
ces	DET	ce
deux	DET	deux
plaisant	ADJ	plaire
a	ADP	a
ouir	VERB	ouïr
par	ADP	par
soy	PRON	soi
;	PUNCT	;
et	CCONJ	et
se	PRON	se
puet	VERB	pöoir
l'	DET	le
une	DET	un
chanter	VERB	chanter
par	ADP	par
voix	NOUN	voloir
et	CCONJ	et
par	ADP	par
art	NOUN	art
,	PUNCT	,
sanz	ADP	sans
parole	NOUN	parole
;	PUNCT	;
et	CCONJ	et
aussis	DET	aussi
les	DET	le
diz	NOUN	dire
des	ADP.DET	de.le
chançons	NOUN	chançon
se	PRON	se
puent	VERB	pouvoir
souventefoiz	NOUN	souventer
recorder	VERB	recorder
en	ADP	en
pluseurs	DET	plusieurs
lieux	NOUN	lieu
ou	CCONJ	ou
ilz	PRON	il
sont	VERB	estre
moult	ADV	moult
voulentiers	ADV	volontiers
ois	NOUN	avoir
,	PUNCT	,
ou	CCONJ	ou
le	DET	le
chant	VERB	chant
de	ADP	de
la	DET	le
musique	NOUN	musque
artificiele	NOUN	articiel
n'	ADV	ne
aroit	NOUN	avoir
pas	NOUN	pas
tousjours	ADV	toujours
lieu	NOUN	lieu
,	PUNCT	,
comme	SCONJ	comme
entre	ADP	entre
seigneurs	NOUN	seigneur
et	CCONJ	et
dames	NOUN	dame
estans	NOUN	être
a	ADP	a
leur	DET	leur
privé	ADJ	privé
et	CCONJ	et
secretement	NOUN	sercenter
,	PUNCT	,
ou	CCONJ	ou
la	DET	le
musique	NOUN	musque
naturele	NOUN	naturel
se	PRON	se
puet	VERB	pöoir
dire	VERB	dire
et	CCONJ	et
recorder	VERB	recorder
par	ADP	par
un	DET	un
homme	NOUN	homme
seul	ADJ	sol
,	PUNCT	,
de	ADP	de
bouche	NOUN	bouche
,	PUNCT	,
ou	CCONJ	ou
lire	NOUN	lire
aucun	DET	aucun
livre	NOUN	livre
de	ADP	de
ces	DET	ce
choses	NOUN	chose
plaisans	NOUN	plaisir
devant	ADP	devant
un	DET	un
malade	ADJ	malade
,	PUNCT	,
et	CCONJ	et
autres	PRON	autre
cas	NOUN	cas
semblables	ADJ	semblable
ou	CCONJ	ou
le	DET	le
chant	VERB	chant
musicant	VERB	mussire
n'	ADV	ne
aroit	NOUN	avoir
point	NOUN	point
lieu	NOUN	lieu
pour	ADP	pour
la	DET	le
haulteur	NOUN	hauteur
d'	ADP	de
icellui	DET	cil
,	PUNCT	,
et	CCONJ	et
la	DET	le
triplicité	NOUN	trililain
des	ADP.DET	de.le
voix	NOUN	voloir
pour	ADP	pour
les	DET	le
teneurs	NOUN	tenir
et	CCONJ	et
contreteneurs	ADV	contretenor
neccessaires	NOUN	nécessité
a	ADP	a
ycellui	DET	cil
chant	VERB	chant
proferer	VERB	prefer
par	ADP	par
deux	DET	deux
ou	CCONJ	ou
trois	DET	trois
personnes	NOUN	personne
pour	ADP	pour
la	DET	le
perfection	NOUN	perfection
dudit	ADP.DET	de.ledit
chant	VERB	chant
.	PUNCT	.
Et	CCONJ	et
de	ADP	de
ceste	DET	cest
musique	NOUN	musque
naturele	NOUN	naturel
,	PUNCT	,
et	CCONJ	et
comment	ADV	comment
homme	NOUN	homme
,	PUNCT	,
depuis	ADV	depuis
qu'	SCONJ	que
il	PRON	il
se	PRON	se
met	VERB	metre
naturelment	VERB	naturelle
a	ADP	a
ce	PRON	ce
faire	VERB	faire
,	PUNCT	,
ce	PRON	ce
que	SCONJ	que
nul	DET	nul
,	PUNCT	,
tant	ADV	tant
fust	VERB	estre
saiges	ADJ	sage
le	DET	le
maistre	NOUN	maître
ne	ADV	ne
le	DET	le
disciple	NOUN	diclime-chil
,	PUNCT	,
ne	ADV	ne
lui	PRON	lui
sçavroit	VERB	savoir
aprandre	VERB	aprendre
,	PUNCT	,
se	PRON	se
de	ADP	de
son	DET	son
propre	NOUN	propre
et	CCONJ	et
naturel	NOUN	nature
mouvement	ADV	mouvoir
ne	ADV	ne
se	PRON	se
faisoit	VERB	faire
,	PUNCT	,
vueil	NOUN	vouloir
je	PRON	je
traictier	VERB	traiter
principaument	ADV	principamme
,	PUNCT	,
en	ADP	en
baillant	NOUN	bailler
et	CCONJ	et
enseignant	VERB	enseigner
un	DET	un
petit	ADJ	petit
de	ADP	de
regle	NOUN	regle
ci	ADV	ci
après	ADV	après
declarée	NOUN	déclarer
a	ADP	a
ceuls	DET	cil
que	SCONJ	que
nature	NOUN	nature
avra	VERB	avoir
encliné	VERB	encliner
ou	CCONJ	ou
enclinera	VERB	enclirenne
a	ADP	a
ceste	DET	cest
naturele	NOUN	naturel
musique	NOUN	musque
,	PUNCT	,
afin	NOUN	afin
que	SCONJ	que
ilz	PRON	il
saichent	VERB	savoir
congnoistre	VERB	connaître
les	DET	le
façons	NOUN	façon
et	CCONJ	et
couples	NOUN	couple
des	ADP.DET	de.le
lais	NOUN	laisser
,	PUNCT	,
la	DET	le
maniere	NOUN	manière
des	ADP.DET	de.le
balades	NOUN	balade
,	PUNCT	,
chançons	NOUN	chançon
et	CCONJ	et
rondeaulx	NOUN	rondle
en	ADP	en
pluseurs	DET	plusieurs
et	CCONJ	et
diverses	ADJ	divers
manieres	NOUN	manière
;	PUNCT	;
quelz	ADJ	quel
lettres	NOUN	lettre
sont	VERB	estre
les	DET	le
voieulz	NOUN	vouloir
et	CCONJ	et
queles	DET	quel
les	DET	le
liquides	DET	lequel
et	CCONJ	et
les	DET	le
consonans	VERB	consentir
;	PUNCT	;
et	CCONJ	et
comment	ADV	comment
,	PUNCT	,
en	ADP	en
metrifiant	VERB	metrier
,	PUNCT	,
deux	DET	deux
voieulx	NOUN	vouloir
ensuians	VERB	ensuivre
l'	DET	le
un	DET	un
l'	DET	le
autre	ADJ	autre
menguent	VERB	manger
la	DET	le
moitié	NOUN	moitié
d'	ADP	de
une	DET	un
silabe	NOUN	sialace
;	PUNCT	;
quelles	DET	quel
rymes	NOUN	rimeux
sont	VERB	estre
consonans	VERB	consentir
et	CCONJ	et
quelles	DET	quel
leonimes	NOUN	lainement
,	PUNCT	,
et	CCONJ	et
queles	DET	quel
equivoques	NOUN	quevoisque
;	PUNCT	;
par	ADP	par
quantes	DET	canter
manieres	NOUN	manière
se	PRON	se
puent	VERB	pouvoir
faire	VERB	faire
balades	NOUN	balade
et	CCONJ	et
de	ADP	de
quans	NOUN	cant
vers	ADP	vers
,	PUNCT	,
et	CCONJ	et
comment	ADV	comment
elles	PRON	elle
se	PRON	se
puent	VERB	pouvoir
copper	NOUN	coppre
.	PUNCT	.
Et	CCONJ	et
premierement	ADV	premierement
pour	ADP	pour
avoir	VERB	avoir
l'	DET	le
introduction	NOUN	entruction
de	ADP	de
ce	PRON	ce
que	SCONJ	que
dit	VERB	dire
est	VERB	estre
,	PUNCT	,
je	PRON	je
commenceray	VERB	commencer
a	ADP	a
la	DET	le
declaracion	NOUN	déclarer
des	ADP.DET	de.le
voieulz	NOUN	vouloir
en	ADP	en
la	DET	le
maniere	NOUN	manière
qui	PRON	qui
s'	DET	soi
ensuit	VERB	ensuit
.	PUNCT	.
C'	CCONJ	ce
est	VERB	estre
assavoir	VERB	assavoir
que	SCONJ	que
nous	PRON	nous
avons	VERB	avoir
cinq	DET	cinq
voyeulx	NOUN	vouloir
principaulx	ADJ	principal
:	PUNCT	:
a	ADP	a
,	PUNCT	,
e	CCONJ	et
,	PUNCT	,
i	ADV	i
,	PUNCT	,
o	ADP	o
et	CCONJ	et
u	CCONJ	ou
.	PUNCT	.
Et	CCONJ	et
sont	VERB	estre
diz	NOUN	dire
voyeulx	NOUN	vouloir
,	PUNCT	,
pour	ADP	pour
ce	PRON	ce
que	SCONJ	que
sanz	ADP	sans
yceulx	DET	cil
ou	CCONJ	ou
aucun	DET	aucun
d'	ADP	de
eulx	PRON	eux
ne	ADV	ne
se	PRON	se
peut	VERB	pouvoir
former	NOUN	former
voix	NOUN	voloir
ne	ADV	ne
sillabe	NOUN	silage
de	ADP	de
lettre	NOUN	lettre
ne	ADV	ne
mot	NOUN	mot
que	SCONJ	que
l'	DET	le
en	ADP	en
peust	VERB	pouvoir
prononcer	VERB	pronchier
ne	ADV	ne
proferer	VERB	prefer
a	ADP	a
nul	DET	nul
vray	ADJ	vrai
entendement	NOUN	entendement
.	PUNCT	.
Et	CCONJ	et
entre	ADP	entre
ces	DET	ce
cinq	DET	cinq
voyeulx	NOUN	vouloir
en	ADP	en
y	ADV	y
a	ADP	a
deux	DET	deux
,	PUNCT	,
c'	CCONJ	ce
est	VERB	estre
assavoir	VERB	assavoir
i	ADV	i
et	CCONJ	et
u	CCONJ	ou
,	PUNCT	,
qui	PRON	qui
se	PRON	se
mettent	VERB	mettre
bien	NOUN	bien
ensemble	ADV	ensemble
,	PUNCT	,
ainsi	ADV	ainsi
comme	SCONJ	comme
Julien	PROPN	julieun
,	PUNCT	,
Vivien	NOUN	vivit
,	PUNCT	,
ou	CCONJ	ou
ainsi	ADV	ainsi
comme	SCONJ	comme
Jacob	PROPN	jacques
et	CCONJ	et
vates	VERB	alet
.	PUNCT	.
Item	X	item
les	DET	le
liquides	DET	lequel
sont	VERB	estre
:	PUNCT	:
b	NOUN	be
,	PUNCT	,
c	CCONJ	ce
,	PUNCT	,
d	ADP	ad
,	PUNCT	,
f	VERB	fe
,	PUNCT	,
g	PRON	je
,	PUNCT	,
k	PUNCT	que
,	PUNCT	,
l	PRON	,l
,	PUNCT	,
m	DET	me
,	PUNCT	,
n	PUNCT	ne
,	PUNCT	,
p	ADV	pe
,	PUNCT	,
q	PUNCT	que
,	PUNCT	,
r	NOUN	re
,	PUNCT	,
s	CCONJ	se
,	PUNCT	,
t	PUNCT	tu
,	PUNCT	,
x	PRON	il
,	PUNCT	,
v	DET	voir
,	PUNCT	,
z	DET	ton
.	PUNCT	.
Et	CCONJ	et
n'	ADV	ne
est	VERB	estre
pas	NOUN	pas
h	CCONJ	ho
proprement	NOUN	proprement
lettre	NOUN	lettre
,	PUNCT	,
mais	NOUN	mais
n'	ADV	ne
est	VERB	estre
que	SCONJ	que
une	DET	un
aspiracion	NOUN	assécharit
sonnant	VERB	sonner
selon	ADJ	selon
la	DET	le
maniere	NOUN	manière
des	ADP.DET	de.le
noms	DET	nom
,	PUNCT	,
ainsi	ADV	ainsi
comme	SCONJ	comme
se	PRON	se
on	PRON	on
vouloit	VERB	vouloir
dire	VERB	dire
hannequin	NOUN	hannauiin
ou	CCONJ	ou
hannote	NOUN	hannaître
,	PUNCT	,
qui	PRON	qui
sanz	ADP	sans
ladicte	DET	ledit
h	CCONJ	ho
n'	ADV	ne
aroit	NOUN	avoir
pas	NOUN	pas
son	DET	son
plain	ADJ	plein
son	DET	son
,	PUNCT	,
ainçois	ADV	ainçois
diroit	VERB	dire
on	PRON	on
annequin	NOUN	anniqun
et	CCONJ	et
annote	NOUN	annoter
.	PUNCT	.
Et	CCONJ	et
desdictes	ADP	desdire
liquides	DET	lequel
les	DET	le
unes	DET	un
sont	VERB	estre
consonans	VERB	consentir
,	PUNCT	,
les	DET	le
autres	PRON	autre
demi	ADJ	demi
voyeux	NOUN	vouloir
,	PUNCT	,
et	CCONJ	et
les	DET	le
autres	PRON	autre
mutes	NOUN	mot
,	PUNCT	,
qui	PRON	qui
donnent	VERB	donner
pou	ADV	peu
ou	CCONJ	ou
neant	PRON	nïent
de	ADP	de
son	DET	son
.	PUNCT	.
Et	CCONJ	et
sont	VERB	estre
les	DET	le
six	DET	six
demi	ADJ	demi
voyeux	NOUN	vouloir
s	CCONJ	se
,	PUNCT	,
l	PRON	,l
,	PUNCT	,
m	DET	me
,	PUNCT	,
n	PUNCT	ne
,	PUNCT	,
r	NOUN	re
et	CCONJ	et
x	PRON	il
;	PUNCT	;
et	CCONJ	et
sont	VERB	estre
appelez	VERB	appeler
demi	ADJ	demi
voyeux	NOUN	vouloir
pour	ADP	pour
ce	PRON	ce
que	SCONJ	que
ilz	PRON	il
commencent	VERB	commencer
en	ADP	en
voyeul	NOUN	vouloir
et	CCONJ	et
terminent	VERB	termine
par	ADP	par
eulx	PRON	eux
meismes	ADJ	même
.	PUNCT	.
Item	X	item
les	DET	le
neufs	ADJ	neuf
lettres	NOUN	lettre
mueles	NOUN	muel
et	CCONJ	et
qui	PRON	qui
point	NOUN	point
ne	ADV	ne
donnent	VERB	donner
de	ADP	de
son	DET	son
ne	ADV	ne
de	ADP	de
fin	NOUN	fin
en	ADP	en
sillabe	NOUN	silage
se	PRON	se
trop	ADV	trop
po	ADV	poi
non	NOUN	nom
,	PUNCT	,
sont	VERB	estre
.IX	DET	donc
.	PUNCT	.
C'	CCONJ	ce
est	VERB	estre
assavoir	VERB	assavoir
b	NOUN	be
,	PUNCT	,
c	CCONJ	ce
,	PUNCT	,
d	ADP	ad
,	PUNCT	,
f	VERB	fe
,	PUNCT	,
g	PRON	je
,	PUNCT	,
k	PUNCT	que
,	PUNCT	,
p	ADV	pe
,	PUNCT	,
q	PUNCT	que
,	PUNCT	,
t	PUNCT	tu
,	PUNCT	,
lesquelles	DET	lequel
sonnent	VERB	sonner
trespou	VERB	trespor
au	ADP.DET	a.le
regard	NOUN	regard
des	ADP.DET	de.le
autres	PRON	autre
lettres	NOUN	lettre
.	PUNCT	.
Z	PUNCT	se
et	CCONJ	et
x	PRON	il
ont	VERB	avoir
double	NOUN	double
consonant	VERB	consentir
et	CCONJ	et
font	VERB	faire
leur	DET	leur
posicion	NOUN	possit
si	ADV	si
comme	SCONJ	comme
dixit	NOUN	dire
et	CCONJ	et
Gaza	VERB	gast
.	PUNCT	.
Et	CCONJ	et
sont	VERB	estre
lesdictes	DET	ledit
liquides	DET	lequel
comme	SCONJ	comme
l	PRON	,l
,	PUNCT	,
m	DET	me
,	PUNCT	,
n	PUNCT	ne
,	PUNCT	,
r	NOUN	re
,	PUNCT	,
qui	PRON	qui
font	VERB	faire
la	DET	le
sillabe	NOUN	silage
brieve	NOUN	brief
,	PUNCT	,
si	ADV	si
comme	SCONJ	comme
est	VERB	estre
Ysabel	PROPN	issable
,	PUNCT	,
Marion	PROPN	marion
,	PUNCT	,
Jehan	PROPN	jean
,	PUNCT	,
Robert	PROPN	robert
et	CCONJ	et
eureux	ADJ	aler
;	PUNCT	;
et	CCONJ	et
par	ADP	par
ceste	DET	cest
regle	NOUN	regle
puet	VERB	pöoir
estre	VERB	estre
congneu	VERB	connaître
en	ADP	en
brief	NOUN	brief
ce	PRON	ce
qui	PRON	qui
est	VERB	estre
voyeul	NOUN	vouloir
,	PUNCT	,
demi	ADJ	demi
voyeul	NOUN	vouloir
,	PUNCT	,
liquide	DET	lequel
,	PUNCT	,
sonnant	VERB	sonner
et	CCONJ	et
muele	NOUN	müel
des	ADP.DET	de.le
lettres	NOUN	lettre
de	ADP	de
l'	DET	le
A	ADP	a
,	PUNCT	,
B	VERB	be
,	PUNCT	,
C	PRON	ce
,	PUNCT	,
par	ADP	par
lesquelles	DET	lequel
tout	DET	tout
langaige	NOUN	langage
latin	DET	lait
et	CCONJ	et
françois	NOUN	françois
est	VERB	estre
escript	VERB	écrire
et	CCONJ	et
proferé	VERB	profir
.	PUNCT	.
Or	ADV	or
sera	VERB	estre
dit	VERB	dire
et	CCONJ	et
escript	VERB	écrire
cy	ADV	ci
après	ADV	après
la	DET	le
façon	NOUN	façon
des	ADP.DET	de.le
Balades	PROPN	balade
.	PUNCT	.
Et	CCONJ	et
premierement	ADV	premierement
est	VERB	estre
assavoir	VERB	assavoir
que	SCONJ	que
il	PRON	il
est	VERB	estre
balade	NOUN	balais
de	ADP	de
huit	NOUN	huit
vers	ADP	vers
,	PUNCT	,
dont	PRON	dont
la	DET	le
rubriche	NOUN	rubichré
est	VERB	estre
pareille	ADJ	pareille
en	ADP	en
ryme	NOUN	rime
au	ADP.DET	a.le
ver	ADP	ver
antesequent	VERB	entesquent
,	PUNCT	,
et	CCONJ	et
toutefois	ADV	toutefois
que	SCONJ	que
le	DET	le
derrain	ADP	derrain
mot	NOUN	mot
du	ADP.DET	de.le
premier	ADJ	premier
ver	ADP	ver
de	ADP	de
la	DET	le
balade	NOUN	balais
est	VERB	estre
de	ADP	de
trois	DET	trois
sillabes	NOUN	sillamme
,	PUNCT	,
il	PRON	il
doit	VERB	devoir
estre	VERB	estre
de	ADP	de
.XI.	DET	doux
piez	NOUN	pié
,	PUNCT	,
si	ADV	si
comme	SCONJ	comme
il	PRON	il
sera	VERB	estre
veu	VERB	voir
par	ADP	par
exemple	NOUN	exemple
cy	ADV	ci
après	ADV	après
;	PUNCT	;
et	CCONJ	et
se	PRON	se
le	DET	le
derrenier	VERB	derraine
mot	NOUN	mot
du	ADP.DET	de.le
second	ADJ	second
ver	ADP	ver
n'	ADV	ne
a	ADP	a
qu'	SCONJ	que
une	DET	un
ou	CCONJ	ou
deux	DET	deux
sillabes	NOUN	sillamme
,	PUNCT	,
ledit	DET	ledit
ver	ADP	ver
sera	VERB	estre
de	ADP	de
dix	DET	dix
piez	NOUN	pié
;	PUNCT	;
et	CCONJ	et
se	PRON	se
il	PRON	il
y	ADV	y
a	ADP	a
aucun	DET	aucun
ver	ADP	ver
coppé	NOUN	coppé
qui	PRON	qui
soit	VERB	estre
de	ADP	de
cinq	DET	cinq
piez	NOUN	pié
,	PUNCT	,
cellui	DET	cil
qui	PRON	qui
vient	VERB	venir
après	ADV	après
doit	VERB	devoir
estre	VERB	estre
de	ADP	de
dix	DET	dix
.	PUNCT	.
EXEMPLE	PROPN	envlement
SUR	NOUN	sur
CE	PRON	ce
QUE	CCONJ	que
DIT	VERB	dire
EST	VERB	estre
.	PUNCT	.
Balade	PROPN	balade
de	ADP	de
.VIII.	DET	hestre
vers	ADP	vers
couppez	NOUN	coppé
.	PUNCT	.
Je	PRON	je
hez	NOUN	häir
mes	DET	mais
jours	NOUN	jour
et	CCONJ	et
ma	DET	mon
vie	NOUN	vie
dolente	ADJ	dolent
,	PUNCT	,
Et	CCONJ	et
si	ADV	si
maudis	NOUN	maudire
l'	DET	le
eure	NOUN	erer
que	SCONJ	que
je	PRON	je
fu	VERB	estre
nez	VERB	naistre
,	PUNCT	,
Et	CCONJ	et
a	ADP	a
la	DET	le
mort	NOUN	mort
humblement	ADV	humblement
me	PRON	je
presente	ADJ	presenter
Pour	ADP	pour
les	DET	le
tourmens	NOUN	tournement
dont	PRON	dont
je	PRON	je
suy	VERB	estre
fortunez	NOUN	fortune
.	PUNCT	.
Je	PRON	je
hez	NOUN	häir
ma	DET	mon
concepcion	NOUN	concierche
Et	CCONJ	et
si	ADV	si
maudi	NOUN	maudir
ma	DET	mon
constellacion	NOUN	constille-ncel
Ou	CCONJ	où
Fortune	NOUN	fortune
me	PRON	je
fist	VERB	faire
naistre	NOUN	naistre
premier	ADJ	premier
,	PUNCT	,
Quant	SCONJ	cant
je	PRON	je
me	PRON	je
voy	NOUN	vëoir
de	ADP	de
touz	DET	tout
maulx	NOUN	mal
prisonnier	NOUN	prisonnier
.	PUNCT	.
Et	CCONJ	et
est	VERB	estre
ceste	DET	cest
balade	NOUN	balais
leonime	NOUN	lement
,	PUNCT	,
par	ADP	par
ce	PRON	ce
qu'	SCONJ	que
en	ADP	en
chascun	DET	chascun
ver	ADP	ver
elle	PRON	elle
emporte	NOUN	emporter
sillabe	NOUN	silage
entiere	ADJ	entier
,	PUNCT	,
aussi	ADV	aussi
comme	SCONJ	comme
dolente	ADJ	dolent
et	CCONJ	et
presente	ADJ	presenter
,	PUNCT	,
concepcion	NOUN	concierche
et	CCONJ	et
constellacion	NOUN	constille-ncel
.	PUNCT	.
Autre	ADJ	autre
Balade	PROPN	balade
.	PUNCT	.
De	ADP	de
tous	DET	tout
les	DET	le
biens	NOUN	bien
temporelz	ADJ	temporer
de	ADP	de
ce	PRON	ce
monde	NOUN	monde
Ne	CCONJ	ne
se	PRON	se
doit	VERB	devoir
nulz	DET	nul
roys	NOUN	roi
ne	ADV	ne
sires	NOUN	seignor
clamer	VERB	clamer
,	PUNCT	,
Puisque	NOUN	puisque
telz	DET	tel
sont	VERB	estre
que	SCONJ	que
Fortune	NOUN	fortune
suronde	NOUN	surend
Qui	PRON	qui
par	ADP	par
son	DET	son
droit	ADJ	droit
les	DET	le
puet	VERB	pöoir
touldre	NOUN	toudre
ou	CCONJ	ou
embler	VERB	embler
;	PUNCT	;
Le	DET	le
plus	ADV	plus
puissant	ADJ	poissant
puet	VERB	pöoir
l'	DET	le
autre	ADJ	autre
deserter	VERB	deserter
,	PUNCT	,
Si	ADV	si
qu'	SCONJ	que
il	PRON	il
n'	ADV	ne
est	VERB	estre
roy	NOUN	roi
,	PUNCT	,
duc	NOUN	duc
n'	ADV	ne
empereur	NOUN	empereur
de	ADP	de
Romme	PROPN	rompre
Qui	PRON	qui
en	ADP	en
terre	NOUN	terre
puist	VERB	pöoir
vray	ADJ	vrai
tiltre	NOUN	titre
occuper	VERB	occure
Ne	CCONJ	ne
dire	VERB	dire
sien	ADJ	sien
,	PUNCT	,
fors	ADV	fors
que	SCONJ	que
le	DET	le
sens	NOUN	sens
de	ADP	de
l'	DET	le
omme	NOUN	homme
.	PUNCT	.
Ceste	DET	cest
balade	NOUN	balais
est	VERB	estre
moitié	NOUN	moitié
leonime	NOUN	lement
et	CCONJ	et
moitié	NOUN	moitié
sonant	VERB	soner
,	PUNCT	,
si	ADV	si
comme	SCONJ	comme
il	PRON	il
apert	ADJ	apert
par	ADP	par
monde	NOUN	monde
,	PUNCT	,
par	ADP	par
onde	NOUN	onde
,	PUNCT	,
par	ADP	par
homme	NOUN	homme
,	PUNCT	,
par	ADP	par
Romme	PROPN	rompre
,	PUNCT	,
qui	PRON	qui
sont	VERB	estre
plaines	NOUN	plein
sillabes	NOUN	sillamme
et	CCONJ	et
entieres	ADJ	entier
;	PUNCT	;
et	CCONJ	et
les	DET	le
autres	PRON	autre
sonans	NOUN	sonner
tant	ADV	tant
seulement	ADV	seulement
,	PUNCT	,
ou	CCONJ	ou
il	PRON	il
n'	ADV	ne
a	ADP	a
point	NOUN	point
entiere	ADJ	entier
sillabe	NOUN	silage
,	PUNCT	,
si	ADV	si
comme	SCONJ	comme
clamer	VERB	clamer
et	CCONJ	et
oster	VERB	oster
ou	CCONJ	ou
il	PRON	il
n'	ADV	ne
a	ADP	a
que	SCONJ	que
demie	ADJ	demi
sillabe	NOUN	silage
,	PUNCT	,
ou	CCONJ	ou
si	ADV	si
comme	SCONJ	comme
seroit	VERB	estre
presentement	NOUN	présentement
et	CCONJ	et
innocent	NOUN	innecor
.	PUNCT	.
Et	CCONJ	et
ainsi	ADV	ainsi
es	ADP.DET	en.le
cas	NOUN	cas
semblables	ADJ	semblable
puet	VERB	pöoir
estre	VERB	estre
congneu	VERB	connaître
qui	PRON	qui
est	VERB	estre
leonime	NOUN	lement
ou	CCONJ	ou
sonnant	VERB	sonner
.	PUNCT	.
Exemple	PROPN	exemple
de	ADP	de
Balade	PROPN	balade
de	ADP	de
.IX.	DET	quart
vers	ADP	vers
toute	DET	tout
leonyme	NOUN	lement
.	PUNCT	.
Vous	PRON	vous
qui	PRON	qui
avez	VERB	avoir
pour	ADP	pour
passer	VERB	passer
vostre	DET	vostre
vie	NOUN	vie
Qui	PRON	qui
chascun	DET	chascun
jour	NOUN	jour
ne	ADV	ne
fait	VERB	faire
que	SCONJ	que
defenir	VERB	defendre
,	PUNCT	,
Vous	PRON	vous
vivez	ADJ	vivre
frans	ADJ	franc
sanz	ADP	sans
viande	NOUN	venir
ravie	VERB	ravier
,	PUNCT	,
Se	SCONJ	se
du	ADP.DET	de.le
vostre	DET	vostre
vous	PRON	vous
pouez	VERB	pöoir
maintenir	VERB	maintenir
.	PUNCT	.
Or	ADV	or
vous	PRON	vous
vueilliez	NOUN	vouloir
du	ADP.DET	de.le
serf	NOUN	serf
lien	NOUN	liien
tenir	VERB	tenir
Ou	CCONJ	où
pluseurs	DET	plusieurs
par	ADP	par
couvoitise	NOUN	couvoir
Ont	VERB	avoir
perdu	VERB	perdre
corps	NOUN	corps
,	PUNCT	,
esperit	NOUN	esperir
et	CCONJ	et
franchise	NOUN	franchise
;	PUNCT	;
C'	CCONJ	ce
est	VERB	estre
de	ADP	de
servir	VERB	servir
autrui	PRON	autrui
,	PUNCT	,
dont	PRON	dont
je	PRON	je
me	PRON	je
lasse	ADJ	las
:	PUNCT	:
Vieillesce	NOUN	vieillesse
vient	VERB	venir
,	PUNCT	,
guerdon	NOUN	guerronde
fault	NOUN	falloir
,	PUNCT	,
temps	NOUN	temps
se	PRON	se
passe	VERB	passer
.	PUNCT	.
Exemple	PROPN	exemple
de	ADP	de
Balade	PROPN	balade
de	ADP	de
dix	DET	dix
vers	ADP	vers
de	ADP	de
.X.	DET	donc
et	CCONJ	et
.XI.	DET	doux
sillabes	NOUN	sillamme
.	PUNCT	.
Et	CCONJ	et
se	PRON	se
doit	VERB	devoir
on	PRON	on
tousjours	ADV	toujours
garder	VERB	garder
en	ADP	en
faisant	VERB	faire
balade	NOUN	balais
,	PUNCT	,
qui	PRON	qui
puet	VERB	pöoir
,	PUNCT	,
que	SCONJ	que
les	DET	le
vers	ADP	vers
ne	ADV	ne
soient	VERB	estre
pas	NOUN	pas
de	ADP	de
mesmes	ADJ	même
piez	NOUN	pié
,	PUNCT	,
mais	NOUN	mais
doivent	VERB	devoir
estre	VERB	estre
de	ADP	de
.IX.	DET	quart
ou	CCONJ	ou
de	ADP	de
.X.	DET	donc
,	PUNCT	,
de	ADP	de
.VII.	DET	set
ou	CCONJ	ou
de	ADP	de
.VIII.	DET	hestre
ou	CCONJ	ou
de	ADP	de
.IX.	DET	quart
,	PUNCT	,
selon	ADJ	selon
ce	PRON	ce
qu'	SCONJ	que
il	PRON	il
plaist	NOUN	plaire
au	ADP.DET	a.le
faiseur	NOUN	faire
,	PUNCT	,
sanz	ADP	sans
les	DET	le
faire	VERB	faire
touz	DET	tout
egaulx	NOUN	agle
,	PUNCT	,
car	CCONJ	car
la	DET	le
balade	NOUN	balais
n'	ADV	ne
en	ADP	en
est	VERB	estre
pas	NOUN	pas
si	ADV	si
plaisant	ADJ	plaire
ne	ADV	ne
de	ADP	de
si	ADV	si
bonne	ADJ	bon
façon	NOUN	façon
.	PUNCT	.
Autre	ADJ	autre
Balade	PROPN	balade
.	PUNCT	.
Pour	ADP	pour
quoy	PRON	quoi
fina	VERB	finer
par	ADP	par
venin	NOUN	venir
Alixandre	PROPN	alixandre
,	PUNCT	,
Qui	PRON	qui
si	ADV	si
puissans	NOUN	puissant
fut	VERB	être
et	CCONJ	et
si	ADV	si
fortunez	NOUN	fortune
Que	CCONJ	que
le	DET	le
monde	NOUN	monde
soubmist	VERB	soumboit
en	ADP	en
aage	NOUN	ëage
tendre	NOUN	tendre
,	PUNCT	,
Et	CCONJ	et
commença	VERB	commencer
.XV.	DET	quinze
ans	NOUN	an
puis	NOUN	puis
qu'	SCONJ	que
il	PRON	il
fut	VERB	être
nez	VERB	naistre
A	ADP	a
conquerir	VERB	conquerre
?	PUNCT	?
Comment	ADV	comment
fu	VERB	estre
destinez	VERB	destiner
Cilz	DET	cil
qui	PRON	qui
conquist	VERB	conquérir
Jude	PROPN	jude
,	PUNCT	,
ce	PRON	ce
fut	VERB	être
Pompée	NOUN	pompée
?	PUNCT	?
Après	ADP	après
Thessale	PROPN	tesala
ot	VERB	avoir
la	DET	le
teste	NOUN	teste
couppée	NOUN	coppée
,	PUNCT	,
En	ADP	en
Egipte	PROPN	egtise
le	DET	le
fist	VERB	faire
ly	DET	le
roys	NOUN	roi
fenir	VERB	fenir
Tholomée	PROPN	tolhoge
,	PUNCT	,
par	ADP	par
traison	NOUN	traire
dampnée	NOUN	damneper
:	PUNCT	:
Toudis	DET	tout
avient	VERB	avenir
ce	PRON	ce
qu'	SCONJ	que
il	PRON	il
doit	VERB	devoir
avenir	VERB	avenir
.	PUNCT	.
Autre	ADJ	autre
Balade	PROPN	balade
.	PUNCT	.
Depuis	PROPN	depuis
que	SCONJ	que
le	DET	le
diluge	NOUN	diluge
fu	VERB	estre
Et	CCONJ	et
que	SCONJ	que
les	DET	le
cinq	DET	cinq
citez	NOUN	cité
fondirent	VERB	fendre
Par	ADP	par
leur	DET	leur
pechié	NOUN	pechié
,	PUNCT	,
par	ADP	par
ardent	VERB	ardre
fu	VERB	estre
,	PUNCT	,
Que	CCONJ	que
Loth	ADJ	lot
et	CCONJ	et
sa	DET	son
femme	NOUN	femme
en	ADP	en
yssirent	VERB	issir
,	PUNCT	,
Ne	CCONJ	ne
puis	NOUN	puis
que	SCONJ	que
les	DET	le
prophetes	NOUN	prophète
dirent	VERB	dire
Les	DET	le
maulx	NOUN	mal
dont	PRON	dont
ly	DET	le
mons	NOUN	mons
seroit	VERB	estre
plains	ADJ	plein
Près	ADP	près
de	ADP	de
la	DET	le
fin	NOUN	fin
,	PUNCT	,
li	DET	le
noms	DET	nom
Dieu	PROPN	dieu
vains	NOUN	vain
Et	CCONJ	et
sa	DET	son
loy	NOUN	loi
escandalisée	VERB	escandalenter
,	PUNCT	,
Ne	CCONJ	ne
fu	VERB	estre
li	DET	le
termes	NOUN	terme
si	ADV	si
prochains	NOUN	prochain
D'	ADP	de
estre	VERB	estre
monarchie	VERB	moncharier
muée	NOUN	muer
.	PUNCT	.
Balade	PROPN	balade
equivoque	DET	evoucir
,	PUNCT	,
retrograde	VERB	restrorer
et	CCONJ	et
leonime	NOUN	lement
.	PUNCT	.
Et	CCONJ	et
sont	VERB	estre
les	DET	le
plus	ADV	plus
fors	ADV	fors
balades	NOUN	balade
qui	PRON	qui
se	PRON	se
puissent	VERB	pöoir
faire	VERB	faire
,	PUNCT	,
car	CCONJ	car
il	PRON	il
couvient	VERB	couventier
que	SCONJ	que
la	DET	le
derreniere	ADJ	derrierene)
sillabe	NOUN	silage
de	ADP	de
chascun	DET	chascun
ver	ADP	ver
soit	VERB	estre
reprinse	VERB	reprendre
au	ADP.DET	a.le
commencement	NOUN	commencement
du	ADP.DET	de.le
ver	ADP	ver
ensuient	VERB	ensuimer
,	PUNCT	,
en	ADP	en
autre	ADJ	autre
signification	NOUN	seigniotioncion
et	CCONJ	et
en	ADP	en
autre	ADJ	autre
sens	NOUN	sens
que	SCONJ	que
la	DET	le
fin	NOUN	fin
du	ADP.DET	de.le
ver	ADP	ver
precedent	VERB	prédecent
.	PUNCT	.
Et	CCONJ	et
pour	ADP	pour
ce	PRON	ce
sont	VERB	estre
telz	DET	tel
mos	DET	mous
appellez	VERB	appeler
equivoques	NOUN	quevoisque
et	CCONJ	et
retrogrades	VERB	restrorer
,	PUNCT	,
car	CCONJ	car
en	ADP	en
une	DET	un
meisme	ADJ	même
semblance	NOUN	semblance
de	ADP	de
parler	VERB	parler
et	CCONJ	et
d'	ADP	de
escripture	NOUN	écrituce
ilz	PRON	il
huchent	VERB	hucher
et	CCONJ	et
baillent	VERB	bailler
significacion	NOUN	signigalition
et	CCONJ	et
entendement	NOUN	entendement
contraire	ADJ	contraire
des	ADP.DET	de.le
mos	DET	mous
derreniers	NOUN	derraine
mis	VERB	metre
en	ADP	en
la	DET	le
rime	NOUN	rime
,	PUNCT	,
si	ADV	si
comme	SCONJ	comme
il	PRON	il
apparra	VERB	apparoir
en	ADP	en
ceste	DET	cest
couple	NOUN	coupel
de	ADP	de
balade	NOUN	balais
mise	VERB	metre
cy	ADV	ci
après	ADV	après
:	PUNCT	:
Autre	ADJ	autre
Balade	PROPN	balade
.	PUNCT	.
Lasse	ADJ	las
,	PUNCT	,
lasse	ADJ	las
,	PUNCT	,
maleureuse	ADJ	maleureux
et	CCONJ	et
dolente	ADJ	dolent
!	PUNCT	!
Lente	DET	lente
me	PRON	je
voy	NOUN	vëoir
,	PUNCT	,
fors	ADV	fors
de	ADP	de
soupirs	NOUN	sospir
et	CCONJ	et
plains	ADJ	plein
.	PUNCT	.
Plains	ADJ	plein
sont	VERB	estre
mes	DET	mais
jours	NOUN	jour
d'	ADP	de
ennuy	NOUN	ennuiier
et	CCONJ	et
de	ADP	de
tourmente	NOUN	tourmente
;	PUNCT	;
Mente	ADJ	mentir
qui	PRON	qui
veult	VERB	vouloir
,	PUNCT	,
car	CCONJ	car
mes	DET	mais
cuers	NOUN	cuer
est	VERB	estre
certains	ADJ	certain
,	PUNCT	,
Tains	NOUN	tenir
jusqu'	ADP	jusque
a	ADP	a
mort	NOUN	mort
et	CCONJ	et
pour	ADP	pour
celli	PRON	cel
que	SCONJ	que
j'	PRON	je
ains	ADV	ains
;	PUNCT	;
Ains	PROPN	ains
mais	NOUN	mais
ne	ADV	ne
fu	VERB	estre
dame	NOUN	dame
si	ADV	si
fort	ADJ	fort
atainte	VERB	ataindre
;	PUNCT	;
Tainte	NOUN	teindre
me	PRON	je
voy	NOUN	vëoir
quant	SCONJ	cant
il	PRON	il
m'	PRON	je
ayme	NOUN	aimer
le	DET	le
mains	NOUN	main
.	PUNCT	.
Mains	NOUN	main
,	PUNCT	,
entendez	VERB	entendre
ma	DET	mon
piteuse	ADJ	pitos
complainte	NOUN	complaitin
.	PUNCT	.
Et	CCONJ	et
couvient	VERB	couventier
que	SCONJ	que
tous	DET	tout
les	DET	le
couples	NOUN	couple
se	PRON	se
finent	VERB	finer
par	ADP	par
la	DET	le
maniere	NOUN	manière
dessurdicte	NOUN	dessurdier
tout	DET	tout
en	ADP	en
equivocacion	NOUN	besfoicier
retrograde	VERB	restrorer
,	PUNCT	,
ou	CCONJ	ou
autrement	ADV	autrement
elle	PRON	elle
ne	ADV	ne
seroit	VERB	estre
pas	NOUN	pas
dicte	VERB	dire
ne	ADV	ne
reputée	NOUN	reputer
pour	ADP	pour
equivoque	DET	evoucir
ne	ADV	ne
retrograde	VERB	restrorer
,	PUNCT	,
supposé	NOUN	suppéser
ore	NOUN	ore
que	SCONJ	que
le	DET	le
derrenier	VERB	derraine
mot	NOUN	mot
du	ADP.DET	de.le
ver	ADP	ver
se	PRON	se
peust	VERB	pouvoir
reprandre	VERB	reprendre
a	ADP	a
aucun	DET	aucun
entendement	NOUN	entendement
du	ADP.DET	de.le
ver	ADP	ver
ensuiant	VERB	ensuivre
,	PUNCT	,
se	PRON	se
il	PRON	il
ne	ADV	ne
reprenoit	VERB	reprendre
toute	DET	tout
autre	ADJ	autre
chose	NOUN	chose
que	SCONJ	que
le	DET	le
precedent	VERB	prédecent
.	PUNCT	.
Autre	ADJ	autre
Balade	PROPN	balade
de	ADP	de
.IX.	DET	quart
et	CCONJ	et
de	ADP	de
.VIII.	DET	hestre
piez	NOUN	pié
,	PUNCT	,
et	CCONJ	et
de	ADP	de
.VIII.	DET	hestre
vers	ADP	vers
de	ADP	de
ryme	NOUN	rime
pareilles	ADJ	pareille
,	PUNCT	,
ce	PRON	ce
semble	NOUN	sembler
,	PUNCT	,
par	ADP	par
la	DET	le
maniere	NOUN	manière
de	ADP	de
l'	DET	le
escripre	VERB	écrire
,	PUNCT	,
qui	PRON	qui
est	VERB	estre
une	DET	un
mesme	ADJ	même
escripture	NOUN	écrituce
,	PUNCT	,
et	CCONJ	et
par	ADP	par
lettres	NOUN	lettre
semblables	ADJ	semblable
.	PUNCT	.
Et	CCONJ	et
ne	ADV	ne
se	PRON	se
pourroit	VERB	pouvoir
congnoistre	VERB	connaître
que	SCONJ	que
par	ADP	par
la	DET	le
maniere	NOUN	manière
du	ADP.DET	de.le
prononcer	VERB	pronchier
en	ADP	en
langue	NOUN	langue
françoise	NOUN	françois
,	PUNCT	,
car	CCONJ	car
les	DET	le
mos	DET	mous
sonnent	VERB	sonner
par	ADP	par
la	DET	le
prononciacion	NOUN	proncicion
l'	DET	le
un	DET	un
mot	NOUN	mot
une	DET	un
chose	NOUN	chose
et	CCONJ	et
l'	DET	le
autre	ADJ	autre
une	DET	un
autre	ADJ	autre
;	PUNCT	;
et	CCONJ	et
ainsi	ADV	ainsi
semble	NOUN	sembler
que	SCONJ	que
nous	PRON	nous
aions	VERB	avoir
deffault	NOUN	défaut
de	ADP	de
lettres	NOUN	lettre
selon	ADJ	selon
mesmes	ADJ	même
les	DET	le
Hebrieux	ADJ	herbitue
;	PUNCT	;
et	CCONJ	et
apparra	VERB	apparoir
cy	ADV	ci
après	ADV	après
par	ADP	par
la	DET	le
lecture	NOUN	letut
.	PUNCT	.
Item	X	item
en	ADP	en
ladicte	DET	ledit
balade	NOUN	balais
a	ADP	a
envoy	NOUN	envoyer
.	PUNCT	.
Et	CCONJ	et
ne	ADV	ne
les	DET	le
souloit	VERB	soloir
on	PRON	on
point	NOUN	point
faire	VERB	faire
anciennement	NOUN	anciennement
fors	ADV	fors
es	ADP.DET	en.le
chançons	NOUN	chançon
royaulx	ADJ	royaux
,	PUNCT	,
qui	PRON	qui
estoient	VERB	estre
de	ADP	de
cinq	DET	cinq
couples	NOUN	couple
,	PUNCT	,
chascune	DET	chascun
couple	NOUN	coupel
de	ADP	de
.X.	DET	donc
,	PUNCT	,
.XI.	DET	doux
ou	CCONJ	ou
.XII.	DET	douze
vers	ADP	vers
;	PUNCT	;
et	CCONJ	et
de	ADP	de
tant	ADV	tant
se	PRON	se
puelent	VERB	pouvoir
bien	NOUN	bien
faire	VERB	faire
,	PUNCT	,
et	CCONJ	et
non	NOUN	nom
pas	NOUN	pas
de	ADP	de
plus	ADV	plus
,	PUNCT	,
par	ADP	par
droicte	ADJ	droit
regle	NOUN	regle
.	PUNCT	.
Et	CCONJ	et
doivent	VERB	devoir
les	DET	le
envois	VERB	envois
d'	ADP	de
icelles	DET	cil
chançons	NOUN	chançon
,	PUNCT	,
qui	PRON	qui
se	PRON	se
commencent	VERB	commencer
par	ADP	par
Princes	NOUN	prince
,	PUNCT	,
estre	VERB	estre
de	ADP	de
cinq	DET	cinq
vers	ADP	vers
entez	VERB	entez
par	ADP	par
eulx	PRON	eux
aux	ADP.DET	à.le
rimes	NOUN	rime
de	ADP	de
la	DET	le
chançon	NOUN	chançon
sanz	ADP	sans
rebrique	NOUN	rebrique
;	PUNCT	;
c'	CCONJ	ce
est	VERB	estre
assavoir	VERB	assavoir
.II.	DET	deus
vers	ADP	vers
premiers	ADJ	premier
,	PUNCT	,
et	CCONJ	et
puis	NOUN	puis
un	DET	un
pareil	NOUN	pareil
de	ADP	de
la	DET	le
rebriche	VERB	rebrichier
;	PUNCT	;
et	CCONJ	et
les	DET	le
.II.	DET	deus
autres	PRON	autre
suyans	NOUN	suisant
les	DET	le
premiers	ADJ	premier
,	PUNCT	,
deux	DET	deux
concluans	VERB	conclure
en	ADP	en
substance	NOUN	subplet
l'	DET	le
effect	NOUN	effet
de	ADP	de
ladicte	DET	ledit
chançon	NOUN	chançon
et	CCONJ	et
servens	NOUN	servise
a	ADP	a
la	DET	le
rebriche	VERB	rebrichier
.	PUNCT	.
Et	CCONJ	et
l'	DET	le
envoy	NOUN	envoyer
d'	ADP	de
une	DET	un
balade	NOUN	balais
de	ADP	de
trois	DET	trois
vers	ADP	vers
ne	ADV	ne
doit	VERB	devoir
estre	VERB	estre
que	SCONJ	que
de	ADP	de
trois	DET	trois
vers	ADP	vers
aussi	ADV	aussi
,	PUNCT	,
contenant	NOUN	contenant
sa	DET	son
matere	NOUN	matree
et	CCONJ	et
servant	NOUN	servir
a	ADP	a
la	DET	le
rebriche	VERB	rebrichier
,	PUNCT	,
comme	SCONJ	comme
il	PRON	il
sera	VERB	estre
dit	VERB	dire
cy	ADV	ci
après	ADV	après
:	PUNCT	:
Autre	ADJ	autre
Balade	PROPN	balade
.	PUNCT	.
Chascuns	DET	chascun
se	PRON	se
plaint	ADJ	plaindre
,	PUNCT	,
chascuns	DET	chascun
ordonne	NOUN	ordonner
Sur	ADP	sur
ce	PRON	ce
que	SCONJ	que
Dieux	PROPN	dieu
a	ADP	a
ordonné	VERB	ordonner
;	PUNCT	;
Ly	DET	le
uns	DET	un
dit	VERB	dire
,	PUNCT	,
quant	SCONJ	cant
il	PRON	il
pluet	VERB	plaire
ou	CCONJ	ou
tonne	NOUN	tenir
:	PUNCT	:
«	PUNCT	"
Que	CCONJ	que
n'	ADV	ne
a	ADP	a
Dieux	PROPN	dieu
le	DET	le
beau	ADJ	beau
temps	NOUN	temps
donné	VERB	donner
?	PUNCT	?
Las	ADJ	las
!	PUNCT	!
C'	CCONJ	ce
est	VERB	estre
trop	ADV	trop
pleu	NOUN	pleu
et	CCONJ	et
trop	ADV	trop
tonné	VERB	tonner
!	PUNCT	!
»	PUNCT	"
S'	DET	se
il	PRON	il
fait	VERB	faire
chaut	ADJ	chaloir
,	PUNCT	,
on	PRON	on
souhaide	ADJ	souaint
froit	NOUN	froit
.	PUNCT	.
Pourquoy	ADV	porquerre
est	VERB	estre
on	PRON	on
si	ADV	si
mal	NOUN	mal
sené	NOUN	sené
?	PUNCT	?
Encor	ADP	encore
est	VERB	estre
Dieux	PROPN	dieu
ou	CCONJ	ou
il	PRON	il
souloit	VERB	soloir
.	PUNCT	.
L'	DET	le
ENVOY	ADV	envoyer
Princes	NOUN	prince
,	PUNCT	,
chascuns	DET	chascun
veult	VERB	vouloir
mettre	VERB	mettre
bonne	ADJ	bon
Aux	CCONJ	à.le
euvres	NOUN	oeuvre
de	ADP	de
Dieu	PROPN	dieu
qui	PRON	qui
tout	DET	tout
voit	VERB	vëoir
;	PUNCT	;
C'	CCONJ	ce
est	VERB	estre
pechiez	NOUN	pechié
,	PUNCT	,
sa	DET	son
justice	NOUN	justicier
est	VERB	estre
bonne	ADJ	bon
:	PUNCT	:
Encor	ADP	encore
est	VERB	estre
Dieux	PROPN	dieu
ou	CCONJ	ou
il	PRON	il
souloit	VERB	soloir
.	PUNCT	.
D'	ADP	de
autres	PRON	autre
Balades	PROPN	balade
de	ADP	de
.VII.	DET	set
vers	ADP	vers
.	PUNCT	.
Item	X	item
encores	ADV	encore
puet	VERB	pöoir
l'	DET	le
en	ADP	en
faire	VERB	faire
balades	NOUN	balade
de	ADP	de
.VII.	DET	set
vers	ADP	vers
,	PUNCT	,
dont	PRON	dont
les	DET	le
deux	DET	deux
vers	ADP	vers
sont	VERB	estre
tousjours	ADV	toujours
de	ADP	de
la	DET	le
rebriche	VERB	rebrichier
,	PUNCT	,
si	ADV	si
comme	SCONJ	comme
il	PRON	il
puet	VERB	pöoir
apparoir	VERB	apparoir
cy	ADV	ci
après	ADV	après
:	PUNCT	:
Balade	PROPN	balade
.	PUNCT	.
Par	ADP	par
fondement	NOUN	fondement
me	PRON	je
doy	NOUN	devoir
plaindre	VERB	plaindre
et	CCONJ	et
plourer	VERB	plorer
,	PUNCT	,
Et	CCONJ	et
regreter	VERB	regreter
des	ADP.DET	de.le
.IX.	DET	quart
preux	ADJ	preux
la	DET	le
vaillance	NOUN	vaillance
,	PUNCT	,
Car	CCONJ	car
je	PRON	je
voy	NOUN	vëoir
bien	NOUN	bien
que	SCONJ	que
je	PRON	je
ne	ADV	ne
puis	NOUN	puis
durer	NOUN	durer
.	PUNCT	.
Confort	PROPN	confort
me	PRON	je
fuit	VERB	fuir
,	PUNCT	,
Honte	NOUN	honte
vers	ADP	vers
moy	PRON	moi
s'	DET	soi
avance	NOUN	avancier
,	PUNCT	,
Couvoitise	NOUN	couvetion
met	VERB	metre
en	ADP	en
arrest	NOUN	arrêt
sa	DET	son
lance	NOUN	lance
Qui	PRON	qui
me	PRON	je
destruit	NOUN	destruir
mon	DET	mon
plus	ADV	plus
noble	ADJ	noble
pais	NOUN	paix
.	PUNCT	.
Preux	ADJ	preux
Charlemaine	NOUN	charlemalier
,	PUNCT	,
se	PRON	se
tu	PRON	tu
fusses	NOUN	estre
en	ADP	en
France	PROPN	france
,	PUNCT	,
Encor	ADP	encore
y	ADV	y
fust	VERB	estre
Roland	PROPN	roland
,	PUNCT	,
ce	PRON	ce
m'	PRON	je
est	VERB	estre
advis	NOUN	avis
.	PUNCT	.
Alixandre	PROPN	alixandre
,	PUNCT	,
qui	PRON	qui
ot	VERB	avoir
a	ADP	a
justicier	VERB	justicier
Tout	DET	tout
le	DET	le
monde	NOUN	monde
par	ADP	par
sa	DET	son
bonne	ADJ	bon
ordonnance	NOUN	ordonner
,	PUNCT	,
Quant	SCONJ	cant
il	PRON	il
sçavoit	VERB	savoir
un	DET	un
povre	ADJ	pauvre
chevalier	NOUN	chevalier
,	PUNCT	,
Armes	NOUN	arme
,	PUNCT	,
chevaulx	NOUN	cheval
li	DET	le
donnoit	VERB	donner
et	CCONJ	et
finance	NOUN	finance
,	PUNCT	,
Pour	ADP	pour
sa	DET	son
bonté	NOUN	bonté
li	DET	le
faisoit	VERB	faire
reverence	NOUN	reverce
.	PUNCT	.
De	ADP	de
ce	PRON	ce
faire	VERB	faire
sont	VERB	estre
les	DET	le
plus	ADV	plus
haulx	NOUN	haul
remis	NOUN	remir
.	PUNCT	.
Preux	ADJ	preux
Charlemaine	NOUN	charlemalier
,	PUNCT	,
se	PRON	se
tu	PRON	tu
fusses	NOUN	estre
en	ADP	en
France	PROPN	france
,	PUNCT	,
Encor	ADP	encore
y	ADV	y
fust	VERB	estre
Roland	PROPN	roland
,	PUNCT	,
ce	PRON	ce
m'	PRON	je
est	VERB	estre
advis	NOUN	avis
.	PUNCT	.
Car	CCONJ	car
chascun	DET	chascun
jour	NOUN	jour
me	PRON	je
fault	NOUN	falloir
amenuisier	VERB	amenuisin
,	PUNCT	,
Par	ADP	par
le	DET	le
default	NOUN	défaudle
de	ADP	de
vraye	ADJ	vrai
congnoissance	NOUN	connaissance
,	PUNCT	,
Et	CCONJ	et
par	ADP	par
Deduit	NOUN	deduit
qui	PRON	qui
tient	VERB	tenir
en	ADP	en
son	DET	son
dangier	NOUN	danger
Celuy	DET	cil
qui	PRON	qui
doit	VERB	devoir
en	ADP	en
moy	PRON	moi
mettre	VERB	mettre
deffense	NOUN	defense
,	PUNCT	,
Par	ADP	par
le	DET	le
jeune	ADJ	jeune
conseil	NOUN	conseil
qu'	SCONJ	que
il	PRON	il
a	ADP	a
d'	ADP	de
enfance	NOUN	enfance
,	PUNCT	,
Dont	PRON	dont
Roboam	PROPN	robamon
fut	VERB	être
convaincus	ADJ	convoiion
jadis	ADV	jadis
.	PUNCT	.
Preux	ADJ	preux
Charlemaine	NOUN	charlemalier
,	PUNCT	,
se	PRON	se
tu	PRON	tu
fusses	NOUN	estre
en	ADP	en
France	PROPN	france
,	PUNCT	,
Encor	ADP	encore
y	ADV	y
fust	VERB	estre
Roland	PROPN	roland
,	PUNCT	,
ce	PRON	ce
m'	PRON	je
est	VERB	estre
advis	NOUN	avis
.	PUNCT	.
Autre	ADJ	autre
Balade	PROPN	balade
.	PUNCT	.
S'	DET	se
Ector	PROPN	etor
li	DET	le
preux	ADJ	preux
,	PUNCT	,
Cesar	PROPN	cesar
et	CCONJ	et
Alixandre	PROPN	alixandre
,	PUNCT	,
Deyphile	NOUN	diphiep
,	PUNCT	,
Tantha	VERB	tant
,	PUNCT	,
Semiramis	PROPN	semiramin
,	PUNCT	,
David	PROPN	david
,	PUNCT	,
Judas	PROPN	juder
Machabée	PROPN	machabesé
,	PUNCT	,
qui	PRON	qui
tendre	NOUN	tendre
A	ADP	a
subjuguer	VERB	subgueur
vouldrent	VERB	voloir
leurs	DET	leur
ennemis	NOUN	ennemi
,	PUNCT	,
Josué	VERB	jossir
,	PUNCT	,
Panthasilée	NOUN	pentel-cant
,	PUNCT	,
Ypolite	PROPN	poillier
,	PUNCT	,
Tamaris	PROPN	tamer
l'	DET	le
onourée	VERB	onorer
,	PUNCT	,
Artus	PROPN	artu
,	PUNCT	,
Charles	PROPN	charles
,	PUNCT	,
Godefroy	PROPN	godefroid
de	ADP	de
Buillon	PROPN	belonit
,	PUNCT	,
Marsopye	PROPN	marsais
,	PUNCT	,
Menalope	NOUN	menaleon
,	PUNCT	,
dit	VERB	dire
l'	DET	le
on	PRON	on
,	PUNCT	,
Et	CCONJ	et
Synope	NOUN	sointement
,	PUNCT	,
qui	PRON	qui
eurent	VERB	avoir
cuers	NOUN	cuer
crueux	ADJ	crüel
,	PUNCT	,
Revenoient	VERB	revenir
tout	DET	tout
en	ADP	en
leur	DET	leur
region	NOUN	regoir
,	PUNCT	,
Du	ADP.DET	de.le
temps	NOUN	temps
qui	PRON	qui
est	VERB	estre
seroient	VERB	être
merveilleux	NOUN	merveille
.	PUNCT	.
L'	DET	le
ENVOY	ADV	envoyer
Princes	NOUN	prince
,	PUNCT	,
se	PRON	se
ceuls	DET	cil
qui	PRON	qui
orent	VERB	avoir
si	ADV	si
grant	ADJ	grant
nom	DET	nom
N'	ADV	ne
eussent	VERB	avoir
tendu	VERB	tendre
a	ADP	a
ce	PRON	ce
qui	PRON	qui
estoit	VERB	estre
bon	ADJ	bon
,	PUNCT	,
Leur	DET	leur
renom	NOUN	renom
fust	VERB	estre
en	ADP	en
ce	PRON	ce
monde	NOUN	monde
doubteux	NOUN	douteux
;	PUNCT	;
Or	ADV	or
ont	VERB	avoir
bien	NOUN	bien
fait	VERB	faire
,	PUNCT	,
et	CCONJ	et
pour	ADP	pour
ce	PRON	ce
les	DET	le
loon	DET	louer
;	PUNCT	;
Mais	CCONJ	mais
se	PRON	se
tout	DET	tout
vir	ADJ	vir
pouoient	VERB	pouvoir
par	ADP	par
raison	NOUN	raison
,	PUNCT	,
Du	ADP.DET	de.le
temps	NOUN	temps
qui	PRON	qui
est	VERB	estre
seroient	VERB	être
merveilleux	NOUN	merveille
.	PUNCT	.
De	ADP	de
la	DET	le
façon	NOUN	façon
des	ADP.DET	de.le
Serventoys	PROPN	servise
.	PUNCT	.
Serventois	PROPN	servise
sont	VERB	estre
faiz	VERB	fait
de	ADP	de
cinq	DET	cinq
couples	NOUN	couple
comme	SCONJ	comme
les	DET	le
chançons	NOUN	chançon
royaulx	ADJ	royaux
;	PUNCT	;
et	CCONJ	et
sont	VERB	estre
communement	NOUN	communément
de	ADP	de
la	DET	le
Vierge	NOUN	vierge
Marie	PROPN	marie
,	PUNCT	,
sur	ADP	sur
la	DET	le
Divinité	VERB	divinité
;	PUNCT	;
et	CCONJ	et
n'	ADV	ne
y	ADV	y
souloit	VERB	soloir
on	PRON	on
point	NOUN	point
faire	VERB	faire
de	ADP	de
refrain	NOUN	refraindre
,	PUNCT	,
mais	NOUN	mais
a	ADP	a
present	NOUN	présent
on	PRON	on
les	DET	le
y	ADV	y
fait	VERB	faire
,	PUNCT	,
servens	NOUN	servise
comme	SCONJ	comme
en	ADP	en
une	DET	un
balade	NOUN	balais
;	PUNCT	;
et	CCONJ	et
pour	ADP	pour
ce	PRON	ce
que	SCONJ	que
c'	CCONJ	ce
est	VERB	estre
ouvrage	NOUN	ouvrage
qui	PRON	qui
se	PRON	se
porte	NOUN	porte
au	ADP.DET	a.le
Puis	NOUN	puis
d'	ADP	de
amours	NOUN	amour
,	PUNCT	,
et	CCONJ	et
que	SCONJ	que
nobles	NOUN	noble
hommes	NOUN	homme
n'	ADV	ne
ont	VERB	avoir
pas	NOUN	pas
acoustumé	VERB	accoutumer
de	ADP	de
ce	PRON	ce
faire	VERB	faire
,	PUNCT	,
n'	ADV	ne
en	ADP	en
faiz	VERB	fait
cy	ADV	ci
aucun	DET	aucun
autre	ADJ	autre
exemple	NOUN	exemple
.	PUNCT	.
De	ADP	de
la	DET	le
façon	NOUN	façon
des	ADP.DET	de.le
Virelais	NOUN	vraisele
.	PUNCT	.
Après	ADP	après
s'	DET	soi
ensuit	VERB	ensuit
l'	DET	le
ordre	NOUN	ordre
de	ADP	de
faire	VERB	faire
chançons	NOUN	chançon
baladées	VERB	baladé
,	PUNCT	,
que	SCONJ	que
l'	DET	le
en	ADP	en
appelle	VERB	appeler
virelais	NOUN	virage
,	PUNCT	,
lesquelz	DET	lequel
doivent	VERB	devoir
avoir	VERB	avoir
trois	DET	trois
couples	NOUN	couple
comme	SCONJ	comme
une	DET	un
balade	NOUN	balais
,	PUNCT	,
chascune	DET	chascun
couple	NOUN	coupel
de	ADP	de
deux	DET	deux
vers	ADP	vers
,	PUNCT	,
et	CCONJ	et
la	DET	le
tierce	NOUN	tierce
semblable	NOUN	semblable
au	ADP.DET	a.le
refrain	NOUN	refraindre
,	PUNCT	,
dont	PRON	dont
le	DET	le
derrain	ADP	derrain
ver	ADP	ver
doit	VERB	devoir
,	PUNCT	,
et	CCONJ	et
au	ADP.DET	a.le
plus	ADV	plus
près	NOUN	près
que	SCONJ	que
l'	DET	le
en	ADP	en
puet	VERB	pöoir
,	PUNCT	,
estre	VERB	estre
servant	NOUN	servir
a	ADP	a
reprandre	VERB	reprendre
ledit	DET	ledit
refrain	NOUN	refraindre
,	PUNCT	,
ainsi	ADV	ainsi
comme	SCONJ	comme
le	DET	le
penultime	NOUN	pendre
vers	ADP	vers
d'	ADP	de
une	DET	un
couple	NOUN	coupel
de	ADP	de
balade	NOUN	balais
doit	VERB	devoir
servir	VERB	servir
a	ADP	a
la	DET	le
rebriche	VERB	rebrichier
d'	ADP	de
icelle	DET	cil
.	PUNCT	.
Et	CCONJ	et
est	VERB	estre
assavoir	VERB	assavoir
que	SCONJ	que
virelais	NOUN	virage
se	PRON	se
font	VERB	faire
de	ADP	de
pluseurs	DET	plusieurs
manieres	NOUN	manière
,	PUNCT	,
dont	PRON	dont
le	DET	le
refrain	NOUN	refraindre
a	ADP	a
aucunefois	ADV	aucunefois
.IIII.	DET	quatre
vers	ADP	vers
,	PUNCT	,
aucunefois	ADV	aucunefois
.V.	DET	cinc
aucune	DET	aucun
fois	NOUN	fois
.VII.	DET	set
,	PUNCT	,
et	CCONJ	et
est	VERB	estre
la	DET	le
plus	ADV	plus
longue	ADJ	long
forme	NOUN	forme
qu'	SCONJ	que
il	PRON	il
doye	VERB	devoir
avoir	VERB	avoir
,	PUNCT	,
et	CCONJ	et
les	DET	le
deux	DET	deux
vers	ADP	vers
après	ADV	après
le	DET	le
clos	VERB	clore
et	CCONJ	et
l'	DET	le
ouvert	VERB	ouvrir
doivent	VERB	devoir
estre	VERB	estre
de	ADP	de
.III.	DET	trois
vers	ADP	vers
ou	CCONJ	ou
de	ADP	de
deux	DET	deux
et	CCONJ	et
demi	ADJ	demi
,	PUNCT	,
brisiez	VERB	brisier
aucunefoiz	NOUN	aucunefois
,	PUNCT	,
et	CCONJ	et
aucunefoiz	NOUN	aucunefois
non	NOUN	nom
.	PUNCT	.
Et	CCONJ	et
le	DET	le
ver	ADP	ver
après	ADV	après
doit	VERB	devoir
estre	VERB	estre
d'	ADP	de
autant	ADV	autant
et	CCONJ	et
de	ADP	de
pareille	ADJ	pareille
rime	NOUN	rime
comme	SCONJ	comme
le	DET	le
refrain	NOUN	refraindre
,	PUNCT	,
si	ADV	si
comme	SCONJ	comme
il	PRON	il
apparra	VERB	apparoir
cy	ADV	ci
après	ADV	après
:	PUNCT	:
Virelay	NOUN	virage
.	PUNCT	.
Mort	PROPN	mort
felonne	ADJ	felon
et	CCONJ	et
despiteuse	NOUN	despiteur
,	PUNCT	,
Fausse	VERB	fausser
,	PUNCT	,
desloyal	NOUN	deslëaut
,	PUNCT	,
crueuse	NOUN	crüer
,	PUNCT	,
Qui	PRON	qui
regnes	NOUN	renge
sanz	ADP	sans
loy	NOUN	loi
,	PUNCT	,
Je	PRON	je
me	PRON	je
plaing	NOUN	plaindre
a	ADP	a
Dieu	PROPN	dieu
de	ADP	de
toy	PRON	toi
,	PUNCT	,
Car	CCONJ	car
tu	PRON	tu
es	ADP.DET	en.le
trop	ADV	trop
perilleuse	ADJ	perillos
.	PUNCT	.
Merveille	NOUN	merveille
est	VERB	estre
que	SCONJ	que
ne	ADV	ne
marvoy	NOUN	marver
,	PUNCT	,
Quant	SCONJ	cant
je	PRON	je
voy	NOUN	vëoir
Morte	NOUN	morir
la	DET	le
plus	ADV	plus
gracieuse	NOUN	graciesque
Et	CCONJ	et
la	DET	le
mieudre	ADJ	mieurdre
en	ADP	en
bonne	ADJ	bon
foy	NOUN	foi
Qui	PRON	qui
,	PUNCT	,
je	PRON	je
croy	NOUN	croire
,	PUNCT	,
Fust	VERB	estre
onques	ADV	onque
,	PUNCT	,
ne	ADV	ne
plus	ADV	plus
joyeuse	ADJ	joyeux
.	PUNCT	.
C'	CCONJ	ce
est	VERB	estre
par	ADP	par
toy	PRON	toi
,	PUNCT	,
fausse	NOUN	fausse
crueuse	NOUN	crüer
;	PUNCT	;
Ta	DET	ton
venue	VERB	venir
est	VERB	estre
trop	ADV	trop
doubteuse	NOUN	douteux
,	PUNCT	,
Tu	PRON	tu
n'	ADV	ne
as	VERB	a.le
pas	NOUN	pas
d'	ADP	de
arroy	NOUN	arri
;	PUNCT	;
Espargnier	VERB	espargnier
prince	NOUN	prince
ne	ADV	ne
roy	NOUN	roi
Ne	CCONJ	ne
veulz	NOUN	vouloir
,	PUNCT	,
tant	ADV	tant
yes	VERB	ies
orgueilleuse	NOUN	orgoillose
.	PUNCT	.
Mort	PROPN	mort
felonne	ADJ	felon
et	CCONJ	et
despiteuse	NOUN	despiteur
.	PUNCT	.
Autre	ADJ	autre
Virelay	NOUN	virage
.	PUNCT	.
Bien	NOUN	bien
doy	NOUN	devoir
faire	VERB	faire
tristement	ADV	tristement
En	ADP	en
dueil	NOUN	doloir
et	CCONJ	et
dolentement	NOUN	dolenté
Mon	DET	mon
temps	NOUN	temps
user	VERB	user
,	PUNCT	,
Quant	SCONJ	cant
je	PRON	je
me	PRON	je
voy	NOUN	vëoir
refuser	VERB	refuser
Presentement	NOUN	présentement
Par	ADP	par
un	DET	un
mot	NOUN	mot
trop	ADV	trop
simplement	NOUN	simplement
Dire	VERB	dire
ou	CCONJ	ou
mander	VERB	mander
.	PUNCT	.
Las	ADJ	las
!	PUNCT	!
qui	PRON	qui
le	DET	le
me	PRON	je
fist	VERB	faire
penser	VERB	penser
?	PUNCT	?
Foleur	NOUN	foler
,	PUNCT	,
qui	PRON	qui
desesperer	VERB	desesperer
Fait	VERB	faire
telement	NOUN	telener
Mon	DET	mon
cuer	NOUN	cuer
et	CCONJ	et
en	ADP	en
plours	NOUN	plorer
muer	VERB	muer
Que	CCONJ	que
je	PRON	je
ne	ADV	ne
me	PRON	je
puis	NOUN	puis
saouler	VERB	sauser
D'	ADP	de
estre	VERB	estre
dolent	ADJ	doler
.	PUNCT	.
Car	CCONJ	car
ma	DET	mon
dame	NOUN	dame
nullement	NOUN	noultement
Ne	CCONJ	ne
daingne	VERB	deignier
amoureusement	NOUN	amouremeur
A	ADP	a
moy	PRON	moi
parler	VERB	parler
,	PUNCT	,
Mais	CCONJ	mais
me	PRON	je
fait	VERB	faire
par	ADP	par
tout	DET	tout
blamer	VERB	blamer
Si	ADV	si
durement	ADV	durement
Qu'	CCONJ	que
en	ADP	en
moy	PRON	moi
n'	ADV	ne
a	ADP	a
fors	ADV	fors
que	SCONJ	que
tourment	NOUN	tourment
Dur	NOUN	dire
et	CCONJ	et
amer	VERB	amer
.	PUNCT	.
Bien	NOUN	bien
doy	NOUN	devoir
faire	VERB	faire
tristement	ADV	tristement
,	PUNCT	,
etc	DET	et
.	PUNCT	.
Virelay	NOUN	virage
.	PUNCT	.
Cent	DET	cent
mille	DET	mille
foiz	NOUN	foi
vous	PRON	vous
doy	NOUN	devoir
remercier	VERB	remercher
,	PUNCT	,
Chiere	NOUN	chier
dame	NOUN	dame
,	PUNCT	,
de	ADP	de
vostre	DET	vostre
doulz	ADJ	douz
octroy	NOUN	octroy
,	PUNCT	,
Car	CCONJ	car
vous	PRON	vous
m'	PRON	je
avez	VERB	avoir
fait	VERB	faire
plus	ADV	plus
riche	ADJ	riche
d'	ADP	de
un	DET	un
roy	NOUN	roi
Et	CCONJ	et
plus	ADV	plus
d'	ADP	de
onnour	NOUN	honneur
que	SCONJ	que
ne	ADV	ne
puis	NOUN	puis
souhaidier	VERB	souarite
;	PUNCT	;
Car	CCONJ	car
maint	DET	maint
seigneur	NOUN	seigneur
garni	VERB	garnir
de	ADP	de
noble	ADJ	noble
arroy	NOUN	arri
,	PUNCT	,
Riche	ADJ	riche
et	CCONJ	et
vaillant	ADJ	valoir
,	PUNCT	,
vers	ADP	vers
vous	PRON	vous
poursuir	VERB	poursuir
voy	NOUN	vëoir
Pour	ADP	pour
vostre	DET	vostre
bien	NOUN	bien
et	CCONJ	et
vostre	DET	vostre
honnour	NOUN	honneur
traictier	VERB	traiter
,	PUNCT	,
Qui	PRON	qui
mieulx	ADV	mieux
valent	NOUN	valoir
en	ADP	en
tous	DET	tout
estas	NOUN	estre
de	ADP	de
moy	PRON	moi
.	PUNCT	.
Mais	CCONJ	mais
je	PRON	je
vous	PRON	vous
aim	VERB	aimer
telement	NOUN	telener
,	PUNCT	,
par	ADP	par
ma	DET	mon
foy	NOUN	foi
,	PUNCT	,
Que	CCONJ	que
nulement	NOUN	nousement
ne	ADV	ne
vous	PRON	vous
puis	NOUN	puis
oublier	VERB	oublier
.	PUNCT	.
Et	CCONJ	et
quant	SCONJ	cant
vous	PRON	vous
plaist	NOUN	plaire
de	ADP	de
tant	ADV	tant
humilier	NOUN	humilier
Que	CCONJ	que
la	DET	le
douçour	NOUN	douxeur
de	ADP	de
vo	PRON	votre
parler	VERB	parler
reçoy	VERB	recevoir
,	PUNCT	,
Vous	PRON	vous
me	PRON	je
tenez	VERB	tenir
en	ADP	en
si	ADV	si
amoureus	NOUN	amoureux
ploy	NOUN	ploi
Qu'	CCONJ	que
autre	ADJ	autre
après	ADV	après
vous	PRON	vous
jamais	ADV	jamais
avoir	VERB	avoir
ne	ADV	ne
quier	VERB	querre
.	PUNCT	.
Cent	DET	cent
mille	DET	mille
foiz	NOUN	foi
vous	PRON	vous
doy	NOUN	devoir
remercier	VERB	remercher
.	PUNCT	.
De	ADP	de
la	DET	le
façon	NOUN	façon
des	ADP.DET	de.le
Rondeaulx	PROPN	rondle
.	PUNCT	.
...	PUNCT	un
Rondel	PROPN	ronde
sangle	NOUN	sangle
.	PUNCT	.
Cilz	DET	cil
qui	PRON	qui
onques	ADV	onque
encores	ADV	encore
ne	ADV	ne
vous	PRON	vous
vit	VERB	vëoir
Vous	PRON	vous
aime	NOUN	aimer
fort	ADJ	fort
et	CCONJ	et
desire	VERB	desirrer
veoir	VERB	vëoir
.	PUNCT	.
Or	ADV	or
vous	PRON	vous
verra	VERB	vëoir
,	PUNCT	,
car	CCONJ	car
en	ADP	en
cest	DET	cest
espoir	NOUN	espoir
vit	VERB	vëoir
Cilz	DET	cil
qui	PRON	qui
onques	ADV	onque
encores	ADV	encore
ne	ADV	ne
vous	PRON	vous
vit	VERB	vëoir
.	PUNCT	.
Car	CCONJ	car
pour	ADP	pour
les	DET	le
biens	NOUN	bien
que	SCONJ	que
chascun	DET	chascun
de	ADP	de
vous	PRON	vous
dit	VERB	dire
Vous	PRON	vous
veult	VERB	vouloir
donner	VERB	donner
cuer	NOUN	cuer
,	PUNCT	,
corps	NOUN	corps
,	PUNCT	,
vie	NOUN	vie
et	CCONJ	et
pouoir	NOUN	pouvoir
;	PUNCT	;
Cilz	DET	cil
qui	PRON	qui
onques	ADV	onque
encores	ADV	encore
ne	ADV	ne
vous	PRON	vous
vit	VERB	vëoir
Vous	PRON	vous
aime	NOUN	aimer
fort	ADJ	fort
et	CCONJ	et
desire	VERB	desirrer
veoir	VERB	vëoir
.	PUNCT	.
Autre	ADJ	autre
Rondel	PROPN	ronde
.	PUNCT	.
Je	PRON	je
ne	ADV	ne
vueil	NOUN	vouloir
plus	ADV	plus
a	ADP	a
vous	PRON	vous
,	PUNCT	,
dame	NOUN	dame
,	PUNCT	,
muser	VERB	muser
;	PUNCT	;
Vous	PRON	vous
pouez	VERB	pöoir
bien	NOUN	bien
querir	VERB	quérir
autre	ADJ	autre
musart	NOUN	mourir
.	PUNCT	.
Tart	ADV	tart
m'	PRON	je
apperçoy	VERB	appercher
qu'	SCONJ	que
om	ADP	ome
m'	PRON	je
a	ADP	a
fait	VERB	faire
amuser	VERB	amuser
;	PUNCT	;
Je	PRON	je
ne	ADV	ne
veuil	NOUN	voilli
plus	ADV	plus
a	ADP	a
vous	PRON	vous
,	PUNCT	,
dame	NOUN	dame
,	PUNCT	,
muser	VERB	muser
.	PUNCT	.
Ne	CCONJ	ne
plus	ADV	plus
n'	ADV	ne
espoir	NOUN	espoir
en	ADP	en
vous	PRON	vous
mon	DET	mon
temps	NOUN	temps
user	VERB	user
,	PUNCT	,
Quant	SCONJ	cant
d'	ADP	de
esprevier	NOUN	esprevier
sçavez	VERB	savoir
faire	VERB	faire
busart	NOUN	buerre
.	PUNCT	.
Je	PRON	je
ne	ADV	ne
veuil	NOUN	voilli
plus	ADV	plus
a	ADP	a
vous	PRON	vous
,	PUNCT	,
dame	NOUN	dame
,	PUNCT	,
muser	VERB	muser
;	PUNCT	;
Vous	PRON	vous
pouez	VERB	pöoir
bien	NOUN	bien
querir	VERB	quérir
autre	ADJ	autre
musart	NOUN	mourir
.	PUNCT	.
Rondel	PROPN	ronde
double	NOUN	double
.	PUNCT	.
Joieusement	PROPN	joieurement
,	PUNCT	,
par	ADP	par
un	DET	un
tresdoulz	NOUN	troudse
jouir	NOUN	jourir
,	PUNCT	,
En	ADP	en
jouissant	ADJ	jouvoir
menrray	VERB	mener
vie	NOUN	vie
joieuse	ADJ	joieux
,	PUNCT	,
Comme	SCONJ	comme
cellui	DET	cil
qui	PRON	qui
se	PRON	se
doit	VERB	devoir
resjouir	VERB	resjorre
Et	CCONJ	et
joie	NOUN	joie
avoir	VERB	avoir
en	ADP	en
la	DET	le
vie	NOUN	vie
amoureuse	NOUN	amoureur
.	PUNCT	.
Se	SCONJ	se
joieus	ADJ	joie
suy	VERB	estre
,	PUNCT	,
chascun	DET	chascun
le	DET	le
puet	VERB	pöoir
veir	NOUN	vair
A	ADP	a
mon	DET	mon
chanter	VERB	chanter
,	PUNCT	,
tresplaisant	VERB	tresplaster
gracieuse	NOUN	graciesque
.	PUNCT	.
Joieusement	PROPN	joieurement
,	PUNCT	,
par	ADP	par
un	DET	un
tresdoulz	NOUN	troudse
jouir	NOUN	jourir
,	PUNCT	,
En	ADP	en
jouissant	ADJ	jouvoir
menrray	VERB	mener
vie	NOUN	vie
joieuse	ADJ	joieux
.	PUNCT	.
Pour	ADP	pour
ce	PRON	ce
doy	NOUN	devoir
bien	NOUN	bien
vostre	DET	vostre
amour	NOUN	amour
conjouir	VERB	conjuire
,	PUNCT	,
Et	CCONJ	et
joye	NOUN	joie
avoir	VERB	avoir
,	PUNCT	,
humble	ADJ	humble
flour	NOUN	fleur
precieuse	ADJ	precïos
;	PUNCT	;
S'	DET	se
en	ADP	en
chanteray	VERB	chanter
tant	ADV	tant
que	SCONJ	que
l'	DET	le
en	ADP	en
puist	VERB	pöoir
ouir	VERB	ouïr
Que	CCONJ	que
mon	DET	mon
chant	VERB	chant
vient	VERB	venir
de	ADP	de
voix	NOUN	voloir
douce	ADJ	doux
et	CCONJ	et
piteuse	ADJ	pitos
.	PUNCT	.
Joieusement	PROPN	joieurement
,	PUNCT	,
par	ADP	par
un	DET	un
tresdoulz	NOUN	troudse
jouir	NOUN	jourir
,	PUNCT	,
En	ADP	en
jouissant	ADJ	jouvoir
menrray	VERB	mener
vie	NOUN	vie
joieuse	ADJ	joieux
.	PUNCT	.
Autre	ADJ	autre
Rondel	PROPN	ronde
.	PUNCT	.
Au	ADP.DET	a.le
monde	NOUN	monde
n'	ADV	ne
a	ADP	a
au	ADP.DET	a.le
jour	NOUN	jour
d'	ADP	de
ui	ADV	ui
que	SCONJ	que
ces	DET	ce
deux	DET	deux
,	PUNCT	,
Eur	ADP	ere
et	CCONJ	et
meseur	NOUN	mesure
,	PUNCT	,
a	ADP	a
tout	DET	tout
considerer	VERB	considérer
,	PUNCT	,
Dont	PRON	dont
l'	DET	le
un	DET	un
fait	VERB	faire
bien	NOUN	bien
et	CCONJ	et
l'	DET	le
autre	ADJ	autre
desperer	VERB	desperer
.	PUNCT	.
Aler	VERB	aler
partout	NOUN	partout
puet	VERB	pöoir
cil	DET	cel
qui	PRON	qui
est	VERB	estre
eureux	ADJ	aler
,	PUNCT	,
On	PRON	on
ne	ADV	ne
lui	PRON	lui
puet	VERB	pöoir
ne	ADV	ne
nuire	VERB	nuire
ne	ADV	ne
grever	VERB	grever
.	PUNCT	.
Au	ADP.DET	a.le
monde	NOUN	monde
n'	ADV	ne
a	ADP	a
au	ADP.DET	a.le
jour	NOUN	jour
d'	ADP	de
ui	ADV	ui
que	SCONJ	que
ces	DET	ce
deux	DET	deux
.	PUNCT	.
Mais	CCONJ	mais
bien	NOUN	bien
se	PRON	se
gart	VERB	garder
toudis	DET	toudre
le	DET	le
maleureux	ADJ	maleur
,	PUNCT	,
Car	CCONJ	car
il	PRON	il
ne	ADV	ne
puet	VERB	pöoir
fors	ADV	fors
meschance	NOUN	meschëon
trouver	VERB	trouver
;	PUNCT	;
Chascun	DET	chascun
li	DET	le
nuit	NOUN	nuit
,	PUNCT	,
si	ADV	si
puet	VERB	pöoir
dire	VERB	dire
et	CCONJ	et
prouver	VERB	prover
:	PUNCT	:
Au	ADP.DET	a.le
monde	NOUN	monde
n'	ADV	ne
a	ADP	a
au	ADP.DET	a.le
jour	NOUN	jour
d'	ADP	de
uy	ADV	ui
que	SCONJ	que
ces	DET	ce
deux	DET	deux
.	PUNCT	.
Rondel	PROPN	ronde
.	PUNCT	.
Nul	DET	nul
ne	ADV	ne
tendit	VERB	tendre
onques	ADV	onque
a	ADP	a
cheval	NOUN	cheval
d'	ADP	de
or	NOUN	or
Qu'	CCONJ	que
il	PRON	il
n'	ADV	ne
en	ADP	en
eust	VERB	avoir
la	DET	le
bride	NOUN	bride
a	ADP	a
son	DET	son
vivant	VERB	vivre
,	PUNCT	,
Se	SCONJ	se
du	ADP.DET	de.le
querir	VERB	quérir
fu	VERB	estre
saige	ADJ	sage
et	CCONJ	et
diligent	ADJ	diligence
.	PUNCT	.
Diligence	PROPN	diligence
est	VERB	estre
un	DET	un
tresnoble	ADJ	tressancil
tresor	NOUN	tresor
Et	CCONJ	et
qui	PRON	qui
a	ADP	a
fait	VERB	faire
enrrichir	VERB	enrichir
mainte	DET	maint
gent	NOUN	gent
.	PUNCT	.
Nulz	DET	nul
ne	ADV	ne
tendit	VERB	tendre
onques	ADV	onque
a	ADP	a
cheval	NOUN	cheval
d'	ADP	de
or	NOUN	or
.	PUNCT	.
Le	DET	le
contraire	ADJ	contraire
ne	ADV	ne
vis	NOUN	vis
onques	ADV	onque
encor	ADV	encore
,	PUNCT	,
Mais	CCONJ	mais
j'	PRON	je
ay	VERB	avoir
veu	VERB	voir
povre	ADJ	pauvre
de	ADP	de
negligent	VERB	néglent
.	PUNCT	.
Or	ADV	or
y	ADV	y
pensez	NOUN	penser
et	CCONJ	et
sachiez	VERB	savoir
vraiement	NOUN	vraiment
:	PUNCT	:
Nul	DET	nul
ne	ADV	ne
tendit	VERB	tendre
onques	ADV	onque
a	ADP	a
cheval	NOUN	cheval
d'	ADP	de
or	NOUN	or
,	PUNCT	,
etc	DET	et
.	PUNCT	.
Autre	ADJ	autre
Rondel	PROPN	ronde
.	PUNCT	.
Vo	PRON	vos
doulz	ADJ	douz
regart	NOUN	regart
,	PUNCT	,
douce	ADJ	doux
dame	NOUN	dame
,	PUNCT	,
m'	PRON	je
a	ADP	a
mort	NOUN	mort
,	PUNCT	,
S'	DET	se
amours	NOUN	amour
ne	ADV	ne
fait	VERB	faire
que	SCONJ	que
voz	DET	vostre
gentis	ADJ	gentir
cuers	NOUN	cuer
m'	PRON	je
aint	VERB	aindre
.	PUNCT	.
Quant	SCONJ	cant
en	ADP	en
riant	VERB	rire
a	ADP	a
vous	PRON	vous
amer	VERB	amer
m'	PRON	je
amort	NOUN	amort
,	PUNCT	,
Vo	PRON	vos
doulz	ADJ	douz
regart	NOUN	regart
,	PUNCT	,
douce	ADJ	doux
dame	NOUN	dame
,	PUNCT	,
m'	PRON	je
a	ADP	a
mort	NOUN	mort
.	PUNCT	.
Quar	CCONJ	car
je	PRON	je
congnois	VERB	connaître
en	ADP	en
sa	DET	son
douçour	NOUN	douxeur
ma	DET	mon
mort	NOUN	mort
Pour	ADP	pour
la	DET	le
parfaicte	NOUN	parfait
amour	NOUN	amour
qui	PRON	qui
en	ADP	en
moy	PRON	moi
maint	DET	maint
;	PUNCT	;
Vo	PRON	vos
doulz	ADJ	douz
regart	NOUN	regart
,	PUNCT	,
douce	ADJ	doux
dame	NOUN	dame
,	PUNCT	,
m'	PRON	je
a	ADP	a
mort	NOUN	mort
,	PUNCT	,
S'	DET	se
amours	NOUN	amour
ne	ADV	ne
fait	VERB	faire
que	SCONJ	que
vo	PRON	votre
gentis	ADJ	gentir
cuers	NOUN	cuer
m'	PRON	je
aint	VERB	aindre
.	PUNCT	.
Autre	ADJ	autre
Rondel	PROPN	ronde
.	PUNCT	.
Certes	ADV	certes
mon	DET	mon
oeul	NOUN	oeil
richement	NOUN	richement
visa	VERB	visat
bel	ADJ	bel
,	PUNCT	,
Quant	SCONJ	cant
premiers	ADJ	premier
vit	VERB	vëoir
ma	DET	mon
dame	NOUN	dame
bonne	ADJ	bon
et	CCONJ	et
belle	ADJ	beau
.	PUNCT	.
Pour	ADP	pour
ce	PRON	ce
que	SCONJ	que
gent	NOUN	gent
maintien	NOUN	maint
et	CCONJ	et
vis	NOUN	vis
a	ADP	a
bel	ADJ	bel
,	PUNCT	,
Certes	ADV	certes
mon	DET	mon
oeul	NOUN	oeil
richement	NOUN	richement
visa	VERB	visat
bel	ADJ	bel
.	PUNCT	.
Ne	CCONJ	ne
fut	VERB	être
tel	DET	tel
fleur	NOUN	fleur
puis	NOUN	puis
que	SCONJ	que
fut	VERB	être
vis	NOUN	vis
Abel	PROPN	abel
,	PUNCT	,
Car	CCONJ	car
fleur	NOUN	fleur
des	ADP.DET	de.le
fleurs	NOUN	fleur
tout	DET	tout
li	DET	le
monde	NOUN	monde
l'	DET	le
apelle	VERB	apeler
:	PUNCT	:
Certes	ADV	certes
mon	DET	mon
oeul	NOUN	oeil
richement	NOUN	richement
visa	VERB	visat
bel	ADJ	bel
,	PUNCT	,
Quant	SCONJ	cant
premiers	ADJ	premier
vit	VERB	vëoir
ma	DET	mon
dame	NOUN	dame
bonne	ADJ	bon
et	CCONJ	et
belle	ADJ	beau
.	PUNCT	.
La	DET	le
façon	NOUN	façon
des	ADP.DET	de.le
Sotes	NOUN	sator
Chançons	NOUN	chançon
et	CCONJ	et
Pastourelles	PROPN	pastouler
.	PUNCT	.
Item	X	item
,	PUNCT	,
quant	SCONJ	cant
est	VERB	estre
aux	ADP.DET	à.le
pastoureles	NOUN	pastoureau
et	CCONJ	et
sotes	NOUN	sator
chançons	NOUN	chançon
,	PUNCT	,
elles	PRON	elle
se	PRON	se
font	VERB	faire
de	ADP	de
semblable	NOUN	semblable
taille	NOUN	taille
et	CCONJ	et
par	ADP	par
la	DET	le
maniere	NOUN	manière
que	SCONJ	que
font	VERB	faire
les	DET	le
ballades	ADJ	balaisde
amoureuses	NOUN	armouesse
,	PUNCT	,
excepté	NOUN	excepter
tant	ADV	tant
que	SCONJ	que
les	DET	le
materes	NOUN	mater
se	PRON	se
different	VERB	differmer
selon	ADJ	selon
la	DET	le
volunté	NOUN	volonté
et	CCONJ	et
le	DET	le
sentement	NOUN	sentement
du	ADP.DET	de.le
faiseur	NOUN	faire
;	PUNCT	;
et	CCONJ	et
pour	ADP	pour
ce	PRON	ce
n'	ADV	ne
en	ADP	en
faiz	VERB	fait
je	PRON	je
point	NOUN	point
icy	ADV	ici
exemple	NOUN	exemple
pour	ADP	pour
briefté	NOUN	brifé
et	CCONJ	et
pour	ADP	pour
abregier	VERB	abregier
ce	PRON	ce
livret	VERB	livrer
.	PUNCT	.
Cy	ADV	ci
parle	NOUN	parler
de	ADP	de
la	DET	le
façon	NOUN	façon
des	ADP.DET	de.le
Laiz	PROPN	lait
.	PUNCT	.
Item	X	item
,	PUNCT	,
quant	SCONJ	cant
est	VERB	estre
des	ADP.DET	de.le
laiz	NOUN	lait
,	PUNCT	,
c'	CCONJ	ce
est	VERB	estre
une	DET	un
chose	NOUN	chose
longue	ADJ	long
et	CCONJ	et
malaisiée	VERB	malaistié
a	ADP	a
faire	VERB	faire
et	CCONJ	et
trouver	VERB	trouver
,	PUNCT	,
car	CCONJ	car
il	PRON	il
y	ADV	y
fault	NOUN	falloir
avoir	VERB	avoir
.XII.	DET	douze
couples	NOUN	couple
,	PUNCT	,
chascune	DET	chascun
partie	NOUN	partie
en	ADP	en
deux	DET	deux
,	PUNCT	,
qui	PRON	qui
font	VERB	faire
.XXIIII	DET	subtin
.	PUNCT	.
Et	CCONJ	et
est	VERB	estre
la	DET	le
couple	NOUN	coupel
aucune	DET	aucun
foiz	NOUN	foi
de	ADP	de
.VIII.	DET	hestre
vers	ADP	vers
,	PUNCT	,
qui	PRON	qui
font	VERB	faire
.XVI.	DET	quarante
;	PUNCT	;
aucunefoiz	NOUN	aucunefois
de	ADP	de
.IX.	DET	quart
,	PUNCT	,
qui	PRON	qui
font	VERB	faire
.XVIII.	DET	quart-von
;	PUNCT	;
aucunefoiz	NOUN	aucunefois
de	ADP	de
dix	DET	dix
qui	PRON	qui
font	VERB	faire
.XX.	DET	vingt
;	PUNCT	;
aucunefoiz	NOUN	aucunefois
de	ADP	de
.XII.	DET	douze
qui	PRON	qui
font	VERB	faire
.XXIIII.	DET	vingt-sin-ux
,	PUNCT	,
de	ADP	de
vers	ADP	vers
entiers	ADJ	entier
ou	CCONJ	ou
de	ADP	de
vers	ADP	vers
coppez	NOUN	coppie
.	PUNCT	.
Et	CCONJ	et
couvient	VERB	couventier
que	SCONJ	que
la	DET	le
taille	NOUN	taille
de	ADP	de
chascune	DET	chascun
couple	NOUN	coupel
a	ADP	a
deux	DET	deux
paragrafes	NOUN	parage
soient	VERB	estre
d'	ADP	de
une	DET	un
rime	NOUN	rime
toutes	DET	tout
differens	NOUN	differ
l'	DET	le
une	DET	un
couple	NOUN	coupel
a	ADP	a
l'	DET	le
autre	ADJ	autre
,	PUNCT	,
excepté	NOUN	excepter
tant	ADV	tant
seulement	ADV	seulement
que	SCONJ	que
la	DET	le
derreniere	ADJ	derrierene)
couple	NOUN	coupel
des	ADP.DET	de.le
.XII.	DET	douze
,	PUNCT	,
qui	PRON	qui
font	VERB	faire
.XXIIII.	DET	vingt-sin-ux
,	PUNCT	,
et	CCONJ	et
qui	PRON	qui
est	VERB	estre
et	CCONJ	et
doit	VERB	devoir
estre	VERB	estre
conclusion	NOUN	conclure
du	ADP.DET	de.le
lay	NOUN	lai
,	PUNCT	,
soit	VERB	estre
de	ADP	de
pareille	ADJ	pareille
rime	NOUN	rime
,	PUNCT	,
et	CCONJ	et
d'	ADP	de
autant	ADV	autant
de	ADP	de
vers	ADP	vers
,	PUNCT	,
sanz	ADP	sans
redite	VERB	redire
,	PUNCT	,
comme	SCONJ	comme
la	DET	le
premiere	ADJ	premier
couple	NOUN	coupel
.	PUNCT	.
Et	CCONJ	et
pour	ADP	pour
exemple	NOUN	exemple
de	ADP	de
ce	PRON	ce
,	PUNCT	,
je	PRON	je
mès	NOUN	mais
cy	ADV	ci
.III.	DET	trois
couples	NOUN	couple
d'	ADP	de
un	DET	un
lay	NOUN	lai
,	PUNCT	,
et	CCONJ	et
par	ADP	par
ycelles	DET	cil
,	PUNCT	,
consideré	VERB	considérer
et	CCONJ	et
attendu	VERB	attendre
ceste	DET	cest
regle	NOUN	regle
,	PUNCT	,
l'	DET	le
en	ADP	en
pourroit	VERB	pouvoir
diversifier	NOUN	diviserpier
les	DET	le
autres	PRON	autre
couples	NOUN	couple
,	PUNCT	,
et	CCONJ	et
faire	VERB	faire
jusqu'	ADP	jusque
a	ADP	a
.XII.	DET	douze
,	PUNCT	,
qui	PRON	qui
font	VERB	faire
.XXIIII.	DET	vingt-sin-ux
,	PUNCT	,
par	ADP	par
la	DET	le
maniere	NOUN	manière
que	SCONJ	que
dit	VERB	dire
est	VERB	estre
.	PUNCT	.
Et	CCONJ	et
qui	PRON	qui
se	PRON	se
doubteroit	VERB	douter
de	ADP	de
ce	PRON	ce
non	NOUN	nom
pouoir	NOUN	pouvoir
retenir	VERB	retenir
,	PUNCT	,
il	PRON	il
ne	ADV	ne
faulroit	VERB	falloir
que	SCONJ	que
prandre	VERB	prendre
un	DET	un
lay	NOUN	lai
,	PUNCT	,
car	CCONJ	car
ilz	PRON	il
sont	VERB	estre
assez	ADV	assez
communs	ADJ	commun
,	PUNCT	,
et	CCONJ	et
ce	PRON	ce
seroit	VERB	estre
trop	ADV	trop
longue	ADJ	long
chose	NOUN	chose
de	ADP	de
l'	DET	le
avoir	VERB	avoir
escript	VERB	écrire
en	ADP	en
ce	PRON	ce
livret	VERB	livrer
.	PUNCT	.
Lay	ADJ	lai
.	PUNCT	.
Puisqu'	PROPN	puisque
il	PRON	il
me	PRON	je
couvient	VERB	couventier
partir	VERB	partir
,	PUNCT	,
D'	ADP	de
amour	NOUN	amour
martir	NOUN	martir
,	PUNCT	,
Las	ADJ	las
!	PUNCT	!
que	SCONJ	que
feray	VERB	faire
?	PUNCT	?
Ou	CCONJ	où
iray	VERB	aler
?	PUNCT	?
Que	CCONJ	que
devendray	VERB	devenir
,	PUNCT	,
Fors	ADV	fors
que	SCONJ	que
languir	VERB	languir
,	PUNCT	,
Quant	SCONJ	cant
m'	PRON	je
amour	NOUN	amour
et	CCONJ	et
mon	DET	mon
plaisir	NOUN	plaisir
Deguerpiray	PROPN	deguerpaut
?	PUNCT	?
C'	CCONJ	ce
est	VERB	estre
celle	DET	cil
que	SCONJ	que
je	PRON	je
desir	ADP	desirrer
D'	ADP	de
ardent	VERB	ardre
desir	ADP	desirrer
,	PUNCT	,
...	PUNCT	un
De	ADP	de
cuer	NOUN	cuer
vray	ADJ	vrai
,	PUNCT	,
Celle	DET	celle
a	ADP	a
qui	PRON	qui
j'	PRON	je
ay	VERB	avoir
Mon	DET	mon
recourir	VERB	recorir
;	PUNCT	;
Par	ADP	par
li	DET	le
puis	NOUN	puis
vivre	VERB	vivre
ou	CCONJ	ou
mourir	VERB	mourir
:	PUNCT	:
Pour	ADP	pour
ce	PRON	ce
m'	PRON	je
esmay	NOUN	esmai
.	PUNCT	.
Car	CCONJ	car
de	ADP	de
Dydo	PROPN	dire
ne	ADV	ne
d'	ADP	de
Elayne	PROPN	elaine
,	PUNCT	,
De	ADP	de
Judith	PROPN	judit
la	DET	le
souveraine	ADJ	souverain
,	PUNCT	,
Ne	CCONJ	ne
d'	ADP	de
Ester	VERB	ester
ne	ADV	ne
de	ADP	de
Tisbée	VERB	timèsté
,	PUNCT	,
De	ADP	de
Lucresse	PROPN	lurchescous
la	DET	le
roumaine	NOUN	romaille
,	PUNCT	,
Ne	CCONJ	ne
d'	ADP	de
Ecuba	VERB	ebochir
la	DET	le
certaine	ADJ	certain
,	PUNCT	,
Saire	NOUN	saire
loyal	ADJ	loyal
ne	ADV	ne
Medée	VERB	meder
Ne	CCONJ	ne
pourroit	VERB	pouvoir
estre	VERB	estre
trovée	NOUN	trover
Dame	NOUN	dame
de	ADP	de
tant	ADV	tant
de	ADP	de
biens	NOUN	bien
plaine	ADJ	plein
:	PUNCT	:
C'	CCONJ	ce
est	VERB	estre
l'	DET	le
estoille	NOUN	estreloi
tresmontaine	NOUN	tresonmenter
,	PUNCT	,
Aurora	VERB	avour
la	DET	le
desirée	VERB	désirer
.	PUNCT	.
C'	CCONJ	ce
est	VERB	estre
l'	DET	le
ymage	NOUN	image
clere	ADJ	clair
et	CCONJ	et
saine	ADJ	sain
De	ADP	de
toute	DET	tout
beauté	NOUN	beauté
humaine	ADJ	humain
,	PUNCT	,
C'	CCONJ	ce
est	VERB	estre
la	DET	le
bien	NOUN	bien
endotrinée	VERB	entotandre
,	PUNCT	,
En	ADP	en
chant	VERB	chant
tresdouce	NOUN	doux
seraine	NOUN	servir
,	PUNCT	,
En	ADP	en
honnour	NOUN	honneur
la	DET	le
premeraine	ADJ	premerain
,	PUNCT	,
D'	ADP	de
umilité	NOUN	umileté
aournée	VERB	aorer
,	PUNCT	,
Dame	NOUN	dame
de	ADP	de
douçour	NOUN	douxeur
clamée	VERB	clamer
,	PUNCT	,
De	ADP	de
beau	ADJ	beau
parler	VERB	parler
la	DET	le
fontaine	NOUN	fontaine
,	PUNCT	,
De	ADP	de
toute	DET	tout
grace	NOUN	grace
mondaine	ADJ	monde
En	ADP	en
ce	PRON	ce
monde	NOUN	monde
renommée	VERB	renommée
.	PUNCT	.
Mais	CCONJ	mais
ses	DET	son
gens	NOUN	gens
corps	NOUN	corps
Et	CCONJ	et
ses	DET	son
deppors	ADP	depporn
Est	VERB	estre
uns	DET	un
tresors	NOUN	tresor
Tresprecieus	PROPN	tresprasdre
,	PUNCT	,
Dont	PRON	dont
je	PRON	je
sui	VERB	estre
mors	NOUN	mors
Si	ADV	si
je	PRON	je
vois	NOUN	aler
hors	ADV	hors
.	PUNCT	.
Las	ADJ	las
!	PUNCT	!
dolereus	ADJ	dolor
,	PUNCT	,
Maleureus	ADJ	maleur
Et	CCONJ	et
souffraiteus	NOUN	souffroyer
,	PUNCT	,
Que	CCONJ	que
feray	VERB	faire
lors	ADV	lors
,	PUNCT	,
Se	SCONJ	se
Reconfors	NOUN	reconfort
Et	CCONJ	et
doulz	ADJ	douz
Ennors	ADV	onor
Ne	CCONJ	ne
m'	PRON	je
est	VERB	estre
piteus	NOUN	pitos
?	PUNCT	?
Viengne	VERB	venir
la	DET	le
mors	NOUN	mors
,	PUNCT	,
Je	PRON	je
m'	PRON	je
y	ADV	y
acors	NOUN	acor
,	PUNCT	,
Au	ADP.DET	a.le
langoreus	ADJ	languer
,	PUNCT	,
Quant	SCONJ	cant
je	PRON	je
recors	NOUN	recors
Les	DET	le
doulz	ADJ	douz
confors	NOUN	confort
,	PUNCT	,
Les	DET	le
regars	NOUN	regard
fors	ADV	fors
De	ADP	de
ses	DET	son
doulx	DET	doux
yeux	NOUN	il
,	PUNCT	,
Qui	PRON	qui
m'	PRON	je
ont	VERB	avoir
amors	NOUN	amor
Au	ADP.DET	a.le
dolent	ADJ	doler
mors	NOUN	mors
Des	ADP.DET	de.le
amoureux	NOUN	amoureux
,	PUNCT	,
Les	DET	le
gracieux	NOUN	gracieux
Et	CCONJ	et
savoureux	NOUN	savoir
Et	CCONJ	et
doulz	ADJ	douz
rappors	NOUN	rappor
Par	ADP	par
qui	PRON	qui
je	PRON	je
pors	NOUN	pors
Tous	DET	tout
dolens	ADJ	dolent
pors	NOUN	pors
,	PUNCT	,
Les	DET	le
maulx	NOUN	mal
doubteux	NOUN	douteux
,	PUNCT	,
A	ADP	a
tristes	ADJ	triste
pors	NOUN	pors
M'	PRON	je
a	ADP	a
Deconfors	NOUN	decenoir
Mis	VERB	metre
perilleux	ADJ	perillos
.	PUNCT	.
Et	CCONJ	et
par	ADP	par
cest	DET	cest
exemple	NOUN	exemple
de	ADP	de
six	DET	six
couples	NOUN	couple
de	ADP	de
lay	NOUN	lai
differens	NOUN	differ
l'	DET	le
une	DET	un
de	ADP	de
l'	DET	le
autre	ADJ	autre
en	ADP	en
metre	VERB	metre
et	CCONJ	et
en	ADP	en
nombre	NOUN	nombre
de	ADP	de
vers	ADP	vers
et	CCONJ	et
aussi	ADV	aussi
en	ADP	en
ryme	NOUN	rime
,	PUNCT	,
lesquelles	DET	lequel
.VI.	DET	set
couples	NOUN	couple
ne	ADV	ne
font	VERB	faire
que	SCONJ	que
troys	DET	trois
des	ADP.DET	de.le
.XII.	DET	douze
que	SCONJ	que
un	DET	un
lay	NOUN	lai
doit	VERB	devoir
avoir	VERB	avoir
,	PUNCT	,
puet	VERB	pöoir
estre	VERB	estre
clerement	NOUN	clerement
entendue	VERB	entendre
la	DET	le
forme	NOUN	forme
et	CCONJ	et
la	DET	le
taille	NOUN	taille
d'	ADP	de
un	DET	un
lay	NOUN	lai
a	ADP	a
tous	DET	tout
ceuls	DET	cil
qui	PRON	qui
les	DET	le
vourront	VERB	vouloir
faire	VERB	faire
.	PUNCT	.
Et	CCONJ	et
pour	ADP	pour
mieulx	ADV	mieux
veoir	VERB	vëoir
la	DET	le
difference	NOUN	differce
desdictes	ADP	desdire
couples	NOUN	couple
en	ADP	en
ay	VERB	avoir
je	PRON	je
cy	ADV	ci
mis	VERB	metre
troys	DET	trois
suyvanment	NOUN	suivantement
.	PUNCT	.
Et	CCONJ	et
doit	VERB	devoir
la	DET	le
derreniere	ADJ	derrierene)
des	ADP.DET	de.le
.XII.	DET	douze
estre	VERB	estre
semblable	NOUN	semblable
de	ADP	de
ryme	NOUN	rime
et	CCONJ	et
de	ADP	de
nombre	NOUN	nombre
de	ADP	de
vers	ADP	vers
a	ADP	a
la	DET	le
premiere	ADJ	premier
,	PUNCT	,
ainsi	ADV	ainsi
comme	SCONJ	comme
il	PRON	il
appert	ADJ	apparoir
par	ADP	par
la	DET	le
fin	NOUN	fin
de	ADP	de
ce	PRON	ce
present	NOUN	présent
lay	NOUN	lai
,	PUNCT	,
ou	CCONJ	ou
il	PRON	il
a	ADP	a
ainsis	ADJ	ainsi
escript	VERB	écrire
:	PUNCT	:
Pour	ADP	pour
ce	PRON	ce
prie	VERB	priier
a	ADP	a
Souvenir	PROPN	souvenir
Que	CCONJ	que
tost	DET	tost
venir	VERB	venir
,	PUNCT	,
Quant	SCONJ	cant
m'	PRON	je
en	ADP	en
iray	VERB	aler
,	PUNCT	,
Sanz	ADP	sans
delay	NOUN	delai
,	PUNCT	,
Face	NOUN	faire
ce	PRON	ce
lay	NOUN	lai
Au	ADP.DET	a.le
departir	VERB	departir
A	ADP	a
ma	DET	mon
dame	NOUN	dame
,	PUNCT	,
et	CCONJ	et
sans	NOUN	sans
mentir	VERB	mentir
Liez	PROPN	lize
en	ADP	en
seray	VERB	estre
.	PUNCT	.
Avec	ADP	avec
moy	PRON	moi
le	DET	le
vueil	NOUN	vouloir
tenir	VERB	tenir
Et	CCONJ	et
retenir	VERB	retenir
,	PUNCT	,
Et	CCONJ	et
tant	ADV	tant
feray	VERB	faire
Que	CCONJ	que
j'	PRON	je
aray	NOUN	arai
,	PUNCT	,
Quant	SCONJ	cant
revendray	VERB	revenir
,	PUNCT	,
Par	ADP	par
poursuir	VERB	poursuir
,	PUNCT	,
Grace	ADJ	grace
,	PUNCT	,
honneur	NOUN	honneur
et	CCONJ	et
remerir	VERB	remerter
,	PUNCT	,
Ou	CCONJ	où
g'	PRON	je
y	ADV	y
mourray	VERB	mourir
.	PUNCT	.
Item	X	item
semblablement	ADV	semblablement
et	CCONJ	et
finablement	NOUN	finablement
pourra	VERB	pouvoir
sçavoir	VERB	savoir
un	DET	un
chascun	DET	chascun
qui	PRON	qui
de	ADP	de
son	DET	son
noble	ADJ	noble
couraige	NOUN	courage
avra	VERB	avoir
la	DET	le
musique	NOUN	musque
naturele	NOUN	naturel
bien	NOUN	bien
estudié	VERB	esteidure
faire	VERB	faire
et	CCONJ	et
amender	VERB	amender
,	PUNCT	,
par	ADP	par
cest	DET	cest
present	NOUN	présent
art	NOUN	art
,	PUNCT	,
avecques	ADP	avec
son	DET	son
noble	ADJ	noble
engin	NOUN	engin
,	PUNCT	,
toutes	DET	tout
manieres	NOUN	manière
de	ADP	de
balades	NOUN	balade
,	PUNCT	,
rondeaulx	NOUN	rondle
,	PUNCT	,
chançons	NOUN	chançon
baladées	VERB	baladé
,	PUNCT	,
serventois	NOUN	servise
,	PUNCT	,
sotes	NOUN	sator
chançons	NOUN	chançon
,	PUNCT	,
laiz	NOUN	lait
,	PUNCT	,
virelais	NOUN	virage
et	CCONJ	et
pastourelles	NOUN	pastouler
,	PUNCT	,
eu	VERB	avoir
regart	NOUN	regart
aux	ADP.DET	à.le
exemples	NOUN	exemple
et	CCONJ	et
articles	NOUN	article
cy	ADV	ci
dessus	ADV	dessus
escrips	NOUN	écrire
,	PUNCT	,
et	CCONJ	et
autres	PRON	autre
que	SCONJ	que
l'	DET	le
en	ADP	en
puet	VERB	pöoir
veoir	VERB	vëoir
en	ADP	en
tel	DET	tel
cas	NOUN	cas
communement	NOUN	communément
de	ADP	de
ceulx	PRON	cil
qui	PRON	qui
mieulx	ADV	mieux
et	CCONJ	et
plus	ADV	plus
saigement	NOUN	sagement
le	DET	le
scevent	VERB	savoir
et	CCONJ	et
sçavroient	VERB	savoir
mieulx	ADV	mieux
faire	VERB	faire
que	SCONJ	que
moy	PRON	moi
,	PUNCT	,
qui	PRON	qui
suy	VERB	estre
rudes	NOUN	rude
et	CCONJ	et
de	ADP	de
gros	ADJ	gros
entendement	NOUN	entendement
,	PUNCT	,
et	CCONJ	et
soubz	NOUN	sous
la	DET	le
correpcion	NOUN	corrocier
desquelz	DET	de.lequel
je	PRON	je
soubmet	VERB	sombettre
ce	PRON	ce
qui	PRON	qui
fait	VERB	faire
en	ADP	en
est	VERB	estre
a	ADP	a
leur	DET	leur
amendement	NOUN	amendement
,	PUNCT	,
en	ADP	en
eulx	PRON	eux
suppliant	NOUN	supplier
que	SCONJ	que
se	PRON	se
aucune	DET	aucun
chose	NOUN	chose
y	ADV	y
a	ADP	a
faicte	VERB	faire
moins	ADV	moins
suffisanment	ADV	suffisande
,	PUNCT	,
ou	CCONJ	ou
que	SCONJ	que
j'	PRON	je
aye	NOUN	avoir
pechié	NOUN	pechié
contre	ADP	contre
l'	DET	le
art	NOUN	art
en	ADP	en
aucune	DET	aucun
maniere	NOUN	manière
,	PUNCT	,
ilz	PRON	il
me	PRON	je
vueillent	VERB	vouloir
ce	PRON	ce
pardonner	VERB	pardoner
en	ADP	en
l'	DET	le
imputant	NOUN	imputement
a	ADP	a
ma	DET	mon
simplesce	NOUN	simple
et	CCONJ	et
ignorance	NOUN	ignorance
,	PUNCT	,
et	CCONJ	et
le	DET	le
corrigent	VERB	corroiier
humblement	ADV	humblement
pour	ADP	pour
honour	NOUN	honneur
de	ADP	de
la	DET	le
science	NOUN	science
et	CCONJ	et
pour	ADP	pour
l'	DET	le
amour	NOUN	amour
des	ADP.DET	de.le
aprantis	ADJ	aprendre
;	PUNCT	;
car	CCONJ	car
ce	PRON	ce
qui	PRON	qui
fait	VERB	faire
en	ADP	en
est	VERB	estre
a	ADP	a
esté	VERB	être
du	ADP.DET	de.le
commandement	NOUN	commandement
d'	ADP	de
un	DET	un
mien	ADJ	mien
tresgrant	NOUN	restrandre
et	CCONJ	et
especial	ADJ	espécial
seigneur	NOUN	seigneur
et	CCONJ	et
maistre	NOUN	maître
,	PUNCT	,
auquel	ADP.PRON	à.lequel
pour	ADP	pour
mon	DET	mon
petit	ADJ	petit
engin	NOUN	engin
ne	ADV	ne
autrement	ADV	autrement
,	PUNCT	,
pour	ADP	pour
l'	DET	le
obeissance	NOUN	obéissance
que	SCONJ	que
je	PRON	je
lui	PRON	lui
doy	NOUN	devoir
,	PUNCT	,
excusacion	NOUN	excusage
n'	ADV	ne
eust	VERB	avoir
pas	NOUN	pas
eu	VERB	avoir
lieu	NOUN	lieu
,	PUNCT	,
quant	SCONJ	cant
a	ADP	a
moy	PRON	moi
.	PUNCT	.
Et	CCONJ	et
pour	ADP	pour
ce	PRON	ce
,	PUNCT	,
lui	PRON	lui
supplie	VERB	supple
treshumblement	NOUN	tresmusiler
qu'	SCONJ	que
il	PRON	il
vueille	NOUN	vouloir
prandre	VERB	prendre
en	ADP	en
gré	NOUN	gré
ce	PRON	ce
que	SCONJ	que
j'	PRON	je
en	ADP	en
ay	VERB	avoir
peu	ADV	peu
et	CCONJ	et
sceu	NOUN	savoir
faire	VERB	faire
,	PUNCT	,
et	CCONJ	et
a	ADP	a
moy	PRON	moi
pardonner	VERB	pardoner
mes	DET	mais
faultes	ADJ	faute
,	PUNCT	,
car	CCONJ	car
qui	PRON	qui
fait	VERB	faire
ce	PRON	ce
qu'	SCONJ	que
il	PRON	il
puet	VERB	pöoir
et	CCONJ	et
scet	VERB	savoir
,	PUNCT	,
au	ADP.DET	a.le
commandement	NOUN	commandement
de	ADP	de
son	DET	son
seigneur	NOUN	seigneur
,	PUNCT	,
pour	ADP	pour
ce	PRON	ce
que	SCONJ	que
obedience	NOUN	obétibement
vault	VERB	valoir
mieulx	ADV	mieux
que	SCONJ	que
offrande	NOUN	offrende
ne	ADV	ne
sacrifice	NOUN	sacrifice
,	PUNCT	,
comme	SCONJ	comme
dit	VERB	dire
la	DET	le
Saincte	ADJ	saint
Escripture	NOUN	écrituce
,	PUNCT	,
il	PRON	il
doit	VERB	devoir
estre	VERB	estre
prins	NOUN	prendre
en	ADP	en
gré	NOUN	gré
et	CCONJ	et
tenu	VERB	tenir
pour	ADP	pour
excusé	VERB	excuser
.	PUNCT	.
Ce	PRON	ce
fut	VERB	être
fait	VERB	faire
le	DET	le
.XXVe.	DET	vingt-sance
jour	NOUN	jour
de	ADP	de
novembre	NOUN	novrement
,	PUNCT	,
l'	DET	le
an	ADP	en
de	ADP	de
grace	NOUN	grace
Nostre	DET	notre
Seigneur	NOUN	seigneur
mil	DET	mil
.CCC.	DET	deux-cents
.IIIIxx.	DET	quatre
et	CCONJ	et
douze	ADJ	douze
.	PUNCT	.
