Incipit	NOUN	incipit
lapidarius	ADJ	lavition
Evacis	NOUN	avecir
regis	NOUN	régir
Arabie	PROPN	arabi
quem	DET	comme
misit	VERB	mettre
Neroni	PROPN	neri
imperatori	NOUN	imeptirape
per	NOUN	per
francigenam	NOUN	franchisement
linguam	VERB	lignage
scriptum	NOUN	srestcher
.	PUNCT	.
Hom	NOUN	ome
trovet	VERB	trouver
lisant	VERB	lire
que	SCONJ	que
Evax	NOUN	eval
,	PUNCT	,
li	DET	le
reis	NOUN	roi
de	ADP	de
Arabie	PROPN	arabi
,	PUNCT	,
enveiat	VERB	envoyer
ad	VERB	avoir
Neron	PROPN	nerïon
,	PUNCT	,
le	DET	le
emperur	NOUN	empereur
de	ADP	de
Rume	NOUN	rompre
,	PUNCT	,
un	DET	un
livre	NOUN	livre
que	SCONJ	que
il	PRON	il
li	DET	le
escrist	NOUN	écrire
des	ADP.DET	de.le
natures	NOUN	nature
des	ADP.DET	de.le
pieres	NOUN	piere
,	PUNCT	,
de	ADP	de
lur	DET	leur
manieres	NOUN	manière
et	CCONJ	et
de	ADP	de
lur	DET	leur
nuns	DET	nous
et	CCONJ	et
de	ADP	de
lur	DET	leur
culurs	NOUN	courlur
et	CCONJ	et
en	ADP	en
quele	DET	quel
tere	NOUN	terre
eles	PRON	il
sunt	VERB	être
et	CCONJ	et
quele	DET	quel
puissance	NOUN	puissance
eles	PRON	il
unt	VERB	avoir
.	PUNCT	.
Mult	ADV	moult
hi	ADV	i
sunt	VERB	être
les	DET	le
vertuz	NOUN	vertu
cuvertes	NOUN	couvrir
,	PUNCT	,
mais	NOUN	mais
les	DET	le
aies	NOUN	avoir
en	ADP	en
veit	VERB	vëoir
hom	NOUN	ome
bien	NOUN	bien
apertes	NOUN	apert
.	PUNCT	.
Li	DET	le
mirie	NOUN	mirier
i	ADV	i
trovent	VERB	trover
granz	ADJ	grant
aies	NOUN	avoir
a	ADP	a
lur	DET	leur
medecines	NOUN	medecine
,	PUNCT	,
et	CCONJ	et
plusurs	DET	plus
aises	NOUN	aise
en	ADP	en
vient	VERB	venir
a	ADP	a
cels	DET	cel
ki	PRON	qui
sevent	VERB	savoir
;	PUNCT	;
ne	ADV	ne
nuls	DET	nul
sages	ADJ	sage
hom	NOUN	ome
ne	ADV	ne
deit	VERB	devoir
duter	VERB	dut
que	SCONJ	que
Deus	PROPN	dieu
n'	ADV	ne
i	ADV	i
ait	VERB	avoir
mise	VERB	metre
grant	ADJ	grant
vertut	NOUN	vertu
en	ADP	en
pieres	NOUN	piere
,	PUNCT	,
altresi	ADV	autresi
cume	SCONJ	comme
il	PRON	il
at	VERB	avoir
en	ADP	en
herbes	NOUN	herbe
.	PUNCT	.
Adamas	PROPN	adamme
.	PUNCT	.
-	PUNCT	-
Adamas	PROPN	adamme
est	VERB	estre
clere	ADJ	clair
cume	SCONJ	comme
cristal	NOUN	crilat
,	PUNCT	,
mais	NOUN	mais
que	SCONJ	que
ele	PRON	il
ad	VERB	avoir
colur	NOUN	collur
de	ADP	de
fer	NOUN	fer
brunit	NOUN	brunit
;	PUNCT	;
si	ADV	si
la	DET	le
trovet	VERB	trouver
l'	DET	le
um	DET	ume
en	ADP	en
Indie	ADJ	indide
.	PUNCT	.
Ele	PRON	il
est	VERB	estre
de	ADP	de
si	ADV	si
grant	ADJ	grant
durece	NOUN	durer
que	SCONJ	que
ne	ADV	ne
par	ADP	par
fer	NOUN	fer
ne	ADV	ne
par	ADP	par
fu	VERB	estre
ne	ADV	ne
pot	VERB	pöoir
estre	VERB	estre
depeciede	VERB	depecier
ne	ADV	ne
en	ADP	en
nule	DET	nul
maniere	NOUN	manière
,	PUNCT	,
se	PRON	se
ço	PRON	ce
n'	ADV	ne
est	VERB	estre
par	ADP	par
le	DET	le
chaut	ADJ	chaloir
sanc	NOUN	sanc
del	ADP.DET	de.le
buc	ADJ	bouc
,	PUNCT	,
u	CCONJ	ou
hom	NOUN	ome
la	DET	le
muillet	VERB	mulier
,	PUNCT	,
que	SCONJ	que
hom	NOUN	ome
la	DET	le
depiecet	VERB	depecier
sur	ADP	sur
le	DET	le
enclume	VERB	enclume
od	ADP	o
malz	NOUN	mal
;	PUNCT	;
et	CCONJ	et
des	ADP.DET	de.le
agues	NOUN	age
pieres	NOUN	piere
ki	PRON	qui
en	ADP	en
fruissent	VERB	fruissier
entaillet	VERB	entaille
hom	NOUN	ome
les	DET	le
altres	PRON	autre
gemes	NOUN	jeme
.	PUNCT	.
Iceste	ADJ	cist
n'	ADV	ne
est	VERB	estre
mie	ADV	mie
greindre	ADJ	graindre
de	ADP	de
une	DET	un
petite	ADJ	petit
nuiz	NOUN	nuit
.	PUNCT	.
Et	CCONJ	et
en	ADP	en
Arabie	PROPN	arabi
ad	VERB	avoir
une	DET	un
maniere	NOUN	manière
de	ADP	de
adamas	NOUN	adamme
ki	PRON	qui
n'	ADV	ne
est	VERB	estre
mie	ADV	mie
si	ADV	si
dure	ADJ	dur
,	PUNCT	,
kar	CCONJ	car
hom	NOUN	ome
la	DET	le
pot	VERB	pöoir
depecier	VERB	depecier
senz	ADP	sans
sanc	NOUN	sanc
de	ADP	de
buc	ADJ	bouc
.	PUNCT	.
N'	ADV	ne
est	VERB	estre
si	ADV	si
bele	ADJ	bel
ne	ADV	ne
de	ADP	de
si	ADV	si
grant	ADJ	grant
priz	NOUN	prisier
,	PUNCT	,
ja	ADV	ja
seit	VERB	être
iço	PRON	il
que	SCONJ	que
ele	PRON	il
seit	VERB	être
greinur	ADJ	graindre
.	PUNCT	.
Un	DET	un
tierz	ADJ	tierz
adamas	NOUN	adamme
est	VERB	estre
en	ADP	en
Cypre	NOUN	cipre
,	PUNCT	,
li	DET	le
quarz	ADJ	cart
en	ADP	en
Grece	ADJ	grece
.	PUNCT	.
A	ADP	a
tuz	DET	tous
icez	DET	ice
est	VERB	estre
nature	NOUN	nature
a	ADP	a
traire	VERB	traire
fer	NOUN	fer
.	PUNCT	.
Iceste	ADJ	cist
piere	NOUN	piere
usent	VERB	user
enchanteur	NOUN	enchanter
a	ADP	a
lur	DET	leur
enchauntement	NOUN	enchantement
,	PUNCT	,
et	CCONJ	et
ele	PRON	il
dunet	VERB	donner
a	ADP	a
hume	NOUN	homme
ki	PRON	qui
la	DET	le
portet	VERB	porter
sur	ADP	sur
sei	PRON	soi
force	NOUN	force
et	CCONJ	et
vertut	NOUN	vertu
,	PUNCT	,
et	CCONJ	et
si	ADV	si
defent	VERB	defendre
de	ADP	de
griefs	ADJ	grief
sunges	NOUN	songier
,	PUNCT	,
de	ADP	de
fanthomes	NOUN	fantomme
et	CCONJ	et
de	ADP	de
tuz	DET	tous
venims	VERB	venir
,	PUNCT	,
et	CCONJ	et
ele	PRON	il
tout	DET	tout
ires	NOUN	aler
et	CCONJ	et
tençun	NOUN	tençon
,	PUNCT	,
et	CCONJ	et
ele	PRON	il
sanet	VERB	sente
les	DET	le
forsenez	ADJ	forsener
,	PUNCT	,
et	CCONJ	et
est	VERB	estre
a	ADP	a
hume	NOUN	homme
defensiun	NOUN	defensïon
cuntre	ADP	contre
ses	DET	son
enemis	NOUN	ennemi
.	PUNCT	.
Ele	PRON	il
deit	VERB	devoir
estre	VERB	estre
close	VERB	clore
en	ADP	en
or	NOUN	or
u	CCONJ	ou
en	ADP	en
argent	NOUN	argent
;	PUNCT	;
si	ADV	si
la	DET	le
deit	VERB	devoir
l'	DET	le
um	DET	ume
porter	VERB	porter
el	ADP.DET	en.le
senestre	ADJ	senestre
braz	NOUN	braz
.	PUNCT	.
Achates	PROPN	acheter
.	PUNCT	.
-	PUNCT	-
Achates	PROPN	acheter
est	VERB	estre
issi	VERB	issir
apelee	VERB	apeler
pur	ADP	pour
une	DET	un
ewe	NOUN	eau
ki	PRON	qui
curt	NOUN	corir
parmi	NOUN	parmi
Sizilie	VERB	silien
ki	PRON	qui
altresi	ADV	autresi
ad	VERB	avoir
num	DET	nom
.	PUNCT	.
Ele	PRON	il
est	VERB	estre
neire	NOUN	naire
,	PUNCT	,
mes	DET	mais
que	SCONJ	que
ele	PRON	il
ad	VERB	avoir
plusurs	DET	plus
figures	NOUN	figord
:	PUNCT	:
a	ADP	a
la	DET	le
fiede	NOUN	fïer
de	ADP	de
reis	NOUN	roi
,	PUNCT	,
a	ADP	a
la	DET	le
fiede	NOUN	fïer
de	ADP	de
bestes	NOUN	beste
que	SCONJ	que
nature	NOUN	nature
i	ADV	i
ad	VERB	avoir
mises	VERB	metre
.	PUNCT	.
Une	DET	un
altre	ADJ	autre
maniere	NOUN	manière
de	ADP	de
achate	VERB	acheter
trovet	VERB	trouver
hom	NOUN	ome
en	ADP	en
l'	DET	le
isle	NOUN	isle
de	ADP	de
Crete	PROPN	creter
,	PUNCT	,
ki	PRON	qui
resemblet	VERB	resmevoir
coral	NOUN	coral
,	PUNCT	,
ki	PRON	qui
at	VERB	avoir
grains	ADJ	graind
cume	SCONJ	comme
or	NOUN	or
.	PUNCT	.
Iceste	ADJ	cist
est	VERB	estre
bone	ADJ	bon
cuntre	ADP	contre
venim	VERB	venir
.	PUNCT	.
En	ADP	en
Indie	ADJ	indide
rat	VERB	ratre
un'	DET	un
altre	ADJ	autre
maniere	NOUN	manière
de	ADP	de
achate	VERB	acheter
,	PUNCT	,
u	CCONJ	ou
sunt	VERB	être
braunches	NOUN	brachon
de	ADP	de
arbres	NOUN	arbre
et	CCONJ	et
farains	NOUN	faire
entalliez	VERB	entalir
.	PUNCT	.
Iceste	ADJ	cist
tout	DET	tout
seit	VERB	être
et	CCONJ	et
cunfortet	NOUN	conforter
veude	NOUN	vouloir
.	PUNCT	.
Un'	DET	un
aultre	ADJ	autre
maniere	NOUN	manière
est	VERB	estre
une	DET	un
encore	ADV	encore
ki	PRON	qui
ad	VERB	avoir
odur	ADP	oudre
de	ADP	de
mirre	NOUN	mirer
quant	SCONJ	cant
l'	DET	le
om	ADP	ome
le	DET	le
art	NOUN	art
.	PUNCT	.
Un'	DET	un
altre	ADJ	autre
i	ADV	i
ad	VERB	avoir
ki	PRON	qui
at	VERB	avoir
sanguines	ADJ	sanguine
teches	NOUN	teche
.	PUNCT	.
Une	DET	un
altre	ADJ	autre
ki	PRON	qui
at	VERB	avoir
colur	NOUN	collur
de	ADP	de
cire	NOUN	cire
;	PUNCT	;
mais	NOUN	mais
,	PUNCT	,
pur	ADP	pour
ceo	DET	ce
que	SCONJ	que
mult	ADV	moult
en	ADP	en
est	VERB	estre
,	PUNCT	,
si	ADV	si
est	VERB	estre
vile	NOUN	vile
.	PUNCT	.
Achate	PROPN	acheter
defent	VERB	defendre
home	NOUN	ome
;	PUNCT	;
si	ADV	si
li	DET	le
dunet	VERB	donner
force	NOUN	force
,	PUNCT	,
sil	DET	si.le
fait	VERB	faire
de	ADP	de
bone	ADJ	bon
colur	NOUN	collur
,	PUNCT	,
et	CCONJ	et
tel	DET	tel
ki	PRON	qui
dunet	VERB	donner
bon	ADJ	bon
cunseil	NOUN	conseil
e	CCONJ	et
bien	NOUN	bien
en	ADP	en
est	VERB	estre
creut	VERB	croire
.	PUNCT	.
Sapphirus	PROPN	saphoir
.	PUNCT	.
-	PUNCT	-
Saphir	NOUN	saphir
est	VERB	estre
cuvenable	NOUN	covenir
al	ADP.DET	à.le
dei	NOUN	devoir
de	ADP	de
rei	NOUN	roi
;	PUNCT	;
ele	PRON	il
est	VERB	estre
resplendissaunte	NOUN	réplendrement
e	CCONJ	et
semblante	VERB	sembler
al	ADP.DET	à.le
ciel	NOUN	ciel
quant	SCONJ	cant
il	PRON	il
est	VERB	estre
pur	ADP	pour
sanz	ADP	sans
nues	ADJ	nu
;	PUNCT	;
si	ADV	si
n'	ADV	ne
est	VERB	estre
nule	DET	nul
ki	PRON	qui
ait	VERB	avoir
greinur	ADJ	graindre
vertut	NOUN	vertu
ne	ADV	ne
bealtéd	NOUN	betaitle
.	PUNCT	.
Hom	NOUN	ome
le	DET	le
apelet	VERB	appeler
sirtites	NOUN	siretité
,	PUNCT	,
pur	ADP	pour
ceo	DET	ce
que	SCONJ	que
hom	NOUN	ome
la	DET	le
trovet	VERB	trouver
en	ADP	en
la	DET	le
gravele	NOUN	gravele
de	ADP	de
Libie	PROPN	libe
,	PUNCT	,
aprés	ADP	après
les	DET	le
Sirtes	NOUN	sert
.	PUNCT	.
Mais	CCONJ	mais
cele	DET	cel
est	VERB	estre
la	DET	le
mieldre	ADJ	mieuxler
que	SCONJ	que
hom	NOUN	ome
trovet	VERB	trouver
en	ADP	en
la	DET	le
terre	NOUN	terre
as	VERB	a.le
Turcs	PROPN	turc
;	PUNCT	;
icele	DET	icel
ne	ADV	ne
tresluist	DET	tresslot
mie	ADV	mie
.	PUNCT	.
Ele	PRON	il
est	VERB	estre
de	ADP	de
si	ADV	si
grande	ADJ	grand
vertut	NOUN	vertu
que	SCONJ	que
ele	PRON	il
est	VERB	estre
par	ADP	par
dreit	NOUN	dret
apellee	VERB	apeler
gemme	NOUN	meme
de	ADP	de
tutes	DET	tous
gemmes	NOUN	meme
.	PUNCT	.
Ele	PRON	il
cunfortet	NOUN	conforter
le	DET	le
cors	NOUN	cors
e	CCONJ	et
tient	VERB	tenir
les	DET	le
membres	NOUN	membre
entiers	ADJ	entier
,	PUNCT	,
et	CCONJ	et
veint	VERB	veintre
boisdie	NOUN	boisier
e	CCONJ	et
envidie	ADJ	envidien
e	CCONJ	et
tolt	DET	tolir
pour	ADP	pour
.	PUNCT	.
Ele	PRON	il
getet	VERB	jeter
home	NOUN	ome
de	ADP	de
prisun	NOUN	prison
et	CCONJ	et
desliet	VERB	deslit
de	ADP	de
forz	ADJ	fort
liens	NOUN	line
,	PUNCT	,
e	CCONJ	et
ele	PRON	il
est	VERB	estre
bone	ADJ	bon
a	ADP	a
faire	VERB	faire
acorde	NOUN	acorder
,	PUNCT	,
e	CCONJ	et
ele	PRON	il
est	VERB	estre
mieldre	ADJ	mieuxler
a	ADP	a
vedeir	VERB	vaidier
que	SCONJ	que
nule	DET	nul
aultre	ADJ	autre
en	ADP	en
l'	DET	le
ewe	NOUN	eau
les	DET	le
figures	NOUN	figord
ki	PRON	qui
dient	VERB	dire
les	DET	le
choses	NOUN	chose
ki	PRON	qui
ainz	ADV	ainz
ne	ADV	ne
furent	VERB	estre
seues	ADJ	seu
.	PUNCT	.
A	ADP	a
medicine	NOUN	midicande
revalt	VERB	revaloir
,	PUNCT	,
kar	CCONJ	car
ele	PRON	il
refreidet	VERB	refraider
hume	NOUN	homme
ki	PRON	qui
a	ADP	a
trop	ADV	trop
grant	ADJ	grant
chalur	NOUN	chalor
dedenz	ADP	dedenz
et	CCONJ	et
ki	PRON	qui
trop	ADV	trop
suet	VERB	savoir
;	PUNCT	;
e	CCONJ	et
si	ADV	si
hom	NOUN	ome
la	DET	le
triblet	VERB	triblet
od	ADP	o
lait	VERB	lait
,	PUNCT	,
si	ADV	si
est	VERB	estre
bone	ADJ	bon
a	ADP	a
saner	VERB	sanger
malvais	ADJ	mauvais
malauns	ADJ	mauleng
.	PUNCT	.
Ele	PRON	il
est	VERB	estre
bone	ADJ	bon
as	VERB	a.le
oilz	NOUN	oile
et	CCONJ	et
a	ADP	a
dolur	NOUN	douleur
del	ADP.DET	de.le
chief	NOUN	chief
e	CCONJ	et
al	ADP.DET	à.le
mal	NOUN	mal
de	ADP	de
la	DET	le
langue	NOUN	langue
.	PUNCT	.
Mais	CCONJ	mais
ki	PRON	qui
la	DET	le
portet	VERB	porter
deit	VERB	devoir
estre	VERB	estre
mult	ADV	moult
chastes	NOUN	chaste
.	PUNCT	.
Jaspis	PROPN	jast
.	PUNCT	.
-	PUNCT	-
Jaspes	NOUN	jasse
sunt	VERB	être
de	ADP	de
dis	VERB	dire
et	CCONJ	et
set	VERB	savoir
manieres	NOUN	manière
,	PUNCT	,
et	CCONJ	et
ele	PRON	il
est	VERB	estre
de	ADP	de
mutes	NOUN	mot
culurs	NOUN	courlur
,	PUNCT	,
e	CCONJ	et
creist	VERB	croistre
en	ADP	en
multes	NOUN	moult
parties	NOUN	partie
del	ADP.DET	de.le
siecle	NOUN	siècle
.	PUNCT	.
Mais	CCONJ	mais
cele	DET	cel
est	VERB	estre
la	DET	le
mieldre	ADJ	mieuxler
ki	PRON	qui
est	VERB	estre
verte	ADJ	vert
et	CCONJ	et
tresluisaunte	ADJ	tresslouvlor
e	CCONJ	et
cele	DET	cel
ki	PRON	qui
ad	VERB	avoir
mieldres	ADJ	mieux
vertuz	NOUN	vertu
.	PUNCT	.
Ki	PRON	qui
chastement	NOUN	chastement
la	DET	le
ported	NOUN	porter
,	PUNCT	,
ele	PRON	il
defent	VERB	defendre
de	ADP	de
fievre	NOUN	fevoir
et	CCONJ	et
de	ADP	de
ydrope	NOUN	idormer
,	PUNCT	,
et	CCONJ	et
ele	PRON	il
vault	VERB	valoir
a	ADP	a
femme	NOUN	femme
ki	PRON	qui
vait	VERB	aler
de	ADP	de
sun	DET	son
ventre	NOUN	ventre
,	PUNCT	,
et	CCONJ	et
ele	PRON	il
est	VERB	estre
a	ADP	a
hume	NOUN	homme
defensiun	NOUN	defensïon
,	PUNCT	,
et	CCONJ	et
fait	VERB	faire
améd	NOUN	amedre
e	CCONJ	et
puissaunt	ADJ	puissant
,	PUNCT	,
et	CCONJ	et
osted	NOUN	oster
fantosme	NOUN	fantonme
.	PUNCT	.
Sa	DET	son
force	NOUN	force
est	VERB	estre
greinur	ADJ	graindre
en	ADP	en
argent	NOUN	argent
que	SCONJ	que
en	ADP	en
or	NOUN	or
.	PUNCT	.
Smaragdus	PROPN	sargandi
.	PUNCT	.
-	PUNCT	-
Smaragde	NOUN	sagradis
veint	VERB	veintre
tutes	DET	tous
choses	NOUN	chose
de	ADP	de
verdur	NOUN	verdur
.	PUNCT	.
Ele	PRON	il
est	VERB	estre
de	ADP	de
sis	DET	son
manieres	NOUN	manière
,	PUNCT	,
car	CCONJ	car
ele	PRON	il
est	VERB	estre
de	ADP	de
Sithia	VERB	sivit
,	PUNCT	,
et	CCONJ	et
ele	PRON	il
est	VERB	estre
de	ADP	de
Bractenie	PROPN	bretance
,	PUNCT	,
et	CCONJ	et
ele	PRON	il
est	VERB	estre
de	ADP	de
Nil	PRON	nul
ki	PRON	qui
vient	VERB	venir
de	ADP	de
parais	NOUN	pareil
,	PUNCT	,
e	CCONJ	et
une	DET	un
maniere	NOUN	manière
apeled	VERB	apeler
hom	NOUN	ome
calcedonie	VERB	calondesse
.	PUNCT	.
Cele	DET	cel
de	ADP	de
Scithia	PROPN	sigtise
est	VERB	estre
mielz	ADV	mieux
preisiede	NOUN	preisier
,	PUNCT	,
que	SCONJ	que
unes	DET	un
genz	NOUN	gent
ki	PRON	qui
unt	VERB	avoir
num	DET	nom
Arismaspi	PROPN	arismet
tolent	VERB	tolir
a	ADP	a
griffuns	ADJ	grif
.	PUNCT	.
Cele	DET	cel
est	VERB	estre
la	DET	le
mieldre	ADJ	mieuxler
,	PUNCT	,
ki	PRON	qui
est	VERB	estre
si	ADV	si
clere	ADJ	clair
que	SCONJ	que
hom	NOUN	ome
pot	VERB	pöoir
vedeir	VERB	vaidier
parmi	NOUN	parmi
,	PUNCT	,
ki	PRON	qui
taint	VERB	teindre
le	DET	le
air	NOUN	air
ki	PRON	qui
li	DET	le
est	VERB	estre
prof	NOUN	prof
.	PUNCT	.
Ele	PRON	il
ne	ADV	ne
muet	VERB	movoir
sa	DET	son
bealtéd	NOUN	betaitle
ne	ADV	ne
pur	ADP	pour
soleil	NOUN	soleil
ne	ADV	ne
pur	ADP	pour
lumiere	NOUN	luminer
la	DET	le
nuit	NOUN	nuit
ne	ADV	ne
pur	ADP	pour
umbre	NOUN	ombre
.	PUNCT	.
Cele	DET	cel
ki	PRON	qui
est	VERB	estre
plainne	ADJ	plein
est	VERB	estre
bone	ADJ	bon
a	ADP	a
mirer	NOUN	mirer
sei	PRON	soi
enz	ADV	ens
,	PUNCT	,
ke	SCONJ	que
Neron	PROPN	nerïon
soleit	VERB	soloir
aveir	NOUN	avoir
un	DET	un
esmireur	NOUN	esmirier
quant	SCONJ	cant
il	PRON	il
esgardout	VERB	esgarder
ses	DET	son
deduiz	NOUN	deduit
.	PUNCT	.
Iceste	ADJ	cist
pierre	NOUN	piere
est	VERB	estre
a	ADP	a
enquerre	VERB	enquerre
choses	NOUN	chose
par	ADP	par
ewe	NOUN	eau
.	PUNCT	.
Ele	PRON	il
acreist	VERB	acrestier
richeise	NOUN	richef
a	ADP	a
celui	DET	cel
ki	PRON	qui
chastement	NOUN	chastement
la	DET	le
ported	NOUN	porter
,	PUNCT	,
et	CCONJ	et
ele	PRON	il
fait	VERB	faire
a	ADP	a
hume	NOUN	homme
parler	VERB	parler
et	CCONJ	et
acceptable	NOUN	accepter
.	PUNCT	.
Se	SCONJ	se
hom	NOUN	ome
la	DET	le
ported	NOUN	porter
al	ADP.DET	à.le
col	NOUN	col
pendue	VERB	pendeur
,	PUNCT	,
sil	DET	si.le
garrat	VERB	garart
de	ADP	de
une	DET	un
malvaise	ADJ	mauvais
fievre	NOUN	fevoir
ki	PRON	qui
ad	VERB	avoir
nun	NOUN	non
emitretus	NOUN	entreu
,	PUNCT	,
et	CCONJ	et
ele	PRON	il
valt	VERB	valoir
encontre	ADP	encontre
gute	NOUN	guet
chaive	NOUN	cheval
,	PUNCT	,
et	CCONJ	et
ele	PRON	il
amended	VERB	amender
les	DET	le
oilz	NOUN	oile
a	ADP	a
celui	DET	cel
ki	PRON	qui
l'	DET	le
esguarded	VERB	esgarder
,	PUNCT	,
e	CCONJ	et
ele	PRON	il
osted	NOUN	oster
tempeste	NOUN	tempeste
et	CCONJ	et
luxurie	NOUN	lureult
,	PUNCT	,
et	CCONJ	et
ele	PRON	il
devient	VERB	devenir
plus	ADV	plus
encre	NOUN	encre
verte	ADJ	vert
,	PUNCT	,
si	ADV	si
hom	NOUN	ome
la	DET	le
levet	VERB	lever
en	ADP	en
vin	NOUN	vin
et	CCONJ	et
puis	NOUN	puis
est	VERB	estre
uincte	NOUN	huiten
de	ADP	de
olie	NOUN	olire
vert	ADJ	vert
.	PUNCT	.
Sardonyx	PROPN	saroble
.	PUNCT	.
-	PUNCT	-
Sardoine	PROPN	sarodise
est	VERB	estre
de	ADP	de
dous	DET	doux
pieres	NOUN	piere
:	PUNCT	:
de	ADP	de
sardine	ADJ	sardine
et	CCONJ	et
de	ADP	de
onicle	NOUN	oncile
.	PUNCT	.
Ele	PRON	il
ad	VERB	avoir
de	ADP	de
cez	DET	ce
dous	DET	doux
pieres	NOUN	piere
treis	DET	traire
colurs	NOUN	collur
,	PUNCT	,
ker	CCONJ	car
le	DET	le
blaunc	ADJ	blanc
i	ADV	i
est	VERB	estre
sur	ADP	sur
le	DET	le
neir	NOUN	neignir
et	CCONJ	et
le	DET	le
ruge	NOUN	ruge
sur	ADP	sur
le	DET	le
blaunc	ADJ	blanc
.	PUNCT	.
Ceste	DET	cest
est	VERB	estre
de	ADP	de
cinc	DET	cinc
manieres	NOUN	manière
,	PUNCT	,
mais	NOUN	mais
cele	DET	cel
ki	PRON	qui
les	DET	le
treis	DET	traire
culurs	NOUN	courlur
ad	VERB	avoir
bien	NOUN	bien
devisees	VERB	deviser
e	CCONJ	et
nient	ADV	néant
entremellees	VERB	entremelles
,	PUNCT	,
cele	DET	cel
est	VERB	estre
la	DET	le
mielz	ADV	mieux
preisede	ADJ	prendre
,	PUNCT	,
e	CCONJ	et
nule	DET	nul
cire	NOUN	cire
n'	ADV	ne
i	ADV	i
aert	VERB	avoir
.	PUNCT	.
Ele	PRON	il
cuvient	VERB	covrir
a	ADP	a
umble	NOUN	umble
hume	NOUN	homme
et	CCONJ	et
a	ADP	a
chaste	NOUN	chaste
.	PUNCT	.
Altres	DET	autre
vertuz	NOUN	vertu
ne	ADV	ne
trovai	VERB	trover
de	ADP	de
li	DET	le
escrites	NOUN	écriter
.	PUNCT	.
De	ADP	de
Arabie	PROPN	arabi
vient	VERB	venir
et	CCONJ	et
de	ADP	de
Indie	ADJ	indide
.	PUNCT	.
Chrysolithus	PROPN	chrïoissaus
.	PUNCT	.
-	PUNCT	-
Grisolite	PROPN	grisier
est	VERB	estre
semblante	VERB	sembler
a	ADP	a
ewe	NOUN	eau
de	ADP	de
mer	NOUN	mer
;	PUNCT	;
si	ADV	si
ad	VERB	avoir
dedenz	ADP	dedenz
cume	SCONJ	comme
un	DET	un
grein	ADJ	grin
de	ADP	de
or	NOUN	or
et	CCONJ	et
estencele	NOUN	estencele
cume	SCONJ	comme
fu	VERB	estre
.	PUNCT	.
Ele	PRON	il
est	VERB	estre
mult	ADV	moult
bone	ADJ	bon
a	ADP	a
porter	VERB	porter
sur	ADP	sur
sei	PRON	soi
contre	ADP	contre
naturals	NOUN	nature
pours	ADP	pour
;	PUNCT	;
ki	PRON	qui
l'	DET	le
ad	VERB	avoir
perciede	NOUN	perdre
,	PUNCT	,
et	CCONJ	et
dunches	NOUN	donc
met	VERB	metre
parmi	NOUN	parmi
le	DET	le
pertus	NOUN	pertu
seie	NOUN	être
de	ADP	de
asne	NOUN	asne
,	PUNCT	,
si	ADV	si
em	ADP	en
pot	VERB	pöoir
l'	DET	le
um	DET	ume
dechacier	VERB	dechacier
les	DET	le
diables	NOUN	dïable
.	PUNCT	.
Al	ADP.DET	à.le
senestre	ADJ	senestre
braz	NOUN	braz
deit	VERB	devoir
estre	VERB	estre
pendue	VERB	pendeur
.	PUNCT	.
Ele	PRON	il
vient	VERB	venir
de	ADP	de
Ethiope	NOUN	ethiep
.	PUNCT	.
Beryllus	NOUN	breuillos
.	PUNCT	.
-	PUNCT	-
Beril	NOUN	bersil
est	VERB	estre
furmee	NOUN	furement
si	ADV	si
que	SCONJ	que
ele	PRON	il
ad	VERB	avoir
sis	DET	son
aungles	NOUN	angle
pur	ADP	pour
aveir	NOUN	avoir
greingnur	ADJ	grandigue
clartét	NOUN	carté
.	PUNCT	.
La	DET	le
bone	ADJ	bon
ad	VERB	avoir
culur	NOUN	coulor
de	ADP	de
olie	NOUN	olire
et	CCONJ	et
de	ADP	de
ewe	NOUN	eau
de	ADP	de
mer	NOUN	mer
.	PUNCT	.
Ele	PRON	il
nus	DET	nul
vient	VERB	venir
de	ADP	de
Inde	ADJ	denier
.	PUNCT	.
Iceste	ADJ	cist
portet	VERB	porter
amur	NOUN	amur
entre	ADP	entre
hume	NOUN	homme
et	CCONJ	et
femme	NOUN	femme
et	CCONJ	et
fait	VERB	faire
honur	NOUN	honneur
a	ADP	a
celui	DET	cel
ki	PRON	qui
la	DET	le
ported	NOUN	porter
;	PUNCT	;
et	CCONJ	et
ele	PRON	il
art	NOUN	art
la	DET	le
main	NOUN	main
a	ADP	a
celui	DET	cel
ki	PRON	qui
le	DET	le
estreint	VERB	estreindre
.	PUNCT	.
Le	DET	le
ewe	NOUN	eau
u	CCONJ	ou
ele	PRON	il
ad	VERB	avoir
geut	NOUN	guet
valt	VERB	valoir
as	VERB	a.le
oilz	NOUN	oile
malades	ADJ	malade
,	PUNCT	,
et	CCONJ	et
si	ADV	si
hom	NOUN	ome
la	DET	le
beit	VERB	beil
,	PUNCT	,
ele	PRON	il
tout	DET	tout
rutes	NOUN	rote
et	CCONJ	et
suspirs	NOUN	suspir
,	PUNCT	,
et	CCONJ	et
ele	PRON	il
vault	VERB	valoir
a	ADP	a
tutes	DET	tous
les	DET	le
dulurs	ADJ	douleur
ki	PRON	qui
avienent	VERB	avenir
al	ADP.DET	à.le
feie	NOUN	faire
.	PUNCT	.
De	ADP	de
ceste	DET	cest
sunt	VERB	être
nof	NOUN	nofre
manieres	NOUN	manière
.	PUNCT	.
Topazium	PROPN	topelon
.	PUNCT	.
-	PUNCT	-
Topace	PROPN	tophate
vient	VERB	venir
de	ADP	de
un'	DET	un
hille	NOUN	il
ki	PRON	qui
altresi	ADV	autresi
est	VERB	estre
apelee	VERB	apeler
.	PUNCT	.
Ele	PRON	il
est	VERB	estre
pur	ADP	pour
ceo	DET	ce
plus	ADV	plus
chiere	NOUN	chier
que	SCONJ	que
hom	NOUN	ome
poi	NOUN	pöoir
en	ADP	en
trovet	VERB	trouver
.	PUNCT	.
Ele	PRON	il
est	VERB	estre
de	ADP	de
dous	DET	doux
manieres	NOUN	manière
:	PUNCT	:
la	DET	le
une	DET	un
ad	VERB	avoir
colur	NOUN	collur
de	ADP	de
mier	ADJ	mier
or	NOUN	or
,	PUNCT	,
e	CCONJ	et
la	DET	le
altre	ADJ	autre
est	VERB	estre
un	DET	un
poi	NOUN	pöoir
plus	ADV	plus
clere	ADJ	clair
.	PUNCT	.
Ele	PRON	il
valt	VERB	valoir
al	ADP.DET	à.le
fi	VERB	fi
,	PUNCT	,
et	CCONJ	et
ceo	DET	ce
dient	VERB	dire
que	SCONJ	que
ele	PRON	il
sent	VERB	sentir
la	DET	le
lune	NOUN	lune
.	PUNCT	.
Elle	PRON	elle
fait	VERB	faire
la	DET	le
buillante	NOUN	biaullir
ewe	NOUN	eau
cesser	VERB	cesser
de	ADP	de
buillir	VERB	biaudil
.	PUNCT	.
Ele	PRON	il
vient	VERB	venir
de	ADP	de
Arabie	PROPN	arabi
.	PUNCT	.
Hyacinthus	ADJ	hicitance
.	PUNCT	.
-	PUNCT	-
Jagunces	PROPN	jagnque
sunt	VERB	être
de	ADP	de
treis	DET	traire
manieres	NOUN	manière
:	PUNCT	:
granates	ADJ	grant
et	CCONJ	et
citrines	ADJ	cirdien
et	CCONJ	et
ewages	NOUN	esgare
.	PUNCT	.
Tutes	DET	tous
cunfortent	VERB	conforter
et	CCONJ	et
tolent	VERB	tolir
tristur	NOUN	tristus
et	CCONJ	et
vaines	NOUN	vain
suspeciuns	NOUN	suspicion
.	PUNCT	.
Chescuns	DET	chessun
sages	ADJ	sage
periers	NOUN	perir
priset	VERB	prendre
plus	ADV	plus
les	DET	le
granates	ADJ	grant
.	PUNCT	.
Eles	PRON	il
hunt	VERB	hont
la	DET	le
plus	ADV	plus
bele	ADJ	bel
culur	NOUN	coulor
et	CCONJ	et
meins	NOUN	moins
en	ADP	en
trovet	VERB	trouver
hom	NOUN	ome
.	PUNCT	.
Le	DET	le
ewage	NOUN	egage
est	VERB	estre
clere	ADJ	clair
al	ADP.DET	à.le
serei	NOUN	estre
e	CCONJ	et
obscure	NOUN	obscure
al	ADP.DET	à.le
nuble	ADJ	nuble
tens	NOUN	tens
.	PUNCT	.
Mais	CCONJ	mais
cele	DET	cel
ewage	NOUN	egage
est	VERB	estre
meldre	ADJ	metre
ke	SCONJ	que
nul	DET	nul
dure	ADJ	dur
,	PUNCT	,
ne	ADV	ne
trop	ADV	trop
obscure	NOUN	obscure
ne	ADV	ne
trop	ADV	trop
clere	ADJ	clair
n'	ADV	ne
est	VERB	estre
,	PUNCT	,
mais	NOUN	mais
de	ADP	de
tempree	VERB	temprer
culur	NOUN	coulor
et	CCONJ	et
purpre	NOUN	pourpre
.	PUNCT	.
Ele	PRON	il
refreided	VERB	refraidde
quant	SCONJ	cant
hom	NOUN	ome
la	DET	le
met	VERB	metre
en	ADP	en
la	DET	le
buche	NOUN	bouche
.	PUNCT	.
Pur	ADP	pour
duresce	NOUN	durece
ne	ADV	ne
pot	VERB	pöoir
estre	VERB	estre
entallee	VERB	entalele
,	PUNCT	,
se	PRON	se
n'	ADV	ne
est	VERB	estre
od	ADP	o
la	DET	le
piece	NOUN	piece
de	ADP	de
l'	DET	le
adamas	NOUN	adamme
depeciét	VERB	depecier
.	PUNCT	.
La	DET	le
citrine	ADJ	cirdien
jagunce	NOUN	jagneu
est	VERB	estre
pale	NOUN	pale
,	PUNCT	,
et	CCONJ	et
pur	ADP	pour
ceo	DET	ce
est	VERB	estre
plus	ADV	plus
vile	NOUN	vile
.	PUNCT	.
Mais	CCONJ	mais
laquele	DET	lequel
jagunce	NOUN	jagneu
que	SCONJ	que
hom	NOUN	ome
portet	VERB	porter
u	CCONJ	ou
en	ADP	en
deit	VERB	devoir
u	CCONJ	ou
al	ADP.DET	à.le
col	NOUN	col
pendue	VERB	pendeur
,	PUNCT	,
seurement	NOUN	sûrement
puet	VERB	pöoir
aler	VERB	aler
en	ADP	en
altre	ADJ	autre
terre	NOUN	terre
senz	ADP	sans
pour	ADP	pour
de	ADP	de
engrutement	NOUN	engretent
,	PUNCT	,
et	CCONJ	et
a	ADP	a
ses	DET	son
ostels	NOUN	ostel
serrat	VERB	serrer
.	PUNCT	.
.	PUNCT	.
.	PUNCT	.
et	CCONJ	et
de	ADP	de
ceo	DET	ce
que	SCONJ	que
il	PRON	il
resnablement	NOUN	raisnambrement
querrat	VERB	querre
ne	ADV	ne
averat	VERB	avert
escondit	VERB	escondire
.	PUNCT	.
Iceste	ADJ	cist
gemme	NOUN	meme
vient	VERB	venir
de	ADP	de
Ethiopie	VERB	ethiepse
.	PUNCT	.
Amethystus	NOUN	amétisme
.	PUNCT	.
-	PUNCT	-
Ametiste	NOUN	ametre
ad	VERB	avoir
purprin	NOUN	provoir
culur	NOUN	coulor
et	CCONJ	et
cume	SCONJ	comme
viole	NOUN	voloir
u	CCONJ	ou
altretele	NOUN	autrepé
cume	SCONJ	comme
gutte	NOUN	guette
de	ADP	de
vin	NOUN	vin
u	CCONJ	ou
cume	SCONJ	comme
rose	NOUN	rose
munde	NOUN	munde
.	PUNCT	.
Tele	DET	tel
i	ADV	i
ad	VERB	avoir
ki	PRON	qui
turnet	VERB	torner
alques	ADV	auques
a	ADP	a
blaunchur	NOUN	blancun
;	PUNCT	;
altre	ADJ	autre
cume	SCONJ	comme
ruge	NOUN	ruge
vin	NOUN	vin
meslét	VERB	mesler
od	ADP	o
ewe	NOUN	eau
.	PUNCT	.
De	ADP	de
Inde	ADJ	denier
nus	DET	nul
vient	VERB	venir
;	PUNCT	;
legiere	ADJ	legier
est	VERB	estre
a	ADP	a
entallier	VERB	entalir
e	CCONJ	et
cuntrarie	NOUN	contraire
est	VERB	estre
a	ADP	a
eniverer	VERB	envirer
.	PUNCT	.
Chere	NOUN	cher
sereit	NOUN	être
par	ADP	par
dreit	NOUN	dret
,	PUNCT	,
se	PRON	se
tant	ADV	tant
n'	ADV	ne
en	ADP	en
fust	VERB	estre
,	PUNCT	,
mais	NOUN	mais
ore	NOUN	ore
est	VERB	estre
vile	NOUN	vile
,	PUNCT	,
quant	SCONJ	cant
taunt	ADV	tantou
en	ADP	en
est	VERB	estre
.	PUNCT	.
Ele	PRON	il
est	VERB	estre
de	ADP	de
cinc	DET	cinc
manieres	NOUN	manière
.	PUNCT	.
Alectorias	PROPN	aletordie
.	PUNCT	.
-	PUNCT	-
Allectorie	PROPN	alerte-coi
creist	VERB	croistre
el	ADP.DET	en.le
ventre	NOUN	ventre
al	ADP.DET	à.le
chapun	ADJ	champur
,	PUNCT	,
puis	NOUN	puis
que	SCONJ	que
il	PRON	il
ad	VERB	avoir
estéd	VERB	estre
treis	DET	traire
aunz	PRON	aune
,	PUNCT	,
e	CCONJ	et
creist	VERB	croistre
tuz	DET	tous
jurz	NOUN	jour
taunt	ADV	tantou
que	SCONJ	que
il	PRON	il
ait	VERB	avoir
set	VERB	savoir
aunz	PRON	aune
,	PUNCT	,
mes	DET	mais
ele	PRON	il
ne	ADV	ne
creist	VERB	croistre
greindre	ADJ	graindre
de	ADP	de
une	DET	un
feve	NOUN	fee
.	PUNCT	.
Ele	PRON	il
est	VERB	estre
clere	ADJ	clair
cume	SCONJ	comme
cristal	NOUN	crilat
u	CCONJ	ou
cume	SCONJ	comme
ewe	NOUN	eau
,	PUNCT	,
e	CCONJ	et
ele	PRON	il
dunet	VERB	donner
ad	VERB	avoir
hume	NOUN	homme
victorie	NOUN	victorte
,	PUNCT	,
ki	PRON	qui
la	DET	le
ported	NOUN	porter
;	PUNCT	;
e	CCONJ	et
si	ADV	si
hume	NOUN	homme
ki	PRON	qui
ad	VERB	avoir
grant	ADJ	grant
seit	VERB	être
la	DET	le
met	VERB	metre
en	ADP	en
sa	DET	son
buche	NOUN	bouche
,	PUNCT	,
ele	PRON	il
li	DET	le
esteint	VERB	esteindre
la	DET	le
seit	VERB	être
.	PUNCT	.
Plusurs	NOUN	plus
reis	NOUN	roi
unt	VERB	avoir
vencues	NOUN	vengelon
lur	DET	leur
batalles	NOUN	batalle
par	ADP	par
la	DET	le
allectorie	NOUN	allérité
.	PUNCT	.
Ele	PRON	il
rameinet	VERB	ramener
bien	NOUN	bien
les	DET	le
dechaciez	VERB	dechacier
e	CCONJ	et
cunquert	VERB	conquerre
a	ADP	a
hume	NOUN	homme
bons	ADJ	bon
amis	NOUN	ami
,	PUNCT	,
et	CCONJ	et
fet	VERB	faire
hume	NOUN	homme
bien	NOUN	bien
parlaunt	VERB	parler
et	CCONJ	et
amét	NOUN	ametre
,	PUNCT	,
et	CCONJ	et
ele	PRON	il
valt	VERB	valoir
mult	ADV	moult
a	ADP	a
haunt	ADJ	haut
de	ADP	de
femme	NOUN	femme
duner	VERB	donner
,	PUNCT	,
et	CCONJ	et
bone	ADJ	bon
est	VERB	estre
a	ADP	a
aveir	NOUN	avoir
a	ADP	a
femme	NOUN	femme
ki	PRON	qui
vult	DET	voloir
estre	VERB	estre
amee	NOUN	amer
de	ADP	de
sun	DET	son
barun	NOUN	baron
.	PUNCT	.
Ki	PRON	qui
vult	DET	voloir
que	SCONJ	que
ele	PRON	il
ait	VERB	avoir
ceste	DET	cest
vertud	NOUN	vertu
,	PUNCT	,
si	ADV	si
la	DET	le
portet	VERB	porter
en	ADP	en
sa	DET	son
buche	NOUN	bouche
.	PUNCT	.
Hieracitis	ADJ	héritacie
.	PUNCT	.
-	PUNCT	-
Geratite	PROPN	garitait
est	VERB	estre
neire	NOUN	naire
;	PUNCT	;
si	ADV	si
est	VERB	estre
de	ADP	de
tele	DET	tel
nature	NOUN	nature
que	SCONJ	que
si	ADV	si
hom	NOUN	ome
leved	VERB	lever
sa	DET	son
buche	NOUN	bouche
et	CCONJ	et
met	VERB	metre
la	DET	le
desuz	ADP	dessous
sa	DET	son
lange	NOUN	lange
,	PUNCT	,
en	ADP	en
eire	NOUN	aire
puet	VERB	pöoir
dire	VERB	dire
que	SCONJ	que
uns	DET	un
altres	PRON	autre
hom	NOUN	ome
penset	ADJ	penser
de	ADP	de
lui	PRON	lui
,	PUNCT	,
et	CCONJ	et
femme	NOUN	femme
ne	ADV	ne
li	DET	le
purrat	VERB	pouvoir
veer	VERB	vëer
nule	DET	nul
rien	NOUN	rien
que	SCONJ	que
il	PRON	il
li	DET	le
querget	NOUN	querre
de	ADP	de
sa	DET	son
volenté	NOUN	volenté
fere	VERB	faire
.	PUNCT	.
Iceste	ADJ	cist
piere	NOUN	piere
pot	VERB	pöoir
hom	NOUN	ome
issi	VERB	issir
pruver	VERB	pruver
:	PUNCT	:
unget	NOUN	ungier
un	DET	un
hume	NOUN	homme
de	ADP	de
miel	NOUN	miel
et	CCONJ	et
de	ADP	de
lait	VERB	lait
,	PUNCT	,
sil	DET	si.le
metet	VERB	metre
hors	ADV	hors
al	ADP.DET	à.le
soleil	NOUN	soleil
,	PUNCT	,
la	DET	le
u	CCONJ	ou
mult	ADV	moult
ait	VERB	avoir
musches	NOUN	musc
;	PUNCT	;
si	ADV	si
ait	VERB	avoir
la	DET	le
piere	NOUN	piere
en	ADP	en
sa	DET	son
buche	NOUN	bouche
:	PUNCT	:
ja	ADV	ja
nule	DET	nul
des	ADP.DET	de.le
musches	NOUN	musc
ne	ADV	ne
l'	DET	le
attucherat	VERB	attecrendre
;	PUNCT	;
et	CCONJ	et
si	ADV	si
hom	NOUN	ome
le	DET	le
ostet	VERB	oster
,	PUNCT	,
sil	DET	si.le
puinderunt	VERB	poindre
.	PUNCT	.
Chelidonius	PROPN	chelinon
.	PUNCT	.
-	PUNCT	-
Celidoine	PROPN	celinain
est	VERB	estre
une	DET	un
piere	NOUN	piere
que	SCONJ	que
hom	NOUN	ome
trovet	VERB	trouver
el	ADP.DET	en.le
ventre	NOUN	ventre
a	ADP	a
l'	DET	le
arunde	NOUN	rauden
;	PUNCT	;
ele	PRON	il
n'	ADV	ne
est	VERB	estre
mie	ADV	mie
mult	ADV	moult
bele	ADJ	bel
,	PUNCT	,
et	CCONJ	et
nequedent	ADV	nequedent
veint	VERB	veintre
ele	PRON	il
les	DET	le
beles	ADJ	bel
de	ADP	de
utilitét	DET	utaitlier
.	PUNCT	.
Ele	PRON	il
est	VERB	estre
de	ADP	de
dous	DET	doux
manieres	NOUN	manière
et	CCONJ	et
de	ADP	de
dous	DET	doux
culurs	NOUN	courlur
:	PUNCT	:
ele	PRON	il
est	VERB	estre
neire	NOUN	naire
et	CCONJ	et
ruge	NOUN	ruge
.	PUNCT	.
La	DET	le
ruge	NOUN	ruge
est	VERB	estre
bone	ADJ	bon
encuntre	ADP	encontre
passiun	NOUN	passer
ki	PRON	qui
prent	VERB	prendre
hume	NOUN	homme
par	ADP	par
luneisuns	NOUN	loninque-lin
,	PUNCT	,
dunt	PRON	dont
il	PRON	il
chiét	NOUN	chëoir
et	CCONJ	et
dunt	PRON	dont
il	PRON	il
afolet	NOUN	afoler
,	PUNCT	,
et	CCONJ	et
ele	PRON	il
sanet	VERB	sente
les	DET	le
forsenez	ADJ	forsener
et	CCONJ	et
les	DET	le
langurus	NOUN	langue
,	PUNCT	,
et	CCONJ	et
celui	DET	cel
ki	PRON	qui
la	DET	le
portet	VERB	porter
fait	VERB	faire
ele	PRON	il
bien	NOUN	bien
parlant	VERB	parler
et	CCONJ	et
bien	NOUN	bien
amét	NOUN	ametre
.	PUNCT	.
Hom	NOUN	ome
la	DET	le
deit	VERB	devoir
porter	VERB	porter
liede	NOUN	liede
en	ADP	en
linge	NOUN	ligne
drap	NOUN	drap
pendue	VERB	pendeur
al	ADP.DET	à.le
senestre	ADJ	senestre
mahustre	NOUN	maushettre
.	PUNCT	.
Mais	CCONJ	mais
la	DET	le
neire	NOUN	naire
,	PUNCT	,
si	ADV	si
hom	NOUN	ome
la	DET	le
portet	VERB	porter
en	ADP	en
meesme	ADJ	même
la	DET	le
maniere	NOUN	manière
,	PUNCT	,
aiet	VERB	avoir
a	ADP	a
home	NOUN	ome
a	ADP	a
parfaire	NOUN	parfait
granz	ADJ	grant
choses	NOUN	chose
,	PUNCT	,
si	ADV	si
il	PRON	il
les	DET	le
cumencet	VERB	commencer
;	PUNCT	;
si	ADV	si
li	DET	le
est	VERB	estre
aie	VERB	avoir
cuntre	ADP	contre
manaces	NOUN	manceler
e	CCONJ	et
ires	NOUN	aler
de	ADP	de
reis	NOUN	roi
et	CCONJ	et
de	ADP	de
princes	NOUN	prince
.	PUNCT	.
Le	DET	le
ewe	NOUN	eau
u	CCONJ	ou
ele	PRON	il
est	VERB	estre
lavee	VERB	laver
valt	VERB	valoir
os	DET	oser
oilz	NOUN	oile
malades	ADJ	malade
.	PUNCT	.
Icele	NOUN	icel
meesme	ADJ	même
,	PUNCT	,
liede	NOUN	liede
en	ADP	en
linge	NOUN	ligne
drap	NOUN	drap
teint	VERB	tenir
en	ADP	en
safran	ADJ	savoir
,	PUNCT	,
toult	DET	tout
bien	NOUN	bien
la	DET	le
fievre	NOUN	fevoir
,	PUNCT	,
restreint	VERB	restreindre
bien	NOUN	bien
humurs	NOUN	mur
ki	PRON	qui
nuisent	VERB	nuire
al	ADP.DET	à.le
cors	NOUN	cors
.	PUNCT	.
Gagates	PROPN	gager
.	PUNCT	.
-	PUNCT	-
Gaiét	PROPN	gaitier
naist	NOUN	naistre
en	ADP	en
une	DET	un
cuntree	VERB	contree
ki	PRON	qui
ad	VERB	avoir
num	DET	nom
Litia	PROPN	lit
;	PUNCT	;
si	ADV	si
est	VERB	estre
bien	NOUN	bien
prof	NOUN	prof
gemme	NOUN	meme
.	PUNCT	.
Mais	CCONJ	mais
la	DET	le
meillur	ADJ	meillor
del	ADP.DET	de.le
siecle	NOUN	siècle
est	VERB	estre
en	ADP	en
Bretaigne	PROPN	bretagne
majur	NOUN	majour
,	PUNCT	,
ki	PRON	qui
ore	NOUN	ore
est	VERB	estre
Engleterre	PROPN	angleterre
.	PUNCT	.
Luisante	PROPN	luisir
est	VERB	estre
et	CCONJ	et
neire	NOUN	naire
et	CCONJ	et
legiere	ADJ	legier
et	CCONJ	et
plaigne	NOUN	plaindre
.	PUNCT	.
Quant	SCONJ	cant
ele	PRON	il
est	VERB	estre
eschaufee	VERB	échaufer
par	ADP	par
freier	VERB	freire
,	PUNCT	,
si	ADV	si
atrait	NOUN	atraire
la	DET	le
paille	NOUN	paille
ki	PRON	qui
prof	NOUN	prof
li	DET	le
est	VERB	estre
.	PUNCT	.
Ele	PRON	il
art	NOUN	art
en	ADP	en
ewe	NOUN	eau
et	CCONJ	et
ele	PRON	il
esteint	VERB	esteindre
en	ADP	en
olie	NOUN	olire
.	PUNCT	.
Ele	PRON	il
est	VERB	estre
bone	ADJ	bon
a	ADP	a
porter	VERB	porter
a	ADP	a
cellui	DET	cil
ki	PRON	qui
ad	VERB	avoir
enfleure	NOUN	enfelre
entre	ADP	entre
quir	NOUN	querre
et	CCONJ	et
char	NOUN	char
cume	SCONJ	comme
hom	NOUN	ome
enfundud	VERB	en.ledneu
.	PUNCT	.
La	DET	le
pudre	NOUN	purder
del	ADP.DET	de.le
jaiét	NOUN	jaiter
lavee	VERB	laver
en	ADP	en
ewe	NOUN	eau
cunfermet	NOUN	confermer
les	DET	le
denz	ADP	dent
ki	PRON	qui
crollent	ADJ	croler
.	PUNCT	.
Par	ADP	par
le	DET	le
estuve	VERB	estuve
desuz	ADP	dessous
rent	VERB	rendre
a	ADP	a
femme	NOUN	femme
ses	DET	son
natures	NOUN	nature
.	PUNCT	.
Quant	SCONJ	cant
hom	NOUN	ome
le	DET	le
art	NOUN	art
,	PUNCT	,
se	PRON	se
hom	NOUN	ome
ki	PRON	qui
ait	VERB	avoir
gutte	NOUN	guette
chaive	NOUN	cheval
sent	VERB	sentir
le	DET	le
odur	ADP	oudre
,	PUNCT	,
en	ADP	en
eire	NOUN	aire
chiét	NOUN	chëoir
.	PUNCT	.
Le	DET	le
odur	ADP	oudre
del	ADP.DET	de.le
jaiét	NOUN	jaiter
ars	NOUN	arc
dechacet	NOUN	déchacier
serpenz	NOUN	serpent
e	CCONJ	et
mult	ADV	moult
est	VERB	estre
cuntrarius	ADJ	contraire
as	VERB	a.le
diables	NOUN	dïable
.	PUNCT	.
Mult	ADV	moult
aiet	VERB	avoir
a	ADP	a
icels	DET	cil
ki	PRON	qui
unt	VERB	avoir
les	DET	le
ventres	NOUN	ventre
turnez	VERB	torner
et	CCONJ	et
a	ADP	a
icels	DET	cil
ki	PRON	qui
les	DET	le
corneilles	NOUN	corneille
tendent	VERB	tendre
.	PUNCT	.
Ele	PRON	il
desfeit	NOUN	desfïer
sorceries	NOUN	sorcicer
et	CCONJ	et
charmes	NOUN	charme
,	PUNCT	,
et	CCONJ	et
,	PUNCT	,
si	ADV	si
cume	SCONJ	comme
hom	NOUN	ome
dit	VERB	dire
,	PUNCT	,
esprovet	VERB	esprover
virginitét	NOUN	virité
.	PUNCT	.
Si	ADV	si
femme	NOUN	femme
ki	PRON	qui
vait	VERB	aler
de	ADP	de
sun	DET	son
ventre	NOUN	ventre
beit	VERB	beil
le	DET	le
ewe	NOUN	eau
u	CCONJ	ou
ele	PRON	il
ait	VERB	avoir
geut	NOUN	guet
enz	ADV	ens
treis	DET	traire
jorz	NOUN	jor
et	CCONJ	et
treis	DET	traire
nuiz	NOUN	nuit
,	PUNCT	,
en	ADP	en
eire	NOUN	aire
garist	VERB	garir
.	PUNCT	.
Magnes	ADJ	magne
.	PUNCT	.
-	PUNCT	-
Magnete	ADJ	manger
est	VERB	estre
une	DET	un
piere	NOUN	piere
ki	PRON	qui
fut	VERB	être
trovee	VERB	trover
entre	ADP	entre
une	DET	un
gent	NOUN	gent
ki	PRON	qui
unt	VERB	avoir
num	DET	nom
Tragodite	PROPN	tragdedit
,	PUNCT	,
e	CCONJ	et
en	ADP	en
Indie	ADJ	indide
en	ADP	en
truvet	VERB	trover
l'	DET	le
um	DET	ume
.	PUNCT	.
Ele	PRON	il
ad	VERB	avoir
culur	NOUN	coulor
de	ADP	de
fer	NOUN	fer
et	CCONJ	et
trait	VERB	traire
le	DET	le
fer	NOUN	fer
.	PUNCT	.
Dendor	ADP	dendore
le	DET	le
enchanteur	NOUN	enchanter
le	DET	le
usat	VERB	user
mult	ADV	moult
,	PUNCT	,
pur	ADP	pour
ceo	DET	ce
que	SCONJ	que
il	PRON	il
saveit	VERB	savoir
que	SCONJ	que
ele	PRON	il
valeit	NOUN	valoir
mult	ADV	moult
a	ADP	a
enchantement	NOUN	enchantement
,	PUNCT	,
et	CCONJ	et
en	ADP	en
aprof	NOUN	aproper
la	DET	le
usat	VERB	user
Cyrcé	PROPN	cirece
la	DET	le
merveilluse	ADJ	merveillos
sorciere	NOUN	sorcicier
,	PUNCT	,
e	CCONJ	et
entre	ADP	entre
les	DET	le
Turcs	PROPN	turc
fut	VERB	être
cest	DET	cest
esperment	NOUN	espremer
fait	VERB	faire
de	ADP	de
li	DET	le
,	PUNCT	,
e	CCONJ	et
bien	NOUN	bien
est	VERB	estre
seut	VERB	savoir
que	SCONJ	que
cil	DET	cel
ki	PRON	qui
vult	DET	voloir
saveir	VERB	savoir
si	ADV	si
sa	DET	son
femme	NOUN	femme
est	VERB	estre
avultre	NOUN	auvert
u	CCONJ	ou
nun	NOUN	non
,	PUNCT	,
metet	VERB	metre
la	DET	le
magnete	NOUN	manger
suz	ADP	sous
le	DET	le
chief	NOUN	chief
sa	DET	son
femme	NOUN	femme
quant	SCONJ	cant
ele	PRON	il
dormirat	VERB	dormir
;	PUNCT	;
e	CCONJ	et
si	ADV	si
ele	PRON	il
est	VERB	estre
chaste	NOUN	chaste
,	PUNCT	,
ele	PRON	il
le	DET	le
beiserat	VERB	baisier
en	ADP	en
dormant	NOUN	dormir
,	PUNCT	,
et	CCONJ	et
si	ADV	si
ele	PRON	il
est	VERB	estre
avultre	NOUN	auvert
,	PUNCT	,
elle	PRON	elle
charrat	NOUN	charret
del	ADP.DET	de.le
lit	NOUN	lit
issi	VERB	issir
cume	SCONJ	comme
hum	NOUN	homme
la	DET	le
butast	VERB	buter
de	ADP	de
sa	DET	son
main	NOUN	main
;	PUNCT	;
et	CCONJ	et
ceo	DET	ce
est	VERB	estre
par	ADP	par
une	DET	un
odur	ADP	oudre
que	SCONJ	que
la	DET	le
piere	NOUN	piere
dunet	VERB	donner
.	PUNCT	.
Si	ADV	si
li	DET	le
leres	NOUN	laisser
entret	VERB	entrer
en	ADP	en
une	DET	un
meisun	NOUN	maison
pur	ADP	pour
embler	VERB	embler
e	CCONJ	et
il	PRON	il
metet	VERB	metre
en	ADP	en
la	DET	le
meisun	NOUN	maison
par	ADP	par
l'	DET	le
uis	NOUN	uis
vifs	ADJ	vif
charbuns	NOUN	charbon
et	CCONJ	et
il	PRON	il
metet	VERB	metre
desus	ADV	dessus
la	DET	le
puldre	NOUN	poudre
del	ADP.DET	de.le
magnete	NOUN	manger
isi	NOUN	issir
que	SCONJ	que
li	DET	le
fum	NOUN	fume
voist	VERB	aler
encuntre	ADP	encontre
munt	NOUN	mont
par	ADP	par
quatre	DET	quatre
aungles	NOUN	angle
,	PUNCT	,
tuit	DET	tot
icil	DET	cil
ki	PRON	qui
serrunt	VERB	esrront
en	ADP	en
la	DET	le
maisun	NOUN	maison
s'	DET	soi
en	ADP	en
fuirunt	VERB	fuir
,	PUNCT	,
altresi	ADV	autresi
cum	SCONJ	comme
si	ADV	si
la	DET	le
maisun	NOUN	maison
volsist	VERB	voloir
chaier	VERB	chaire
,	PUNCT	,
e	CCONJ	et
si	ADV	si
purrat	VERB	pouvoir
li	DET	le
leres	NOUN	laisser
prendre	VERB	prendre
ceo	DET	ce
que	SCONJ	que
li	DET	le
plairat	VERB	plaire
.	PUNCT	.
Ele	PRON	il
portet	VERB	porter
cuncorde	NOUN	concredon
entre	ADP	entre
home	NOUN	ome
et	CCONJ	et
dunet	VERB	donner
a	ADP	a
hume	NOUN	homme
graze	NOUN	grast
et	CCONJ	et
dulce	ADJ	doux
parole	NOUN	parole
e	CCONJ	et
sens	NOUN	sens
de	ADP	de
desputer	VERB	dépers
.	PUNCT	.
Se	SCONJ	se
hom	NOUN	ome
le	DET	le
dunet	VERB	donner
a	ADP	a
beivre	VERB	baivre
od	ADP	o
mulse	NOUN	mule
,	PUNCT	,
si	ADV	si
expurget	NOUN	expurer
ydrope	NOUN	idormer
,	PUNCT	,
et	CCONJ	et
la	DET	le
puldre	NOUN	poudre
est	VERB	estre
bone	ADJ	bon
a	ADP	a
arsun	NOUN	rasser
et	CCONJ	et
a	ADP	a
eschauldeure	NOUN	échaucieux
,	PUNCT	,
si	ADV	si
hom	NOUN	ome
la	DET	le
met	VERB	metre
desus	ADV	dessus
.	PUNCT	.
Coralium	PROPN	coralois
.	PUNCT	.
-	PUNCT	-
Coral	PROPN	coral
est	VERB	estre
une	DET	un
piere	NOUN	piere
ki	PRON	qui
creist	VERB	croistre
en	ADP	en
la	DET	le
mer	NOUN	mer
altresi	ADV	autresi
cum	SCONJ	comme
arbre	NOUN	arbre
;	PUNCT	;
si	ADV	si
est	VERB	estre
verte	ADJ	vert
la	DET	le
u	CCONJ	ou
ele	PRON	il
creist	VERB	croistre
.	PUNCT	.
Mais	CCONJ	mais
quant	SCONJ	cant
ele	PRON	il
vient	VERB	venir
a	ADP	a
laer	NOUN	laier
,	PUNCT	,
si	ADV	si
endurcist	VERB	endurcir
et	CCONJ	et
devient	VERB	devenir
ruge	NOUN	ruge
.	PUNCT	.
Ele	PRON	il
resemble	NOUN	resmevoir
a	ADP	a
une	DET	un
braunchete	NOUN	brachoneau
;	PUNCT	;
si	ADV	si
n'	ADV	ne
est	VERB	estre
mie	ADV	mie
plus	ADV	plus
lunge	NOUN	long
de	ADP	de
demi	ADJ	demi
piét	NOUN	piédé
;	PUNCT	;
ele	PRON	il
est	VERB	estre
mult	ADV	moult
bone	ADJ	bon
a	ADP	a
porter	VERB	porter
sur	ADP	sur
sei	PRON	soi
,	PUNCT	,
kar	CCONJ	car
,	PUNCT	,
cum	SCONJ	comme
dient	VERB	dire
les	DET	le
aucturs	DET	autruc
,	PUNCT	,
Zoraster	VERB	outrer
et	CCONJ	et
Metrodorus	NOUN	matrouz
,	PUNCT	,
ele	PRON	il
osted	NOUN	oster
fuildre	NOUN	foudre
e	CCONJ	et
tempeste	NOUN	tempeste
,	PUNCT	,
et	CCONJ	et
si	ADV	si
hom	NOUN	ome
la	DET	le
getet	VERB	jeter
en	ADP	en
vigne	NOUN	vigne
u	CCONJ	ou
entre	ADP	entre
olivers	NOUN	olivier
u	CCONJ	ou
el	ADP.DET	en.le
chaunp	NOUN	champor
od	ADP	o
la	DET	le
semence	NOUN	semence
,	PUNCT	,
ele	PRON	il
les	DET	le
defent	VERB	defendre
de	ADP	de
gresille	NOUN	grailles
et	CCONJ	et
de	ADP	de
tuz	DET	tous
mals	NOUN	mal
orez	NOUN	orer
;	PUNCT	;
et	CCONJ	et
ele	PRON	il
fait	VERB	faire
multiplier	NOUN	multillier
fruiz	NOUN	fruit
,	PUNCT	,
ele	PRON	il
osted	NOUN	oster
fantosme	NOUN	fantonme
et	CCONJ	et
ele	PRON	il
dunet	VERB	donner
bon	ADJ	bon
cumencement	NOUN	commencer
et	CCONJ	et
bone	ADJ	bon
fin	NOUN	fin
.	PUNCT	.
Corneolus	PROPN	cornoinal
.	PUNCT	.
-	PUNCT	-
Corneole	PROPN	cornonel
est	VERB	estre
obscure	NOUN	obscure
piere	NOUN	piere
,	PUNCT	,
et	CCONJ	et
nequedent	ADV	nequedent
ad	VERB	avoir
grant	ADJ	grant
vertuz	NOUN	vertu
,	PUNCT	,
ker	CCONJ	car
ele	PRON	il
tolt	DET	tolir
ires	NOUN	aler
de	ADP	de
desputaunz	ADJ	dépuerdamde
;	PUNCT	;
e	CCONJ	et
cele	DET	cel
ki	PRON	qui
ad	VERB	avoir
culur	NOUN	coulor
de	ADP	de
laveure	NOUN	laver
de	ADP	de
char	NOUN	char
,	PUNCT	,
ele	PRON	il
estanchet	VERB	estance
sanc	NOUN	sanc
de	ADP	de
tuz	DET	tous
membres	NOUN	membre
,	PUNCT	,
mais	NOUN	mais
mesmement	ADV	mêmement
de	ADP	de
femme	NOUN	femme
ki	PRON	qui
trop	ADV	trop
ad	VERB	avoir
de	ADP	de
ses	DET	son
flurs	NOUN	flur
.	PUNCT	.
Lyncurium	PROPN	lignogue
.	PUNCT	.
-	PUNCT	-
Ligurium	PROPN	lugigue
est	VERB	estre
piere	NOUN	piere
ki	PRON	qui
creist	VERB	croistre
de	ADP	de
la	DET	le
date	NOUN	date
de	ADP	de
une	DET	un
beste	NOUN	beste
,	PUNCT	,
ki	PRON	qui
ad	VERB	avoir
num	DET	nom
linz	NOUN	lingt
,	PUNCT	,
ki	PRON	qui
voit	VERB	vëoir
parmi	NOUN	parmi
piere	NOUN	piere
e	CCONJ	et
parmi	NOUN	parmi
fust	VERB	estre
.	PUNCT	.
La	DET	le
beste	NOUN	beste
cuvret	NOUN	couvrir
sa	DET	son
date	NOUN	date
od	ADP	o
la	DET	le
gravele	NOUN	gravele
,	PUNCT	,
que	SCONJ	que
hom	NOUN	ome
ne	ADV	ne
puisset	VERB	pöoir
truver	VERB	trover
la	DET	le
piere	NOUN	piere
.	PUNCT	.
Teofrastus	NOUN	terfout
dit	VERB	dire
que	SCONJ	que
ele	PRON	il
ad	VERB	avoir
culur	NOUN	coulor
d'	ADP	de
electre	VERB	exercette
e	CCONJ	et
que	SCONJ	que
ele	PRON	il
atrait	NOUN	atraire
la	DET	le
paille	NOUN	paille
,	PUNCT	,
e	CCONJ	et
que	SCONJ	que
ele	PRON	il
toult	DET	tout
dolur	NOUN	douleur
del	ADP.DET	de.le
ventrail	NOUN	ventir
,	PUNCT	,
et	CCONJ	et
le	DET	le
galniz	VERB	galin
et	CCONJ	et
meneisun	NOUN	meneignos
.	PUNCT	.
Aetites	NOUN	ataitier
.	PUNCT	.
-	PUNCT	-
Echite	VERB	echite
est	VERB	estre
numbree	VERB	nombre
entre	ADP	entre
les	DET	le
meillures	ADJ	meillor
pieres	NOUN	piere
.	PUNCT	.
Li	DET	le
aigles	NOUN	aigle
la	DET	le
prent	VERB	prendre
es	ADP.DET	en.le
deforaines	NOUN	defornaire
parties	NOUN	partie
del	ADP.DET	de.le
mund	NOUN	monde
,	PUNCT	,
si	ADV	si
la	DET	le
portet	VERB	porter
a	ADP	a
sun	DET	son
nith	NOUN	ni
,	PUNCT	,
que	SCONJ	que
ele	PRON	il
le	DET	le
defende	VERB	defendre
.	PUNCT	.
Iceste	ADJ	cist
piere	NOUN	piere
ad	VERB	avoir
une	DET	un
altre	ADJ	autre
dedenz	ADP	dedenz
sei	PRON	soi
,	PUNCT	,
et	CCONJ	et
pur	ADP	pour
ceo	DET	ce
dit	VERB	dire
l'	DET	le
um	DET	ume
que	SCONJ	que
ele	PRON	il
est	VERB	estre
bone	ADJ	bon
a	ADP	a
femme	NOUN	femme
enceinte	ADJ	encentier
,	PUNCT	,
que	SCONJ	que
ele	PRON	il
ne	ADV	ne
perdet	VERB	perdre
sun	DET	son
enfaunt	NOUN	enfant
ne	ADV	ne
que	SCONJ	que
ele	PRON	il
ne	ADV	ne
travailt	VERB	travailler
a	ADP	a
l'	DET	le
enfanter	VERB	enfanter
,	PUNCT	,
e	CCONJ	et
le	DET	le
deit	VERB	devoir
aveir	NOUN	avoir
pendue	VERB	pendeur
a	ADP	a
sun	DET	son
senestre	ADJ	senestre
braz	NOUN	braz
.	PUNCT	.
Ele	PRON	il
defent	VERB	defendre
home	NOUN	ome
ki	PRON	qui
la	DET	le
portet	VERB	porter
de	ADP	de
iverece	NOUN	iverece
,	PUNCT	,
et	CCONJ	et
ele	PRON	il
acreist	VERB	acrestier
richeise	NOUN	richef
,	PUNCT	,
et	CCONJ	et
fet	VERB	faire
amer	VERB	amer
celui	DET	cel
ki	PRON	qui
l'	DET	le
ad	VERB	avoir
et	CCONJ	et
veintre	NOUN	venir
le	DET	le
fait	VERB	faire
,	PUNCT	,
e	CCONJ	et
enfanz	NOUN	enfant
guardet	NOUN	garder
seins	NOUN	sein
et	CCONJ	et
tolt	DET	tolir
gute	NOUN	guet
chaive	NOUN	cheval
,	PUNCT	,
et	CCONJ	et
si	ADV	si
hom	NOUN	ome
ad	VERB	avoir
suspeciun	NOUN	suspicion
de	ADP	de
aucun	DET	aucun
hume	NOUN	homme
que	SCONJ	que
le	DET	le
voillet	VERB	voloir
enpuisuner	VERB	empoignier
,	PUNCT	,
prenget	NOUN	prendre
le	DET	le
echite	VERB	echite
,	PUNCT	,
si	ADV	si
la	DET	le
metet	VERB	metre
desuz	ADP	dessous
le	DET	le
vaisel	NOUN	vaille
dunt	PRON	dont
il	PRON	il
deit	VERB	devoir
mangier	VERB	mangier
,	PUNCT	,
et	CCONJ	et
si	ADV	si
il	PRON	il
est	VERB	estre
culpables	ADJ	clopel
de	ADP	de
la	DET	le
felunie	NOUN	felonie
,	PUNCT	,
que	SCONJ	que
il	PRON	il
l'	DET	le
ait	VERB	avoir
pensee	NOUN	penser
,	PUNCT	,
ja	ADV	ja
nule	DET	nul
rien	NOUN	rien
ne	ADV	ne
li	DET	le
passerat	VERB	passer
le	DET	le
col	NOUN	col
del	ADP.DET	de.le
mangier	VERB	mangier
.	PUNCT	.
Iceste	ADJ	cist
piere	NOUN	piere
si	ADV	si
purrat	VERB	pouvoir
estre	VERB	estre
russe	VERB	russe
;	PUNCT	;
hom	NOUN	ome
la	DET	le
trovet	VERB	trouver
en	ADP	en
le	DET	le
occean	VERB	occaner
ki	PRON	qui
avirunet	VERB	aler
le	DET	le
siecle	NOUN	siècle
.	PUNCT	.
Sanz	ADP	sans
iceste	DET	cist
ne	ADV	ne
punt	VERB	pont
nul	DET	nul
egle	ADJ	egle
,	PUNCT	,
et	CCONJ	et
ele	PRON	il
vault	VERB	valoir
a	ADP	a
l'	DET	le
enfaunter	VERB	enfantere
.	PUNCT	.
Gagatromaeus	PROPN	gagaton
.	PUNCT	.
-	PUNCT	-
Gagatromeu	PROPN	gagatron
est	VERB	estre
une	DET	un
piere	NOUN	piere
ki	PRON	qui
est	VERB	estre
tachelee	VERB	tachele
cume	SCONJ	comme
pel	NOUN	pel
de	ADP	de
cheverol	NOUN	chevelor
.	PUNCT	.
Se	SCONJ	se
prince	NOUN	prince
la	DET	le
porte	NOUN	porte
quant	SCONJ	cant
il	PRON	il
vait	VERB	aler
a	ADP	a
batalle	NOUN	batalle
champel	NOUN	champel
,	PUNCT	,
ses	DET	son
enemis	NOUN	ennemi
purrat	VERB	pouvoir
chacier	VERB	chacier
,	PUNCT	,
que	SCONJ	que
ja	ADV	ja
ne	ADV	ne
l'	DET	le
oserunt	VERB	oser
attendre	VERB	attendre
.	PUNCT	.
Selenitis	PROPN	sentisance
.	PUNCT	.
-	PUNCT	-
Selenites	NOUN	envlestement
est	VERB	estre
aultretele	NOUN	autretel
cume	SCONJ	comme
jaspe	NOUN	jasset
verte	ADJ	vert
.	PUNCT	.
Hom	NOUN	ome
l'	DET	le
apelet	VERB	appeler
seinte	ADJ	saint
piere	NOUN	piere
,	PUNCT	,
pur	ADP	pour
ceo	DET	ce
que	SCONJ	que
ele	PRON	il
creist	VERB	croistre
od	ADP	o
la	DET	le
lune	NOUN	lune
et	CCONJ	et
decreist	VERB	dercher
;	PUNCT	;
et	CCONJ	et
ele	PRON	il
dunet	VERB	donner
amur	NOUN	amur
,	PUNCT	,
et	CCONJ	et
ele	PRON	il
valt	VERB	valoir
a	ADP	a
corpus	NOUN	corps
.	PUNCT	.
Iceste	ADJ	cist
naist	NOUN	naistre
en	ADP	en
Perse	NOUN	pers
.	PUNCT	.
Ceraunius	NOUN	ceranois
.	PUNCT	.
-	PUNCT	-
Ceraunius	NOUN	ceranois
est	VERB	estre
une	DET	un
piere	NOUN	piere
ki	PRON	qui
chiét	NOUN	chëoir
ot	VERB	avoir
fuildre	NOUN	foudre
.	PUNCT	.
Ki	PRON	qui
chastement	NOUN	chastement
la	DET	le
portet	VERB	porter
,	PUNCT	,
ja	ADV	ja
fuildre	NOUN	foudre
nel	ADV.PRON	ne.il
ferrat	VERB	ferrer
,	PUNCT	,
ne	ADV	ne
maisun	NOUN	maison
ne	ADV	ne
nef	NOUN	nef
u	CCONJ	ou
ele	PRON	il
est	VERB	estre
ja	ADV	ja
n'	ADV	ne
iert	VERB	estre
perilliede	NOUN	perillier
par	ADP	par
esturbeillun	NOUN	estreuble
ne	ADV	ne
par	ADP	par
fuildre	NOUN	foudre
.	PUNCT	.
Bone	ADJ	bon
est	VERB	estre
a	ADP	a
veintre	NOUN	venir
batailles	NOUN	bataille
et	CCONJ	et
plaiz	NOUN	plait
.	PUNCT	.
Ele	PRON	il
dunet	VERB	donner
dulz	NOUN	duc
sumnes	NOUN	sommie
et	CCONJ	et
beals	ADJ	beau
sunges	NOUN	songier
.	PUNCT	.
Ele	PRON	il
est	VERB	estre
de	ADP	de
dous	DET	doux
culurs	NOUN	courlur
.	PUNCT	.
Heliotropium	PROPN	hépotiot
.	PUNCT	.
-	PUNCT	-
Eliotropia	PROPN	extorir
est	VERB	estre
de	ADP	de
tele	DET	tel
nature	NOUN	nature
que	SCONJ	que
se	PRON	se
hom	NOUN	ome
la	DET	le
met	VERB	metre
en	ADP	en
vaisel	NOUN	vaille
encontre	ADP	encontre
le	DET	le
soleil	NOUN	soleil
,	PUNCT	,
ele	PRON	il
fait	VERB	faire
le	DET	le
soleil	NOUN	soleil
devenir	VERB	devenir
ruge	NOUN	ruge
e	CCONJ	et
si	ADV	si
fait	VERB	faire
nuvel	ADJ	nul
eclipsim	NOUN	epplis
;	PUNCT	;
e	CCONJ	et
en	ADP	en
poi	NOUN	pöoir
de	ADP	de
tens	NOUN	tens
fait	VERB	faire
ele	PRON	il
buillir	VERB	biaudil
le	DET	le
vaissel	NOUN	vaissel
et	CCONJ	et
geter	VERB	jeter
le	DET	le
ewe	NOUN	eau
cume	SCONJ	comme
se	PRON	se
il	PRON	il
plust	ADV	plus
.	PUNCT	.
Ki	PRON	qui
la	DET	le
portet	VERB	porter
puet	VERB	pöoir
prophetizer	VERB	propéier
meintes	ADJ	maint
choses	NOUN	chose
:	PUNCT	:
ele	PRON	il
dunet	VERB	donner
a	ADP	a
home	NOUN	ome
bon	ADJ	bon
los	NOUN	los
et	CCONJ	et
santét	NOUN	santé
;	PUNCT	;
ele	PRON	il
estanchet	VERB	estance
sanc	NOUN	sanc
et	CCONJ	et
ele	PRON	il
est	VERB	estre
cuntre	ADP	contre
venim	VERB	venir
et	CCONJ	et
encuntre	ADP	encontre
boisdie	NOUN	boisier
;	PUNCT	;
e	CCONJ	et
ki	PRON	qui
prent	VERB	prendre
l'	DET	le
erbe	NOUN	erbe
ki	PRON	qui
altresi	ADV	autresi
ad	VERB	avoir
num	DET	nom
eliotropia	VERB	extorir
,	PUNCT	,
od	ADP	o
le	DET	le
charme	NOUN	charme
ki	PRON	qui
i	ADV	i
afiert	VERB	aferir
,	PUNCT	,
si	ADV	si
la	DET	le
metet	VERB	metre
od	ADP	o
la	DET	le
piere	NOUN	piere
,	PUNCT	,
il	PRON	il
pot	VERB	pöoir
aler	VERB	aler
la	DET	le
u	CCONJ	ou
il	PRON	il
voldrat	VERB	voloir
:	PUNCT	:
ja	ADV	ja
hom	NOUN	ome
nel	ADV.PRON	ne.il
verrat	VERB	voir
.	PUNCT	.
Ele	PRON	il
vient	VERB	venir
de	ADP	de
Ethiopie	VERB	ethiepse
et	CCONJ	et
de	ADP	de
Cypre	NOUN	cipre
e	CCONJ	et
de	ADP	de
Afriche	PROPN	africhier
.	PUNCT	.
Ele	PRON	il
est	VERB	estre
altretele	NOUN	autrepé
cum	SCONJ	comme
esmaragde	NOUN	esmardorer
,	PUNCT	,
si	ADV	si
ad	VERB	avoir
guttes	NOUN	guite
sanguines	ADJ	sanguine
.	PUNCT	.
Hephaestitis	ADJ	hapelité
.	PUNCT	.
-	PUNCT	-
Epistites	NOUN	espitite
est	VERB	estre
ruge	NOUN	ruge
e	CCONJ	et
resplendissante	NOUN	répensit-clance
.	PUNCT	.
Ele	PRON	il
est	VERB	estre
de	ADP	de
tiele	NOUN	tel
vertut	NOUN	vertu
que	SCONJ	que
ele	PRON	il
tolt	DET	tolir
a	ADP	a
la	DET	le
chaldiere	NOUN	chaloir
buillante	NOUN	biaullir
sun	DET	son
buillir	VERB	biaudil
,	PUNCT	,
et	CCONJ	et
que	SCONJ	que
ele	PRON	il
en	ADP	en
poi	NOUN	pöoir
de	ADP	de
tens	NOUN	tens
refreidet	VERB	refraider
l'	DET	le
ewe	NOUN	eau
.	PUNCT	.
Ele	PRON	il
ostet	VERB	oster
de	ADP	de
la	DET	le
terre	NOUN	terre
ki	PRON	qui
est	VERB	estre
semee	VERB	sëemer
oisaus	ADJ	oisose
et	CCONJ	et
laustes	NOUN	lues
e	CCONJ	et
gresilles	NOUN	graisle
e	CCONJ	et
esturbellun	ADJ	estreuble
,	PUNCT	,
et	CCONJ	et
ele	PRON	il
defait	NOUN	defaire
mellees	VERB	melee
et	CCONJ	et
feit	VERB	faire
hom	NOUN	ome
seur	NOUN	soir
.	PUNCT	.
Quant	SCONJ	cant
hum	NOUN	homme
la	DET	le
met	VERB	metre
el	ADP.DET	en.le
rai	VERB	rai
del	ADP.DET	de.le
soleil	NOUN	soleil
,	PUNCT	,
si	ADV	si
rent	VERB	rendre
clartét	NOUN	carté
cume	SCONJ	comme
fu	VERB	estre
.	PUNCT	.
Ele	PRON	il
se	PRON	se
vult	DET	voloir
porter	VERB	porter
del	ADP.DET	de.le
senestre	ADJ	senestre
braz	NOUN	braz
vel	ADJ	vieux
part	NOUN	part
.	PUNCT	.
Haematitis	PROPN	hapaitier
.	PUNCT	.
-	PUNCT	-
Ematites	NOUN	etamtier
ad	VERB	avoir
num	DET	nom
de	ADP	de
sanc	NOUN	sanc
.	PUNCT	.
Naturelement	ADV	naturellement
est	VERB	estre
confortative	NOUN	conforter
.	PUNCT	.
La	DET	le
delie	NOUN	deliier
puldre	NOUN	poudre
de	ADP	de
l'	DET	le
ematite	VERB	entatier
methlee	NOUN	mettel
od	ADP	o
glaire	NOUN	glaire
de	ADP	de
oef	NOUN	oeif
ostet	VERB	oster
aspertez	VERB	asserter
de	ADP	de
palpebres	NOUN	papelor
et	CCONJ	et
si	ADV	si
esclariet	VERB	éclart
la	DET	le
veue	NOUN	voir
.	PUNCT	.
Ki	PRON	qui
la	DET	le
limet	VERB	limet
a	ADP	a
la	DET	le
cuz	NOUN	cui
od	ADP	o
le	DET	le
jus	ADV	jus
de	ADP	de
la	DET	le
ruge	NOUN	ruge
pume	NOUN	pomme
u	CCONJ	ou
od	ADP	o
ewe	NOUN	eau
,	PUNCT	,
e	CCONJ	et
le	DET	le
dunet	VERB	donner
a	ADP	a
celui	DET	cel
ki	PRON	qui
escrachet	VERB	escracer
sanc	NOUN	sanc
;	PUNCT	;
et	CCONJ	et
ad	VERB	avoir
malauns	ADJ	mauleng
saner	VERB	sanger
est	VERB	estre
bone	ADJ	bon
et	CCONJ	et
restreint	VERB	restreindre
flurs	NOUN	flur
a	ADP	a
femme	NOUN	femme
quant	SCONJ	cant
ele	PRON	il
trop	ADV	trop
en	ADP	en
ad	VERB	avoir
.	PUNCT	.
Ele	PRON	il
osted	NOUN	oster
char	NOUN	char
ki	PRON	qui
surcreist	NOUN	surdre
en	ADP	en
plaie	NOUN	plaie
et	CCONJ	et
estanchet	VERB	estance
meneisun	NOUN	meneignos
,	PUNCT	,
e	CCONJ	et
od	ADP	o
vin	NOUN	vin
est	VERB	estre
bone	ADJ	bon
a	ADP	a
beivre	VERB	baivre
cuntre	ADP	contre
venin	NOUN	venir
e	CCONJ	et
cuntre	ADP	contre
morsure	NOUN	morsur
de	ADP	de
serpent	VERB	serpent
,	PUNCT	,
e	CCONJ	et
od	ADP	o
miel	NOUN	miel
valt	VERB	valoir
mult	ADV	moult
a	ADP	a
oilz	NOUN	oile
duillanz	ADJ	doloir
,	PUNCT	,
e	CCONJ	et
la	DET	le
piere	NOUN	piere
depiecet	VERB	depecier
.	PUNCT	.
Ele	PRON	il
vient	VERB	venir
de	ADP	de
Affrike	PROPN	affair
et	CCONJ	et
de	ADP	de
Ethiope	NOUN	ethiep
e	CCONJ	et
de	ADP	de
Arabie	PROPN	arabi
.	PUNCT	.
Paeanitis	PROPN	paeile
.	PUNCT	.
-	PUNCT	-
Peanites	NOUN	peineté
est	VERB	estre
femele	NOUN	femele
,	PUNCT	,
kar	CCONJ	car
ele	PRON	il
cunceit	VERB	concier
e	CCONJ	et
enfauntet	VERB	enfantement
une	DET	un
altre	ADJ	autre
piere	NOUN	piere
,	PUNCT	,
et	CCONJ	et
pur	ADP	pour
ceo	DET	ce
valt	VERB	valoir
ele	PRON	il
mult	ADV	moult
a	ADP	a
femme	NOUN	femme
ki	PRON	qui
vait	VERB	aler
de	ADP	de
sun	DET	son
ventre	NOUN	ventre
.	PUNCT	.
Medus	NOUN	medu
.	PUNCT	.
-	PUNCT	-
Medus	NOUN	medu
naist	NOUN	naistre
en	ADP	en
la	DET	le
terre	NOUN	terre
as	VERB	a.le
Turcs	PROPN	turc
,	PUNCT	,
ki	PRON	qui
dunet	VERB	donner
mort	NOUN	mort
et	CCONJ	et
vie	NOUN	vie
,	PUNCT	,
kar	CCONJ	car
ki	PRON	qui
l'	DET	le
esmult	VERB	emluser
od	ADP	o
lait	VERB	lait
de	ADP	de
femme	NOUN	femme
ad	VERB	avoir
une	DET	un
aspre	NOUN	aspre
cuz	NOUN	cui
si	ADV	si
la	DET	le
met	VERB	metre
as	VERB	a.le
oilz	NOUN	oile
a	ADP	a
cellui	DET	cil
ki	PRON	qui
lungement	NOUN	longuement
ad	VERB	avoir
perdue	VERB	perdre
sa	DET	son
veue	NOUN	voir
,	PUNCT	,
ele	PRON	il
li	DET	le
rent	VERB	rendre
.	PUNCT	.
Mais	CCONJ	mais
la	DET	le
cuz	NOUN	cui
deit	VERB	devoir
estre	VERB	estre
verte	ADJ	vert
.	PUNCT	.
Se	SCONJ	se
hom	NOUN	ome
la	DET	le
destempret	VERB	destremettre
en	ADP	en
meesme	ADJ	même
la	DET	le
maniere	NOUN	manière
od	ADP	o
lait	VERB	lait
de	ADP	de
berbiz	NOUN	berbis
ki	PRON	qui
n'	ADV	ne
ait	VERB	avoir
eud	VERB	aude
fors	ADV	fors
un	DET	un
aignel	NOUN	agnel
,	PUNCT	,
et	CCONJ	et
icel	DET	cil
masle	NOUN	masle
,	PUNCT	,
ele	PRON	il
valt	VERB	valoir
mult	ADV	moult
encontre	ADP	encontre
vielz	ADJ	vieux
poacre	NOUN	pouvoir
,	PUNCT	,
et	CCONJ	et
en	ADP	en
cele	DET	cel
maniere	NOUN	manière
valt	VERB	valoir
ele	PRON	il
mult	ADV	moult
cuntre	ADP	contre
corpuls	NOUN	corplus
,	PUNCT	,
et	CCONJ	et
de	ADP	de
ceste	DET	cest
guarissent	VERB	garir
les	DET	le
reins	NOUN	rein
.	PUNCT	.
Hom	NOUN	ome
le	DET	le
deit	VERB	devoir
en	ADP	en
argent	NOUN	argent
estuier	NOUN	estoiler
,	PUNCT	,
quant	SCONJ	cant
ele	PRON	il
est	VERB	estre
destempree	VERB	destremente
,	PUNCT	,
et	CCONJ	et
duner	VERB	donner
a	ADP	a
user	VERB	user
a	ADP	a
jeun	ADJ	jeune
.	PUNCT	.
Mais	CCONJ	mais
ki	PRON	qui
la	DET	le
destemprast	VERB	destamper
od	ADP	o
ewe	NOUN	eau
,	PUNCT	,
si	ADV	si
la	DET	le
dunast	VERB	donner
od	ADP	o
tute	DET	tout
la	DET	le
limeure	NOUN	limeure
de	ADP	de
la	DET	le
verte	ADJ	vert
cuz	NOUN	cui
a	ADP	a
laver	VERB	laver
oilz	NOUN	oile
:	PUNCT	:
ki	PRON	qui
s'	DET	soi
en	ADP	en
lavereit	VERB	laver
,	PUNCT	,
avoglereit	VERB	avourer
;	PUNCT	;
ki	PRON	qui
la	DET	le
beust	NOUN	boivre
,	PUNCT	,
vomireit	VERB	voir
sun	DET	son
pulmun	DET	pumul
et	CCONJ	et
si	ADV	si
murreit	NOUN	morir
.	PUNCT	.
Ceste	DET	cest
piere	NOUN	piere
est	VERB	estre
tute	DET	tout
neire	NOUN	naire
,	PUNCT	,
mes	DET	mais
ses	DET	son
vertuz	NOUN	vertu
ne	ADV	ne
sunt	VERB	être
mie	ADV	mie
neires	NOUN	neigne
tutes	DET	tous
,	PUNCT	,
kar	CCONJ	car
eles	PRON	il
sunt	VERB	être
blanches	ADJ	blanc
quant	SCONJ	cant
eles	PRON	il
aient	VERB	avoir
,	PUNCT	,
et	CCONJ	et
neires	NOUN	neigne
quant	SCONJ	cant
eles	PRON	il
nuisent	VERB	nuire
.	PUNCT	.
Chelonitis	PROPN	chelonnier
.	PUNCT	.
-	PUNCT	-
Chelonites	NOUN	chelonnel
est	VERB	estre
une	DET	un
piere	NOUN	piere
que	SCONJ	que
un	DET	un
limaçun	NOUN	limaugno
portet	VERB	porter
en	ADP	en
Indie	ADJ	indide
,	PUNCT	,
ele	PRON	il
est	VERB	estre
purpre	NOUN	pourpre
et	CCONJ	et
vaire	NOUN	vair
.	PUNCT	.
Si	ADV	si
hom	NOUN	ome
ad	VERB	avoir
lavee	VERB	laver
sa	DET	son
buche	NOUN	bouche
e	CCONJ	et
la	DET	le
metet	VERB	metre
suz	ADP	sous
sa	DET	son
lange	NOUN	lange
,	PUNCT	,
taunt	ADV	tantou
cum	SCONJ	comme
la	DET	le
lune	NOUN	lune
est	VERB	estre
creissante	NOUN	craistre
purrat	VERB	pouvoir
il	PRON	il
deviner	VERB	deviner
,	PUNCT	,
des	ADP.DET	de.le
le	DET	le
matin	NOUN	matin
jesque	NOUN	jésude
a	ADP	a
midi	NOUN	midi
,	PUNCT	,
et	CCONJ	et
el	ADP.DET	en.le
decurs	ADP	deceur
devant	ADP	devant
le	DET	le
jur	NOUN	jour
;	PUNCT	;
et	CCONJ	et
quant	SCONJ	cant
ele	PRON	il
est	VERB	estre
prime	NOUN	prim
,	PUNCT	,
dunc	ADV	donc
duret	NOUN	durer
la	DET	le
poesté	NOUN	poësté
tute	DET	tout
jur	NOUN	jour
,	PUNCT	,
e	CCONJ	et
altresi	ADV	autresi
quant	SCONJ	cant
ele	PRON	il
est	VERB	estre
quinzieme	NOUN	quintire
.	PUNCT	.
Ceste	DET	cest
ne	ADV	ne
crient	VERB	criembre
fu	VERB	estre
nul	DET	nul
.	PUNCT	.
Crystallus	PROPN	crilat-s
.	PUNCT	.
-	PUNCT	-
Cristal	PROPN	crilat
est	VERB	estre
glace	NOUN	glace
enduree	NOUN	endurer
par	ADP	par
mulz	NOUN	moult
aunz	PRON	aune
,	PUNCT	,
si	ADV	si
cume	SCONJ	comme
asquanz	VERB	aucassin
dient	VERB	dire
,	PUNCT	,
et	CCONJ	et
pur	ADP	pour
ceo	DET	ce
dient	VERB	dire
que	SCONJ	que
ele	PRON	il
retient	VERB	retenir
la	DET	le
culur	NOUN	coulor
et	CCONJ	et
la	DET	le
freidure	NOUN	freidure
de	ADP	de
la	DET	le
glace	NOUN	glace
.	PUNCT	.
Altres	DET	autre
l'	DET	le
esdient	VERB	esdeindre
,	PUNCT	,
kar	CCONJ	car
en	ADP	en
plusurs	DET	plus
cuntrees	NOUN	contree
neist	NOUN	naistre
u	CCONJ	ou
nule	DET	nul
si	ADV	si
grant	ADJ	grant
force	NOUN	force
n'	ADV	ne
est	VERB	estre
de	ADP	de
freidure	NOUN	freidure
.	PUNCT	.
Iceste	ADJ	cist
piere	NOUN	piere
conceit	VERB	concité
bien	NOUN	bien
le	DET	le
fu	VERB	estre
el	ADP.DET	en.le
rai	VERB	rai
del	ADP.DET	de.le
soleil	NOUN	soleil
,	PUNCT	,
et	CCONJ	et
bien	NOUN	bien
esprent	VERB	esprendre
la	DET	le
tundre	DET	tondre
.	PUNCT	.
Asquanz	ADP	ascuant
en	ADP	en
funt	VERB	faire
puldre	NOUN	poudre
,	PUNCT	,
si	ADV	si
la	DET	le
dunent	VERB	donner
a	ADP	a
beivre	VERB	baivre
a	ADP	a
nurrices	NOUN	nurret
pur	ADP	pour
aveir	NOUN	avoir
plus	ADV	plus
lait	VERB	lait
;	PUNCT	;
si	ADV	si
dient	VERB	dire
que	SCONJ	que
mult	ADV	moult
valt	VERB	valoir
.	PUNCT	.
Galactites	PROPN	gauvatte
.	PUNCT	.
-	PUNCT	-
Galactida	PROPN	gautalit
ad	VERB	avoir
culur	NOUN	coulor
de	ADP	de
fer	NOUN	fer
,	PUNCT	,
e	CCONJ	et
femme	NOUN	femme
ki	PRON	qui
la	DET	le
beit	VERB	beil
od	ADP	o
mulse	NOUN	mule
ele	PRON	il
li	DET	le
multeplie	NOUN	multatie
lait	VERB	lait
,	PUNCT	,
mes	DET	mais
ele	PRON	il
la	DET	le
deit	VERB	devoir
user	VERB	user
devaunt	VERB	devant
mangier	VERB	mangier
,	PUNCT	,
aprof	NOUN	aproper
bain	NOUN	bain
.	PUNCT	.
Si	ADV	si
ele	PRON	il
est	VERB	estre
perciede	NOUN	perdre
e	CCONJ	et
un	DET	un
fil	NOUN	fil
de	ADP	de
laine	NOUN	lain
de	ADP	de
berbiz	NOUN	berbis
preinz	NOUN	prendre
seit	VERB	être
mis	VERB	metre
par	ADP	par
mi	DET	moi
,	PUNCT	,
et	CCONJ	et
hom	NOUN	ome
la	DET	le
pendet	VERB	pender
al	ADP.DET	à.le
col	NOUN	col
a	ADP	a
la	DET	le
nurrice	NOUN	nurrer
,	PUNCT	,
si	ADV	si
revalt	VERB	revaloir
.	PUNCT	.
Si	ADV	si
femme	NOUN	femme
vait	VERB	aler
de	ADP	de
sun	DET	son
ventre	NOUN	ventre
,	PUNCT	,
si	ADV	si
li	DET	le
lit	NOUN	lit
hom	NOUN	ome
a	ADP	a
la	DET	le
quisse	VERB	querre
;	PUNCT	;
et	CCONJ	et
se	PRON	se
hom	NOUN	ome
en	ADP	en
fait	VERB	faire
puldre	NOUN	poudre
et	CCONJ	et
hum	NOUN	homme
la	DET	le
destempred	VERB	destempre
od	ADP	o
sel	NOUN	si.il
et	CCONJ	et
od	ADP	o
ewe	NOUN	eau
et	CCONJ	et
hom	NOUN	ome
en	ADP	en
aruse	VERB	arras
la	DET	le
falde	NOUN	falir
dedenz	ADP	dedenz
et	CCONJ	et
dehors	ADP	defors
,	PUNCT	,
si	ADV	si
devendrunt	VERB	devendre
les	DET	le
berbiz	NOUN	berbis
laitieres	NOUN	laiiert
,	PUNCT	,
et	CCONJ	et
ruigne	ADJ	ruigne
ne	ADV	ne
lur	DET	leur
avient	VERB	avenir
mie	ADV	mie
;	PUNCT	;
et	CCONJ	et
,	PUNCT	,
ceo	DET	ce
dient	VERB	dire
les	DET	le
anciens	ADJ	ancien
:	PUNCT	:
ki	PRON	qui
ceste	DET	cest
piere	NOUN	piere
portet	VERB	porter
,	PUNCT	,
ele	PRON	il
li	DET	le
valt	VERB	valoir
aultretant	ADV	autreson
cume	SCONJ	comme
tutes	DET	tous
les	DET	le
altres	PRON	autre
.	PUNCT	.
Se	SCONJ	se
hom	NOUN	ome
la	DET	le
ported	NOUN	porter
en	ADP	en
la	DET	le
buche	NOUN	bouche
et	CCONJ	et
ele	PRON	il
remetet	VERB	remettre
,	PUNCT	,
si	ADV	si
li	DET	le
trublet	VERB	trubler
le	DET	le
sens	NOUN	sens
.	PUNCT	.
Hom	NOUN	ome
la	DET	le
trovet	VERB	trouver
el	ADP.DET	en.le
Nil	PRON	nul
.	PUNCT	.
Quant	SCONJ	cant
hom	NOUN	ome
la	DET	le
friet	NOUN	freindre
a	ADP	a
la	DET	le
cuz	NOUN	cui
,	PUNCT	,
dunc	ADV	donc
ad	VERB	avoir
ele	PRON	il
colur	NOUN	collur
et	CCONJ	et
savur	NOUN	savoir
de	ADP	de
lait	VERB	lait
.	PUNCT	.
Oritis	NOUN	oritier
.	PUNCT	.
-	PUNCT	-
Orites	NOUN	orite
est	VERB	estre
neire	NOUN	naire
et	CCONJ	et
rounde	ADJ	roude
.	PUNCT	.
Ele	PRON	il
valt	VERB	valoir
mult	ADV	moult
contre	ADP	contre
venim	VERB	venir
et	CCONJ	et
contre	ADP	contre
morsures	NOUN	morsur
de	ADP	de
bestes	NOUN	beste
et	CCONJ	et
de	ADP	de
serpenz	NOUN	serpent
.	PUNCT	.
Se	SCONJ	se
hom	NOUN	ome
la	DET	le
triblet	VERB	triblet
od	ADP	o
olie	NOUN	olire
roset	VERB	roster
et	CCONJ	et
hom	NOUN	ome
le	DET	le
met	VERB	metre
ki	PRON	qui
vait	VERB	aler
par	ADP	par
deserz	ADP	deser
entre	ADP	entre
fieres	NOUN	ferir
bestes	NOUN	beste
,	PUNCT	,
et	CCONJ	et
od	ADP	o
sei	PRON	soi
ad	VERB	avoir
le	DET	le
orite	NOUN	orite
ki	PRON	qui
turne	NOUN	torner
od	ADP	o
verdur	NOUN	verdur
et	CCONJ	et
ad	VERB	avoir
blanches	ADJ	blanc
taches	NOUN	tache
,	PUNCT	,
ele	PRON	il
defent	VERB	defendre
celui	DET	cel
de	ADP	de
morsure	NOUN	morsur
et	CCONJ	et
de	ADP	de
bleceure	NOUN	blecier
de	ADP	de
ferains	NOUN	faire
et	CCONJ	et
de	ADP	de
serpenz	NOUN	serpent
.	PUNCT	.
La	DET	le
tierce	NOUN	tierce
maniere	NOUN	manière
de	ADP	de
orite	NOUN	orite
est	VERB	estre
plus	ADV	plus
pressiede	ADJ	presdre
,	PUNCT	,
ker	CCONJ	car
ele	PRON	il
est	VERB	estre
de	ADP	de
l'	DET	le
une	DET	un
part	NOUN	part
aspre	NOUN	aspre
cume	SCONJ	comme
s'	DET	soi
ele	PRON	il
fust	VERB	estre
pleine	ADJ	plein
de	ADP	de
clous	NOUN	clore
,	PUNCT	,
et	CCONJ	et
de	ADP	de
l'	DET	le
altre	ADJ	autre
part	NOUN	part
pleine	ADJ	plein
cume	SCONJ	comme
fer	NOUN	fer
esmulut	VERB	empulor
.	PUNCT	.
Femme	NOUN	femme
ki	PRON	qui
la	DET	le
portet	VERB	porter
sur	ADP	sur
sei	PRON	soi
ne	ADV	ne
enceinte	ADJ	encentier
mie	ADV	mie
,	PUNCT	,
et	CCONJ	et
si	ADV	si
enceinte	ADJ	encentier
la	DET	le
ported	NOUN	porter
,	PUNCT	,
ele	PRON	il
pert	VERB	perdre
sun	DET	son
enfaunt	NOUN	enfant
.	PUNCT	.
Hyaenia	PROPN	häinele
.	PUNCT	.
-	PUNCT	-
Hienia	PROPN	hinoiine
est	VERB	estre
une	DET	un
piere	NOUN	piere
que	SCONJ	que
une	DET	un
beste	NOUN	beste
porte	NOUN	porte
en	ADP	en
la	DET	le
purnele	NOUN	prunele
de	ADP	de
l'	DET	le
oil	NOUN	oui
,	PUNCT	,
ki	PRON	qui
ad	VERB	avoir
num	DET	nom
hiene	NOUN	hene
.	PUNCT	.
Iceste	ADJ	cist
piere	NOUN	piere
,	PUNCT	,
si	ADV	si
cume	SCONJ	comme
noz	DET	notre
aunceisurs	NOUN	anquerre
distrent	VERB	dire
,	PUNCT	,
fait	VERB	faire
hume	NOUN	homme
devin	NOUN	devin
,	PUNCT	,
se	PRON	se
il	PRON	il
la	DET	le
tient	VERB	tenir
suz	ADP	sous
sa	DET	son
lange	NOUN	lange
,	PUNCT	,
si	ADV	si
que	SCONJ	que
sa	DET	son
buche	NOUN	bouche
seit	VERB	être
einz	ADV	ainz
lavee	VERB	laver
.	PUNCT	.
Liparea	PROPN	liapparpe
.	PUNCT	.
-	PUNCT	-
Liparea	PROPN	liapparpe
est	VERB	estre
en	ADP	en
Libie	PROPN	libe
,	PUNCT	,
et	CCONJ	et
si	ADV	si
est	VERB	estre
de	ADP	de
tiele	NOUN	tel
nature	NOUN	nature
que	SCONJ	que
tute	DET	tout
salvagine	ADJ	sauvagne
vient	VERB	venir
de	ADP	de
gred	NOUN	graid
a	ADP	a
celui	DET	cel
ki	PRON	qui
la	DET	le
portet	VERB	porter
,	PUNCT	,
ke	SCONJ	que
il	PRON	il
en	ADP	en
purrat	VERB	pouvoir
prendre	VERB	prendre
asez	ADV	assez
senz	ADP	sans
chacier	VERB	chacier
.	PUNCT	.
Enhygros	NOUN	engiros
.	PUNCT	.
-	PUNCT	-
Enidros	ADJ	endrois
pluret	VERB	plurer
tuz	DET	tous
jurs	NOUN	jur
et	CCONJ	et
degutet	NOUN	degette
,	PUNCT	,
si	ADV	si
que	SCONJ	que
ele	PRON	il
n'	ADV	ne
est	VERB	estre
mie	ADV	mie
pur	ADP	pour
ceo	DET	ce
mendre	VERB	mener
.	PUNCT	.
Iris	PROPN	rire
.	PUNCT	.
-	PUNCT	-
Yris	PROPN	rire
est	VERB	estre
en	ADP	en
Arabie	PROPN	arabi
et	CCONJ	et
en	ADP	en
la	DET	le
Ruge	NOUN	ruge
Mer	CCONJ	mer
.	PUNCT	.
Ele	PRON	il
ad	VERB	avoir
semblance	NOUN	semblance
de	ADP	de
cristal	NOUN	crilat
.	PUNCT	.
Si	ADV	si
hom	NOUN	ome
la	DET	le
tient	VERB	tenir
el	ADP.DET	en.le
rai	VERB	rai
del	ADP.DET	de.le
solel	NOUN	soleil
,	PUNCT	,
ele	PRON	il
fait	VERB	faire
en	ADP	en
la	DET	le
pareit	NOUN	pareir
un	DET	un
umbre	NOUN	ombre
ki	PRON	qui
resemble	NOUN	resmevoir
a	ADP	a
l'	DET	le
arc	NOUN	arc
del	ADP.DET	de.le
ciel	NOUN	ciel
.	PUNCT	.
Androdamas	PROPN	endrodamdre
.	PUNCT	.
-	PUNCT	-
Androdamma	VERB	endrombrer
est	VERB	estre
furmee	NOUN	furement
cume	SCONJ	comme
deit	VERB	devoir
quarree	VERB	carrer
,	PUNCT	,
et	CCONJ	et
ad	VERB	avoir
colur	NOUN	collur
de	ADP	de
argent	NOUN	argent
.	PUNCT	.
Si	ADV	si
la	DET	le
trovet	VERB	trouver
hom	NOUN	ome
en	ADP	en
la	DET	le
gravele	NOUN	gravele
de	ADP	de
la	DET	le
Ruge	NOUN	ruge
Mer	CCONJ	mer
.	PUNCT	.
Ele	PRON	il
est	VERB	estre
de	ADP	de
si	ADV	si
grant	ADJ	grant
vertut	NOUN	vertu
que	SCONJ	que
la	DET	le
u	CCONJ	ou
ele	PRON	il
est	VERB	estre
ne	ADV	ne
puet	VERB	pöoir
remaindre	VERB	remanoir
ire	NOUN	ire
,	PUNCT	,
ker	CCONJ	car
ele	PRON	il
dunet	VERB	donner
leece	VERB	leece
et	CCONJ	et
asuage	NOUN	assauge
curage	NOUN	courage
.	PUNCT	.
Margarita	PROPN	margaite
.	PUNCT	.
-	PUNCT	-
Perle	NOUN	perle
est	VERB	estre
en	ADP	en
la	DET	le
musle	NOUN	mule
,	PUNCT	,
et	CCONJ	et
si	ADV	si
ad	VERB	avoir
num	DET	nom
unio	DET	un
pur	ADP	pour
ceo	DET	ce
que	SCONJ	que
ja	ADV	ja
n'	ADV	ne
i	ADV	i
avrat	VERB	avoir
fors	ADV	fors
une	DET	un
.	PUNCT	.
Li	DET	le
sage	ADJ	sage
dient	VERB	dire
que	SCONJ	que
les	DET	le
musles	NOUN	mule
sunt	VERB	être
overtes	NOUN	ovrir
cuntremunt	ADV	contremont
;	PUNCT	;
si	ADV	si
receivent	VERB	recevoir
la	DET	le
rusee	NOUN	ruese
del	ADP.DET	de.le
ciel	NOUN	ciel
,	PUNCT	,
et	CCONJ	et
de	ADP	de
ceo	DET	ce
creissent	VERB	craistre
les	DET	le
perles	NOUN	perle
;	PUNCT	;
de	ADP	de
la	DET	le
rusee	NOUN	ruese
del	ADP.DET	de.le
matin	NOUN	matin
devienent	VERB	devenir
blanches	ADJ	blanc
et	CCONJ	et
cleres	NOUN	cler
,	PUNCT	,
et	CCONJ	et
de	ADP	de
cele	DET	cel
del	ADP.DET	de.le
seir	NOUN	seignor
devienent	VERB	devenir
obscures	NOUN	obscure
.	PUNCT	.
Les	DET	le
jofnes	NOUN	josfend
musles	NOUN	mule
portent	VERB	porter
plus	ADV	plus
cleres	NOUN	cler
que	SCONJ	que
les	DET	le
vielles	ADJ	vieille
.	PUNCT	.
Tant	ADV	tant
cum	SCONJ	comme
plus	ADV	plus
receit	VERB	recet
de	ADP	de
la	DET	le
rusee	NOUN	ruese
,	PUNCT	,
taunt	ADV	tantou
est	VERB	estre
la	DET	le
piere	NOUN	piere
u	CCONJ	ou
la	DET	le
perle	NOUN	pere
groisseur	NOUN	grosois
,	PUNCT	,
mais	NOUN	mais
nule	DET	nul
n'	ADV	ne
est	VERB	estre
groissur	NOUN	grosois
de	ADP	de
demie	ADJ	demi
unce	DET	onque
.	PUNCT	.
Se	SCONJ	se
il	PRON	il
tune	ADJ	tien
quant	SCONJ	cant
eles	PRON	il
receivent	VERB	recevoir
la	DET	le
rusee	NOUN	ruese
,	PUNCT	,
dunc	ADV	donc
perissent	VERB	perser
les	DET	le
perles	NOUN	perle
.	PUNCT	.
En	ADP	en
Indie	ADJ	indide
naissent	ADJ	naistre
et	CCONJ	et
en	ADP	en
la	DET	le
grant	ADJ	grant
Bretaigne	PROPN	bretagne
.	PUNCT	.
La	DET	le
perle	NOUN	pere
est	VERB	estre
atempree	VERB	atemprer
entre	ADP	entre
le	DET	le
chaut	ADJ	chaloir
e	CCONJ	et
le	DET	le
freit	NOUN	fraindre
,	PUNCT	,
et	CCONJ	et
ele	PRON	il
est	VERB	estre
muiste	NOUN	muistre
et	CCONJ	et
ele	PRON	il
est	VERB	estre
seche	NOUN	sechier
.	PUNCT	.
La	DET	le
grendre	ADJ	grand
est	VERB	estre
de	ADP	de
maiur	NOUN	maire
vertut	NOUN	vertu
que	SCONJ	que
la	DET	le
mendre	VERB	mener
,	PUNCT	,
et	CCONJ	et
la	DET	le
clere	ADJ	clair
plus	ADV	plus
vertuose	NOUN	vertu
que	SCONJ	que
la	DET	le
oscure	NOUN	oscur
,	PUNCT	,
e	CCONJ	et
la	DET	le
runde	ADJ	rude
mieldre	ADJ	mieuxler
que	SCONJ	que
la	DET	le
beslunge	ADJ	beslogne
.	PUNCT	.
Proprement	ADV	proprement
valt	VERB	valoir
a	ADP	a
gute	NOUN	guet
cural	NOUN	crolair
,	PUNCT	,
e	CCONJ	et
a	ADP	a
ceo	DET	ce
que	SCONJ	que
cuer	NOUN	cuer
tremblet	NOUN	trembler
,	PUNCT	,
et	CCONJ	et
a	ADP	a
cels	DET	cel
ki	PRON	qui
unt	VERB	avoir
poür	NOUN	pouvoir
,	PUNCT	,
si	ADV	si
ne	ADV	ne
sevent	VERB	savoir
pur	ADP	pour
quei	PRON	quere
.	PUNCT	.
Le	DET	le
saunc	NOUN	sanu
esclairet	VERB	éclairer
del	ADP.DET	de.le
cors	NOUN	cors
,	PUNCT	,
sin	DET	si
ostet	VERB	oster
la	DET	le
neire	NOUN	naire
cole	NOUN	cole
,	PUNCT	,
et	CCONJ	et
si	ADV	si
il	PRON	il
est	VERB	estre
trop	ADV	trop
espés	NOUN	épée
,	PUNCT	,
si	ADV	si
l'	DET	le
atenuiet	VERB	attendre
;	PUNCT	;
les	DET	le
oilz	NOUN	oile
confortet	VERB	conforter
.	PUNCT	.
Aristotiles	PROPN	artice
dist	VERB	dire
:	PUNCT	:
Jo	PRON	je
vi	VERB	vëoir
asquanz	VERB	aucassin
ki	PRON	qui
destemprerent	VERB	destremper
les	DET	le
perles	NOUN	perle
,	PUNCT	,
si	ADV	si
en	ADP	en
laverent	VERB	laver
les	DET	le
taches	NOUN	tache
blaunches	ADJ	blancun
del	ADP.DET	de.le
cors	NOUN	cors
,	PUNCT	,
si	ADV	si
s'	DET	soi
en	ADP	en
alerent	VERB	aler
.	PUNCT	.
La	DET	le
perle	NOUN	pere
est	VERB	estre
bone	ADJ	bon
contre	ADP	contre
ceo	DET	ce
que	SCONJ	que
oilz	NOUN	oile
estendent	VERB	étendre
trop	ADV	trop
.	PUNCT	.
Alquanz	DET	aucans
dient	VERB	dire
que	SCONJ	que
hom	NOUN	ome
put	VERB	puit
metre	VERB	metre
les	DET	le
eschales	NOUN	eschaler
des	ADP.DET	de.le
musles	NOUN	mule
en	ADP	en
liu	NOUN	lieu
des	ADP.DET	de.le
perles	NOUN	perle
en	ADP	en
medecine	NOUN	medecine
.	PUNCT	.
Pantheros	PROPN	penter
.	PUNCT	.
-	PUNCT	-
Pantere	NOUN	penter
est	VERB	estre
de	ADP	de
multes	NOUN	moult
culurs	NOUN	courlur
:	PUNCT	:
neire	NOUN	naire
,	PUNCT	,
ruge	NOUN	ruge
,	PUNCT	,
verte	ADJ	vert
,	PUNCT	,
pale	NOUN	pale
,	PUNCT	,
purpre	NOUN	pourpre
,	PUNCT	,
et	CCONJ	et
ad	VERB	avoir
colur	NOUN	collur
de	ADP	de
rose	NOUN	rose
.	PUNCT	.
Tutes	DET	tous
cestes	DET	cest
culurs	NOUN	courlur
ad	VERB	avoir
ele	PRON	il
ensemble	ADV	ensemble
.	PUNCT	.
Ki	PRON	qui
la	DET	le
veit	VERB	vëoir
le	DET	le
matin	NOUN	matin
,	PUNCT	,
ja	ADV	ja
le	DET	le
jor	NOUN	jor
n'	ADV	ne
iert	VERB	estre
vencuz	VERB	venir
en	ADP	en
bataille	NOUN	bataille
ne	ADV	ne
en	ADP	en
nule	DET	nul
afere	NOUN	afaire
.	PUNCT	.
Pantere	NOUN	penter
est	VERB	estre
une	DET	un
beste	NOUN	beste
de	ADP	de
Indie	ADJ	indide
de	ADP	de
diverse	ADJ	divers
culur	NOUN	coulor
,	PUNCT	,
dunt	PRON	dont
bestes	NOUN	beste
unt	VERB	avoir
pour	ADP	pour
,	PUNCT	,
e	CCONJ	et
ceste	DET	cest
piere	NOUN	piere
est	VERB	estre
apelee	VERB	apeler
suentre	NOUN	soisenter
li	DET	le
.	PUNCT	.
Chalcophonos	PROPN	chacholon
.	PUNCT	.
-	PUNCT	-
Calcofanos	PROPN	caclefor
sonet	VERB	soner
et	CCONJ	et
retentist	VERB	retenir
quant	SCONJ	cant
hom	NOUN	ome
la	DET	le
fiert	VERB	ferir
.	PUNCT	.
Ki	PRON	qui
chastement	NOUN	chastement
la	DET	le
portet	VERB	porter
,	PUNCT	,
ele	PRON	il
li	DET	le
dunet	VERB	donner
dulce	ADJ	doux
voiz	NOUN	voiz
,	PUNCT	,
si	ADV	si
ne	ADV	ne
esroerat	VERB	esroretre
pas	NOUN	pas
;	PUNCT	;
ele	PRON	il
si	ADV	si
est	VERB	estre
neire	NOUN	naire
.	PUNCT	.
Molochitis	PROPN	mouvoir
.	PUNCT	.
-	PUNCT	-
Melochites	PROPN	melopier
guardet	NOUN	garder
enfanz	NOUN	enfant
od	ADP	o
la	DET	le
vertut	NOUN	vertu
que	SCONJ	que
il	PRON	il
ad	VERB	avoir
,	PUNCT	,
e	CCONJ	et
tolt	DET	tolir
que	SCONJ	que
nule	DET	nul
mesaventure	NOUN	mesvestanance
ne	ADV	ne
lur	DET	leur
poet	VERB	pöoir
avenir	VERB	avenir
.	PUNCT	.
Ele	PRON	il
est	VERB	estre
bele	ADJ	bel
,	PUNCT	,
kar	CCONJ	car
ele	PRON	il
ad	VERB	avoir
une	DET	un
crasse	VERB	craisse
verdur	NOUN	verdur
;	PUNCT	;
si	ADV	si
resemblet	VERB	resmevoir
smaragde	NOUN	sagradis
.	PUNCT	.
De	ADP	de
Arabie	PROPN	arabi
vient	VERB	venir
.	PUNCT	.
Tecolithus	PROPN	tecloiier
.	PUNCT	.
-	PUNCT	-
Cecolitus	PROPN	cecolit
resemblet	VERB	resmevoir
nuel	ADJ	nul
de	ADP	de
olive	NOUN	olive
;	PUNCT	;
vil	ADJ	vil
a	ADP	a
veer	VERB	vëer
mais	NOUN	mais
de	ADP	de
mult	ADV	moult
grant	ADJ	grant
vertud	NOUN	vertu
est	VERB	estre
,	PUNCT	,
kar	CCONJ	car
,	PUNCT	,
si	ADV	si
hom	NOUN	ome
la	DET	le
destrempet	VERB	destremer
od	ADP	o
ewe	NOUN	eau
et	CCONJ	et
dunet	VERB	donner
a	ADP	a
beivre	VERB	baivre
,	PUNCT	,
ele	PRON	il
fraint	VERB	freindre
la	DET	le
piere	NOUN	piere
et	CCONJ	et
bien	NOUN	bien
expurget	NOUN	expurer
la	DET	le
vessie	VERB	voissie
de	ADP	de
la	DET	le
gravele	NOUN	gravele
.	PUNCT	.
Diadochos	PROPN	dïauc
.	PUNCT	.
-	PUNCT	-
Diadocos	PROPN	dïaut
est	VERB	estre
bone	ADJ	bon
a	ADP	a
cels	DET	cel
ki	PRON	qui
volent	VERB	voler
les	DET	le
secrez	VERB	serce
deviner	VERB	deviner
par	ADP	par
ewe	NOUN	eau
,	PUNCT	,
ne	ADV	ne
nule	DET	nul
piere	NOUN	piere
ne	ADV	ne
valt	VERB	valoir
plus	ADV	plus
que	SCONJ	que
ceste	DET	cest
.	PUNCT	.
Mais	CCONJ	mais
se	PRON	se
ele	PRON	il
atuchet	VERB	attacher
a	ADP	a
mort	NOUN	mort
hom	NOUN	ome
,	PUNCT	,
si	ADV	si
pert	VERB	perdre
sa	DET	son
force	NOUN	force
,	PUNCT	,
pur	ADP	pour
ceo	DET	ce
que	SCONJ	que
seinte	ADJ	saint
piere	NOUN	piere
est	VERB	estre
et	CCONJ	et
het	VERB	häir
la	DET	le
mort	NOUN	mort
.	PUNCT	.
Dionysias	PROPN	dire
.	PUNCT	.
-	PUNCT	-
Dionisia	PROPN	doinir
est	VERB	estre
neire	NOUN	naire
;	PUNCT	;
si	ADV	si
est	VERB	estre
degutee	NOUN	dejeter
de	ADP	de
ruges	NOUN	rus
gutes	NOUN	guet
.	PUNCT	.
Quant	SCONJ	cant
ele	PRON	il
est	VERB	estre
triblee	NOUN	trible
od	ADP	o
ewe	NOUN	eau
,	PUNCT	,
si	ADV	si
ad	VERB	avoir
odur	ADP	oudre
de	ADP	de
vin	NOUN	vin
,	PUNCT	,
et	CCONJ	et
nequedent	ADV	nequedent
tolt	DET	tolir
ivereces	NOUN	iverece
.	PUNCT	.
Chryselectrum	PROPN	cristumettre
.	PUNCT	.
-	PUNCT	-
Criselectre	PROPN	criseller
ad	VERB	avoir
colur	NOUN	collur
de	ADP	de
or	NOUN	or
et	CCONJ	et
de	ADP	de
electre	VERB	exercette
.	PUNCT	.
Iceste	ADJ	cist
piere	NOUN	piere
ad	VERB	avoir
colur	NOUN	collur
bele	ADJ	bel
le	DET	le
matin	NOUN	matin
,	PUNCT	,
et	CCONJ	et
puis	NOUN	puis
muet	VERB	movoir
alches	VERB	acces
sa	DET	son
colur	NOUN	collur
et	CCONJ	et
sa	DET	son
bealtét	ADJ	betatier
.	PUNCT	.
Ele	PRON	il
est	VERB	estre
de	ADP	de
tele	DET	tel
nature	NOUN	nature
que	SCONJ	que
nule	DET	nul
rien	NOUN	rien
el	ADP.DET	en.le
siecle	NOUN	siècle
ne	ADV	ne
esprent	VERB	esprendre
plus	ADV	plus
tost	DET	tost
que	SCONJ	que
ele	PRON	il
fait	VERB	faire
,	PUNCT	,
quant	SCONJ	cant
hom	NOUN	ome
la	DET	le
tochet	VERB	tochier
a	ADP	a
feu	NOUN	feu
.	PUNCT	.
Onyx	PROPN	onil
.	PUNCT	.
-	PUNCT	-
Onicle	NOUN	oncil
portee	NOUN	porter
al	ADP.DET	à.le
col	NOUN	col
pendue	VERB	pendeur
u	CCONJ	ou
en	ADP	en
deit	VERB	devoir
fait	VERB	faire
grefs	ADJ	gref
sunges	NOUN	songier
sunger	VERB	songre
et	CCONJ	et
fet	VERB	faire
tençuns	NOUN	tençon
et	CCONJ	et
fet	VERB	faire
enfanz	NOUN	enfant
bavus	ADJ	baux
.	PUNCT	.
Ele	PRON	il
vient	VERB	venir
de	ADP	de
Arabie	PROPN	arabi
et	CCONJ	et
de	ADP	de
Indie	ADJ	indide
;	PUNCT	;
si	ADV	si
est	VERB	estre
de	ADP	de
cinc	DET	cinc
maneres	NOUN	mener
.	PUNCT	.
Sardius	PROPN	sardis
.	PUNCT	.
-	PUNCT	-
Sardine	PROPN	sardin
est	VERB	estre
apelee	VERB	apeler
de	ADP	de
une	DET	un
ihlle	NOUN	isle
u	CCONJ	ou
ele	PRON	il
fud	VERB	deuf
primes	NOUN	prim
trovee	VERB	trover
.	PUNCT	.
Ele	PRON	il
est	VERB	estre
ruge	NOUN	ruge
et	CCONJ	et
la	DET	le
plus	ADV	plus
vile	NOUN	vile
des	ADP.DET	de.le
gemmes	NOUN	meme
.	PUNCT	.
Ele	PRON	il
n'	ADV	ne
ad	VERB	avoir
nule	DET	nul
vertud	NOUN	vertu
fors	ADV	fors
la	DET	le
bealtéd	NOUN	betaitle
.	PUNCT	.
Asquanz	ADP	ascuant
dient	VERB	dire
que	SCONJ	que
ele	PRON	il
tolt	DET	tolir
sanglutement	NOUN	sanglement
et	CCONJ	et
contratiun	NOUN	contraindre
de	ADP	de
nerfs	NOUN	nerf
,	PUNCT	,
et	CCONJ	et
tout	DET	tout
,	PUNCT	,
ki	PRON	qui
sur	ADP	sur
sei	PRON	soi
l'	DET	le
at	VERB	avoir
,	PUNCT	,
a	ADP	a
l'	DET	le
onicle	NOUN	oncile
ses	DET	son
mals	NOUN	mal
.	PUNCT	.
Chrysoprasus	ADJ	chroprestre
.	PUNCT	.
-	PUNCT	-
Crisoprassus	PROPN	crasort
naist	NOUN	naistre
en	ADP	en
la	DET	le
terre	NOUN	terre
de	ADP	de
Ethiopie	VERB	ethiepse
,	PUNCT	,
ki	PRON	qui
par	ADP	par
jur	NOUN	jour
ad	VERB	avoir
altretele	NOUN	autrepé
colur	NOUN	collur
cume	SCONJ	comme
or	NOUN	or
et	CCONJ	et
par	ADP	par
nuit	NOUN	nuit
dunet	VERB	donner
clartét	NOUN	carté
cume	SCONJ	comme
fu	VERB	estre
.	PUNCT	.
Chrysoprasus	ADJ	chroprestre
.	PUNCT	.
-	PUNCT	-
Crisopras	PROPN	cripasser
vient	VERB	venir
de	ADP	de
Indie	ADJ	indide
;	PUNCT	;
ele	PRON	il
ad	VERB	avoir
colur	NOUN	collur
de	ADP	de
jus	ADV	jus
de	ADP	de
porrete	NOUN	porte
;	PUNCT	;
si	ADV	si
ad	VERB	avoir
gutes	NOUN	guet
cume	SCONJ	comme
or	NOUN	or
.	PUNCT	.
Ne	CCONJ	ne
trovai	VERB	trover
unques	ADV	onque
ses	DET	son
vertuz	NOUN	vertu
escrites	NOUN	écriter
.	PUNCT	.
Alabandica	VERB	abalcantir
.	PUNCT	.
-	PUNCT	-
Alamandine	PROPN	alangne
ki	PRON	qui
vient	VERB	venir
de	ADP	de
une	DET	un
terre	NOUN	terre
de	ADP	de
Asia	PROPN	asseoir
ki	PRON	qui
ad	VERB	avoir
nun	NOUN	non
Alabandine	PROPN	alablenc
.	PUNCT	.
Ele	PRON	il
resemblet	VERB	resmevoir
si	ADV	si
a	ADP	a
sardine	ADJ	sardine
que	SCONJ	que
grief	ADJ	grief
est	VERB	estre
a	ADP	a
cunuistre	NOUN	connuretion
la	DET	le
une	DET	un
de	ADP	de
l'	DET	le
altre	ADJ	autre
.	PUNCT	.
Carbunculus	PROPN	carbongle
.	PUNCT	.
-	PUNCT	-
Carbuncle	PROPN	carbbrumin
veint	VERB	veintre
tutes	DET	tous
ardauntes	ADJ	ardre
pieres	NOUN	piere
,	PUNCT	,
kar	CCONJ	car
ele	PRON	il
getet	VERB	jeter
rais	NOUN	rai
de	ADP	de
tutes	DET	tous
parz	NOUN	part
cume	SCONJ	comme
charbun	NOUN	charbon
vif	ADJ	vif
,	PUNCT	,
et	CCONJ	et
pur	ADP	pour
iceo	PRON	ice
ad	VERB	avoir
num	DET	nom
charbuncle	NOUN	charbengue
.	PUNCT	.
Par	ADP	par
nuit	NOUN	nuit
est	VERB	estre
clere	ADJ	clair
et	CCONJ	et
jur	NOUN	jour
nient	ADV	néant
.	PUNCT	.
Hom	NOUN	ome
la	DET	le
trovet	VERB	trouver
en	ADP	en
Libie	PROPN	libe
.	PUNCT	.
Asbestos	VERB	asseoir
.	PUNCT	.
-	PUNCT	-
Abestos	PROPN	abatre
est	VERB	estre
en	ADP	en
la	DET	le
cuntree	VERB	contree
de	ADP	de
Arcadie	PROPN	arcandie
;	PUNCT	;
si	ADV	si
ad	VERB	avoir
colur	NOUN	collur
de	ADP	de
fer	NOUN	fer
.	PUNCT	.
Ele	PRON	il
est	VERB	estre
de	ADP	de
mervelluse	ADJ	merveillos
nature	NOUN	nature
,	PUNCT	,
kar	CCONJ	car
se	PRON	se
ele	PRON	il
une	DET	un
feiz	NOUN	faire
est	VERB	estre
esprise	VERB	esprendre
,	PUNCT	,
ele	PRON	il
art	NOUN	art
tuz	DET	tous
jurs	NOUN	jur
mes	DET	mais
.	PUNCT	.
Sagda	PROPN	sagandre
.	PUNCT	.
-	PUNCT	-
Sadda	PROPN	sadant
est	VERB	estre
grieve	VERB	grever
a	ADP	a
trover	VERB	trover
sur	ADP	sur
tutes	DET	tous
les	DET	le
altres	PRON	autre
gemmes	NOUN	meme
ki	PRON	qui
sunt	VERB	être
,	PUNCT	,
kar	CCONJ	car
ja	ADV	ja
ne	ADV	ne
serreit	NOUN	être
trovee	VERB	trover
se	PRON	se
ele	PRON	il
ne	ADV	ne
se	PRON	se
aersist	VERB	arester
as	VERB	a.le
planches	NOUN	plance
de	ADP	de
la	DET	le
nef	NOUN	nef
,	PUNCT	,
ker	CCONJ	car
ele	PRON	il
aert	VERB	avoir
si	ADV	si
fermement	NOUN	fermement
que	SCONJ	que
hom	NOUN	ome
ne	ADV	ne
la	DET	le
puet	VERB	pöoir
oster	VERB	oster
,	PUNCT	,
se	PRON	se
hom	NOUN	ome
ne	ADV	ne
taillet	NOUN	taille
le	DET	le
fust	VERB	estre
.	PUNCT	.
Ele	PRON	il
ad	VERB	avoir
culur	NOUN	coulor
de	ADP	de
maruil	NOUN	maril
.	PUNCT	.
Se	SCONJ	se
vient	VERB	venir
de	ADP	de
la	DET	le
terre	NOUN	terre
des	ADP.DET	de.le
Caldeus	PROPN	caldeu
.	PUNCT	.
Chalazias	PROPN	chalatiau
.	PUNCT	.
-	PUNCT	-
Gelange	PROPN	galengle
dunet	VERB	donner
bealtét	ADJ	betatier
a	ADP	a
altres	PRON	autre
gemmes	NOUN	meme
.	PUNCT	.
Ele	PRON	il
est	VERB	estre
si	ADV	si
dure	ADJ	dur
que	SCONJ	que
en	ADP	en
nule	DET	nul
maniere	NOUN	manière
ne	ADV	ne
pot	VERB	pöoir
estre	VERB	estre
depeciede	VERB	depecier
,	PUNCT	,
et	CCONJ	et
tuz	DET	tous
jurs	NOUN	jur
est	VERB	estre
freide	NOUN	froide
;	PUNCT	;
ne	ADV	ne
ja	ADV	ja
ne	ADV	ne
pot	VERB	pöoir
estre	VERB	estre
eschaufee	VERB	échaufer
.	PUNCT	.
Hexacontalithos	PROPN	hestal-gont
.	PUNCT	.
-	PUNCT	-
Exaconzalitos	PROPN	expecanture
est	VERB	estre
de	ADP	de
seisante	ADJ	saistier
colurs	NOUN	collur
,	PUNCT	,
et	CCONJ	et
tutes	DET	tous
les	DET	le
at	VERB	avoir
en	ADP	en
petit	ADJ	petit
de	ADP	de
liu	NOUN	lieu
.	PUNCT	.
Hom	NOUN	ome
la	DET	le
trovet	VERB	trouver
en	ADP	en
Libie	PROPN	libe
ot	VERB	avoir
les	DET	le
Tragodites	PROPN	tragdedit
.	PUNCT	.
Prasius	VERB	présis
.	PUNCT	.
-	PUNCT	-
Prasius	VERB	présis
est	VERB	estre
contee	VERB	conter
entre	ADP	entre
gemmes	NOUN	meme
,	PUNCT	,
mais	NOUN	mais
n'	ADV	ne
est	VERB	estre
mie	ADV	mie
chiere	NOUN	chier
,	PUNCT	,
kar	CCONJ	car
ele	PRON	il
n'	ADV	ne
at	VERB	avoir
nule	DET	nul
utilitét	DET	utaitlier
,	PUNCT	,
fors	ADV	fors
que	SCONJ	que
ele	PRON	il
est	VERB	estre
verte	ADJ	vert
,	PUNCT	,
e	CCONJ	et
avient	VERB	avenir
en	ADP	en
or	NOUN	or
.	PUNCT	.
Altre	ADJ	autre
maniere	NOUN	manière
en	ADP	en
est	VERB	estre
ki	PRON	qui
ad	VERB	avoir
vainetes	VERB	vaintement
sanguines	ADJ	sanguine
.	PUNCT	.
La	DET	le
tierce	NOUN	tierce
maniere	NOUN	manière
ad	VERB	avoir
treis	DET	traire
figures	NOUN	figord
blanches	ADJ	blanc
.	PUNCT	.
Pyrites	PROPN	pirité
.	PUNCT	.
-	PUNCT	-
Pirites	PROPN	pirité
est	VERB	estre
falve	ADJ	fauf
;	PUNCT	;
ele	PRON	il
ne	ADV	ne
sufre	NOUN	sufre
mie	ADV	mie
ke	SCONJ	que
hum	NOUN	homme
le	DET	le
estreignet	NOUN	estreindre
,	PUNCT	,
kar	CCONJ	car
ele	PRON	il
art	NOUN	art
la	DET	le
main	NOUN	main
quant	SCONJ	cant
hum	NOUN	homme
le	DET	le
estreint	VERB	estreindre
.	PUNCT	.
Cestes	DET	cest
sunt	VERB	être
les	DET	le
doze	ADJ	doze
pieres	NOUN	piere
auctoriziees	NOUN	acotrier
:	PUNCT	:
jaspis	NOUN	jassit
,	PUNCT	,
saphir	VERB	saphir
,	PUNCT	,
calcedonie	VERB	calondesse
,	PUNCT	,
smaralde	NOUN	sarmalit
,	PUNCT	,
sardonie	NOUN	sarronde
,	PUNCT	,
sardine	ADJ	sardine
,	PUNCT	,
crisolite	NOUN	criler
,	PUNCT	,
berille	NOUN	berille
,	PUNCT	,
topazion	NOUN	topention
,	PUNCT	,
crisopras	VERB	cripasser
,	PUNCT	,
jacincte	NOUN	jacitence
,	PUNCT	,
ametiste	NOUN	ametre
.	PUNCT	.
