Cy	ADV	ci
comence	VERB	commencer
un	DET	un
petit	ADJ	petit
livre	NOUN	livre
pour	ADP	pour
enseigner	VERB	enseigner
les	DET	le
enfantz	NOUN	enfant
de	ADP	de
leur	DET	leur
entreparler	VERB	entreper
comun	DET	commun
françois	NOUN	françois
.	PUNCT	.
Pour	ADP	pour
ce	PRON	ce
sçachez	VERB	savoche
primierement	ADV	priempre
que	SCONJ	que
le	DET	le
an	ADP	en
est	VERB	estre
divisé	NOUN	diviser
en	ADP	en
deux	DET	deux
,	PUNCT	,
c'	CCONJ	ce
est	VERB	estre
assçavoir	VERB	assavoir
le	DET	le
yver	NOUN	hiver
et	CCONJ	et
la	DET	le
esté	VERB	être
.	PUNCT	.
Le	DET	le
yver	NOUN	hiver
a	ADP	a
six	DET	six
mois	NOUN	mois
et	CCONJ	et
la	DET	le
esté	VERB	être
atant	VERB	atendre
,	PUNCT	,
que	SCONJ	que
vallent	NOUN	valent
douse	ADJ	doux
.	PUNCT	.
Et	CCONJ	et
ces	DET	ce
sont	VERB	estre
ces	DET	ce
:	PUNCT	:
march	NOUN	marc
,	PUNCT	,
april	NOUN	aprelir
et	CCONJ	et
may	NOUN	mai
sont	VERB	estre
le	DET	le
primier	VERB	priierme
quarter	DET	quarter
de	ADP	de
l'	DET	le
an	ADP	en
;	PUNCT	;
jun	ADJ	jeun
,	PUNCT	,
julet	VERB	guile
et	CCONJ	et
aoust	NOUN	août
sont	VERB	estre
le	DET	le
seconde	ADJ	second
quartier	ADJ	quartier
;	PUNCT	;
septembre	NOUN	septembre
,	PUNCT	,
octobre	NOUN	occoter
et	CCONJ	et
novembre	NOUN	novrement
sont	VERB	estre
le	DET	le
troisiesme	ADJ	troisonie
;	PUNCT	;
decembre	NOUN	dececer
,	PUNCT	,
janver	VERB	gander
et	CCONJ	et
fevrer	VERB	fervir
sont	VERB	estre
le	DET	le
quatriesme	ADJ	quartement
.	PUNCT	.
Et	CCONJ	et
en	ADP	en
chescun	NOUN	cheschun
mois	NOUN	mois
yl	PRON	il
y	ADV	y
a	ADP	a
des	ADP.DET	de.le
bonnes	ADJ	bon
festes	NOUN	feste
,	PUNCT	,
qar	CCONJ	car
en	ADP	en
march	NOUN	marc
comence	VERB	commencer
volentiers	ADV	volentiers
le	DET	le
Quaresme	NOUN	carseme
,	PUNCT	,
començant	VERB	commencer
par	ADP	par
Quaresme	NOUN	carseme
prennant	ADJ	prendre
.	PUNCT	.
Et	CCONJ	et
luy	PRON	lui
ens	ADV	ens
est	VERB	estre
volentiers	ADV	volentiers
l'	DET	le
Anunciaçoun	PROPN	annumonion
de	ADP	de
Nostre	DET	notre
Dame	NOUN	dame
et	CCONJ	et
Pasques	NOUN	passe
fleuri	NOUN	fleur
et	CCONJ	et
denaprés	NOUN	demander
Pasques	NOUN	passe
.	PUNCT	.
Et	CCONJ	et
april	NOUN	aprelir
est	VERB	estre
la	DET	le
feste	NOUN	fête
de	ADP	de
mon	DET	mon
seignur	NOUN	seigneur
seint	ADJ	saint
Ambroise	PROPN	ambrëos
evesque	NOUN	évêque
et	CCONJ	et
docteur	NOUN	doter
et	CCONJ	et
de	ADP	de
mon	DET	mon
seignur	NOUN	seigneur
saint	ADJ	saint
George	PROPN	garoger
chivalier	NOUN	chilaif
et	CCONJ	et
martyr	NOUN	martir
et	CCONJ	et
de	ADP	de
mon	DET	mon
seignur	NOUN	seigneur
saint	ADJ	saint
Marc	PROPN	marc
evangelistre	VERB	envergleté
.	PUNCT	.
En	ADP	en
may	NOUN	mai
est	VERB	estre
la	DET	le
feste	NOUN	fête
des	ADP.DET	de.le
mes	DET	mais
seignurs	NOUN	seigneur
saint	ADJ	saint
Phelippe	PROPN	philippe
et	CCONJ	et
saint	ADJ	saint
Jaque	ADJ	jacque
apostres	NOUN	apostle
,	PUNCT	,
et	CCONJ	et
la	DET	le
Invencion	PROPN	invention
de	ADP	de
la	DET	le
Sainte	ADJ	saint
Crois	PROPN	croix
.	PUNCT	.
Et	CCONJ	et
volenters	NOUN	volenté
l'	DET	le
Ascencion	PROPN	ascension
de	ADP	de
Nostre	DET	notre
Sire	NOUN	seignor
et	CCONJ	et
le	DET	le
Pentecouste	PROPN	pentessont
et	CCONJ	et
la	DET	le
feste	NOUN	fête
de	ADP	de
la	DET	le
benoite	ADJ	benëir
Trinité	NOUN	trinité
.	PUNCT	.
En	ADP	en
jun	ADJ	jeun
est	VERB	estre
la	DET	le
feste	NOUN	fête
de	ADP	de
mon	DET	mon
seignur	NOUN	seigneur
saint	ADJ	saint
Barnabé	VERB	barnabre
l'	DET	le
apostre	NOUN	apostre
et	CCONJ	et
de	ADP	de
mon	DET	mon
seignur	NOUN	seigneur
Jehan	PROPN	jean
le	DET	le
Baptistre	VERB	batret
et	CCONJ	et
des	ADP.DET	de.le
mes	DET	mais
seignurs	NOUN	seigneur
saint	ADJ	saint
Pierre	PROPN	piere
et	CCONJ	et
saint	ADJ	saint
Pol	PROPN	paul
apostres	NOUN	apostle
.	PUNCT	.
En	ADP	en
julet	VERB	guile
est	VERB	estre
la	DET	le
feste	NOUN	fête
de	ADP	de
ma	DET	mon
dame	NOUN	dame
sainte	ADJ	saint
Margarete	PROPN	marger
vierge	NOUN	vierge
et	CCONJ	et
martire	NOUN	martire
et	CCONJ	et
de	ADP	de
ma	DET	mon
dame	NOUN	dame
sainte	ADJ	saint
Marie	PROPN	marie
Magdalene	PROPN	magnaidele
et	CCONJ	et
de	ADP	de
mon	DET	mon
seignur	NOUN	seigneur
saint	ADJ	saint
Jaque	ADJ	jacque
apostre	NOUN	apostre
et	CCONJ	et
de	ADP	de
ma	DET	mon
dame	NOUN	dame
sainte	ADJ	saint
Anne	PROPN	anne
la	DET	le
mere	NOUN	mere
a	ADP	a
Nostre	DET	notre
Dame	NOUN	dame
.	PUNCT	.
En	ADP	en
aoust	NOUN	août
est	VERB	estre
la	DET	le
feste	NOUN	fête
de	ADP	de
mon	DET	mon
seignur	NOUN	seigneur
saint	ADJ	saint
Lorens	PROPN	lors
martir	NOUN	martir
et	CCONJ	et
de	ADP	de
l'	DET	le
Assumpcion	NOUN	assemplir
Nostre	DET	notre
Dame	NOUN	dame
,	PUNCT	,
et	CCONJ	et
de	ADP	de
mon	DET	mon
seignur	NOUN	seigneur
saint	ADJ	saint
Bartholomeu	PROPN	baroglemont
apostre	NOUN	apostre
.	PUNCT	.
En	ADP	en
septembre	NOUN	septembre
est	VERB	estre
la	DET	le
nativité	NOUN	mativité
de	ADP	de
Nostre	DET	notre
Dame	NOUN	dame
et	CCONJ	et
l'	DET	le
Exaltacion	PROPN	extalant
de	ADP	de
la	DET	le
Sainte	ADJ	saint
Crois	PROPN	croix
et	CCONJ	et
la	DET	le
feste	NOUN	fête
de	ADP	de
mon	DET	mon
seignur	NOUN	seigneur
saint	ADJ	saint
Mathieu	NOUN	matise
apostre	NOUN	apostre
et	CCONJ	et
evangelistre	VERB	envergleté
,	PUNCT	,
et	CCONJ	et
de	ADP	de
mon	DET	mon
seignur	NOUN	seigneur
saint	ADJ	saint
Michel	PROPN	michel
archangre	NOUN	archer
.	PUNCT	.
En	ADP	en
octobre	NOUN	occoter
est	VERB	estre
la	DET	le
feste	NOUN	fête
de	ADP	de
mon	DET	mon
seignur	NOUN	seigneur
saint	ADJ	saint
Dienise	PROPN	dire
et	CCONJ	et
ses	DET	son
compaignons	NOUN	compagnon
et	CCONJ	et
de	ADP	de
mon	DET	mon
seignur	NOUN	seigneur
saint	ADJ	saint
Edward	PROPN	edarcer
roy	NOUN	roi
et	CCONJ	et
confessour	NOUN	confesser
,	PUNCT	,
et	CCONJ	et
de	ADP	de
mon	DET	mon
seignur	NOUN	seigneur
saint	ADJ	saint
Luc	PROPN	luc
evaungelistre	NOUN	alerment
et	CCONJ	et
de	ADP	de
mes	DET	mais
seignurs	NOUN	seigneur
saint	ADJ	saint
Simon	ADJ	simon
et	CCONJ	et
saint	ADJ	saint
Jude	PROPN	jude
apostres	NOUN	apostle
.	PUNCT	.
En	ADP	en
novembre	NOUN	novrement
est	VERB	estre
la	DET	le
feste	NOUN	fête
de	ADP	de
Toutz	DET	tout
Saintz	ADJ	saint
et	CCONJ	et
Toutez	DET	tout
Saintez	PROPN	saint
et	CCONJ	et
de	ADP	de
mon	DET	mon
seignur	NOUN	seigneur
saint	ADJ	saint
Leonarde	PROPN	leandouer
abbé	NOUN	abbé
et	CCONJ	et
de	ADP	de
mon	DET	mon
seignur	NOUN	seigneur
saint	ADJ	saint
Martin	PROPN	martin
evesque	NOUN	évêque
et	CCONJ	et
confessour	NOUN	confesser
et	CCONJ	et
de	ADP	de
ma	DET	mon
dame	NOUN	dame
sainte	ADJ	saint
Katerine	PROPN	catrenit
vierge	NOUN	vierge
et	CCONJ	et
martire	NOUN	martire
et	CCONJ	et
de	ADP	de
mon	DET	mon
seignur	NOUN	seigneur
saint	ADJ	saint
Andreu	PROPN	endre
apostre	NOUN	apostre
.	PUNCT	.
En	ADP	en
decembre	NOUN	dececer
est	VERB	estre
la	DET	le
feste	NOUN	fête
de	ADP	de
mon	DET	mon
seignur	NOUN	seigneur
Nicholas	PROPN	nicolas
et	CCONJ	et
de	ADP	de
la	DET	le
concepcion	NOUN	concierche
de	ADP	de
Nostre	DET	notre
Dame	NOUN	dame
et	CCONJ	et
la	DET	le
feste	NOUN	fête
de	ADP	de
saint	ADJ	saint
Thomas	PROPN	thomas
apostre	NOUN	apostre
et	CCONJ	et
Nouel	DET	noel
.	PUNCT	.
En	ADP	en
janver	VERB	gander
est	VERB	estre
la	DET	le
Circumcision	PROPN	crichance
de	ADP	de
Nostre	DET	notre
Sire	NOUN	seignor
et	CCONJ	et
la	DET	le
Eptiphanie	PROPN	eppiperchine
.	PUNCT	.
En	ADP	en
fevrer	VERB	fervir
est	VERB	estre
la	DET	le
feste	NOUN	fête
de	ADP	de
la	DET	le
Chandeleur	NOUN	chandeleur
et	CCONJ	et
de	ADP	de
mon	DET	mon
seignur	NOUN	seigneur
saint	ADJ	saint
Mathy	PROPN	matir
apostre	NOUN	apostre
.	PUNCT	.
Et	CCONJ	et
chescun	NOUN	cheschun
mois	NOUN	mois
a	ADP	a
quatre	DET	quatre
sepmaines	NOUN	semaine
et	CCONJ	et
chescun	NOUN	cheschun
sepmaine	NOUN	sempener
a	ADP	a
sept	ADJ	sept
jours	NOUN	jour
et	CCONJ	et
sept	ADJ	sept
nuys	NOUN	nuire
,	PUNCT	,
c'	CCONJ	ce
est	VERB	estre
asçavoir	VERB	assavoir
lundi	NOUN	lundi
,	PUNCT	,
maredi	NOUN	mardi
,	PUNCT	,
mercredi	NOUN	mercredi
,	PUNCT	,
jeudi	NOUN	jedit
,	PUNCT	,
vendredi	VERB	vendredi
,	PUNCT	,
semmedi	NOUN	sembre
,	PUNCT	,
dimenche	NOUN	dimmage
,	PUNCT	,
et	CCONJ	et
chescun	NOUN	cheschun
jour	NOUN	jour
ové	NOUN	ovre
sa	DET	son
nuyt	NOUN	nuit
a	ADP	a
vint	VERB	venir
et	CCONJ	et
quatre	DET	quatre
heures	NOUN	heure
.	PUNCT	.
Et	CCONJ	et
maintenant	ADV	maintenant
il	PRON	il
fara	VERB	faire
bon	ADJ	bon
d'	ADP	de
ensaigner	VERB	enseigner
les	DET	le
enfans	NOUN	enfant
a	ADP	a
conpter	VERB	conpret
.	PUNCT	.
Pour	ADP	pour
ce	PRON	ce
comencez	VERB	commencer
ainsi	ADV	ainsi
enpreuf	NOUN	emprendre
:	PUNCT	:
un	DET	un
,	PUNCT	,
deux	DET	deux
,	PUNCT	,
trois	DET	trois
,	PUNCT	,
quatre	DET	quatre
,	PUNCT	,
cinq	DET	cinq
,	PUNCT	,
six	DET	six
,	PUNCT	,
sept	ADJ	sept
,	PUNCT	,
uuit	VERB	uit
,	PUNCT	,
neuf	ADJ	neuf
,	PUNCT	,
dis	VERB	dire
,	PUNCT	,
onse	NOUN	onse
,	PUNCT	,
dous	DET	doux
,	PUNCT	,
tresze	DET	trèsser
,	PUNCT	,
quatorse	DET	quatorze
,	PUNCT	,
quinse	ADJ	quinze
,	PUNCT	,
sesze	ADJ	savoir
,	PUNCT	,
dis	VERB	dire
et	CCONJ	et
sept	ADJ	sept
,	PUNCT	,
dis	VERB	dire
et	CCONJ	et
uuyt	VERB	huit
,	PUNCT	,
dis	VERB	dire
et	CCONJ	et
neuf	ADJ	neuf
,	PUNCT	,
vint	VERB	venir
,	PUNCT	,
vint	VERB	venir
et	CCONJ	et
un	DET	un
,	PUNCT	,
vint	VERB	venir
et	CCONJ	et
deux	DET	deux
,	PUNCT	,
vint	VERB	venir
et	CCONJ	et
trois	DET	trois
,	PUNCT	,
vint	VERB	venir
et	CCONJ	et
quatre	DET	quatre
,	PUNCT	,
vint	VERB	venir
et	CCONJ	et
cinq	DET	cinq
,	PUNCT	,
vint	VERB	venir
et	CCONJ	et
six	DET	six
,	PUNCT	,
vint	VERB	venir
et	CCONJ	et
sept	ADJ	sept
,	PUNCT	,
vint	VERB	venir
et	CCONJ	et
uuyt	VERB	huit
,	PUNCT	,
vint	VERB	venir
et	CCONJ	et
neuf	ADJ	neuf
,	PUNCT	,
trente	DET	trente
,	PUNCT	,
trente	DET	trente
et	CCONJ	et
un	DET	un
,	PUNCT	,
trente	DET	trente
et	CCONJ	et
deux	DET	deux
,	PUNCT	,
et	CCONJ	et
cætera	VERB	cettre
.	PUNCT	.
Quarant	PROPN	quarante
,	PUNCT	,
quarant	PRON	quarante
et	CCONJ	et
un	DET	un
,	PUNCT	,
et	CCONJ	et
cætera	VERB	cettre
.	PUNCT	.
Cinquant	DET	cinquante
,	PUNCT	,
cinquant	DET	cinquante
et	CCONJ	et
un	DET	un
et	CCONJ	et
cætera	VERB	cettre
.	PUNCT	.
Soixant	PROPN	sointal
,	PUNCT	,
soixant	ADV	soixante
et	CCONJ	et
un	DET	un
et	CCONJ	et
cætera	VERB	cettre
jusques	ADP	jusque
soixant	ADV	soixante
et	CCONJ	et
dis	VERB	dire
neuf	ADJ	neuf
.	PUNCT	.
Doncques	ADV	donc
di	VERB	dire
quatre	DET	quatre
vins	NOUN	vingt
,	PUNCT	,
quatre	DET	quatre
vins	NOUN	vingt
et	CCONJ	et
un	DET	un
et	CCONJ	et
coetera	VERB	coërite
jusques	ADP	jusque
quatre	DET	quatre
vins	NOUN	vingt
et	CCONJ	et
dis	VERB	dire
et	CCONJ	et
neuf	ADJ	neuf
.	PUNCT	.
Et	CCONJ	et
doncques	ADV	donc
di	VERB	dire
cent	DET	cent
,	PUNCT	,
deux	DET	deux
cens	DET	cent
,	PUNCT	,
trois	DET	trois
cens	DET	cent
,	PUNCT	,
quatre	DET	quatre
cens	DET	cent
et	CCONJ	et
cætera	VERB	cettre
,	PUNCT	,
neuf	ADJ	neuf
cens	DET	cent
,	PUNCT	,
mil	DET	mil
.	PUNCT	.
Le	DET	le
primier	VERB	priierme
,	PUNCT	,
le	DET	le
seconde	ADJ	second
,	PUNCT	,
le	DET	le
trois	DET	trois
,	PUNCT	,
le	DET	le
quart	DET	cart
,	PUNCT	,
ou	CCONJ	ou
ainsi	ADV	ainsi
:	PUNCT	:
uniesme	DET	uniee
,	PUNCT	,
le	DET	le
deusiesme	ADJ	desuiser
,	PUNCT	,
le	DET	le
troisiesme	ADJ	troisonie
,	PUNCT	,
le	DET	le
quatriesme	ADJ	quartement
,	PUNCT	,
le	DET	le
cinquiesme	ADJ	cinquième
,	PUNCT	,
le	DET	le
sisiesme	NOUN	sisement
,	PUNCT	,
le	DET	le
septiesme	ADJ	septième
,	PUNCT	,
le	DET	le
uuytiesme	ADJ	huitierement
,	PUNCT	,
le	DET	le
neufiesme	NOUN	neufeveux
,	PUNCT	,
le	DET	le
disiesme	NOUN	dire
,	PUNCT	,
le	DET	le
onsiesme	ADJ	onseile
,	PUNCT	,
le	DET	le
dousiesme	NOUN	douxement
,	PUNCT	,
le	DET	le
tresziesme	NOUN	tressair
,	PUNCT	,
le	DET	le
quatorsiesme	NOUN	couter
,	PUNCT	,
le	DET	le
quinsiesme	NOUN	quinsement
,	PUNCT	,
le	DET	le
sesziesme	ADJ	sestemer
,	PUNCT	,
le	DET	le
disiseptiesme	NOUN	direpent
,	PUNCT	,
le	DET	le
disiuuytiesme	NOUN	disitionce
,	PUNCT	,
le	DET	le
disi	NOUN	dire
neufiesme	NOUN	neufeveux
,	PUNCT	,
le	DET	le
vintiesme	NOUN	vintissement
,	PUNCT	,
le	DET	le
vint	VERB	venir
et	CCONJ	et
uniesme	DET	uniee
,	PUNCT	,
le	DET	le
vint	VERB	venir
et	CCONJ	et
deusiesme	ADJ	desuiser
,	PUNCT	,
et	CCONJ	et
cætera	VERB	cettre
,	PUNCT	,
le	DET	le
trentiesme	ADJ	trentement
,	PUNCT	,
le	DET	le
quarantiesme	DET	cartement
,	PUNCT	,
le	DET	le
cinquantiesme	ADJ	cinquantesquet
,	PUNCT	,
le	DET	le
soixantiesme	ADJ	soixantement
,	PUNCT	,
le	DET	le
qatrevinsiesme	NOUN	catrevinement
,	PUNCT	,
le	DET	le
centiesme	NOUN	centige
,	PUNCT	,
le	DET	le
milliesme	ADJ	miliemes
.	PUNCT	.
Et	CCONJ	et
sçachez	VERB	savoche
que	SCONJ	que
deux	DET	deux
poetevines	NOUN	pouvetien
font	VERB	faire
un	DET	un
maille	NOUN	maille
,	PUNCT	,
et	CCONJ	et
deux	DET	deux
mailles	NOUN	maille
font	VERB	faire
un	DET	un
denier	NOUN	denier
,	PUNCT	,
et	CCONJ	et
quatre	DET	quatre
deniers	NOUN	denier
font	VERB	faire
un	DET	un
gros	ADJ	gros
blanc	ADJ	blanc
,	PUNCT	,
et	CCONJ	et
trois	DET	trois
blans	ADJ	blanc
font	VERB	faire
un	DET	un
soulde	ADJ	soudle
,	PUNCT	,
et	CCONJ	et
trois	DET	trois
souldes	ADJ	soudre
englois	NOUN	englois
font	VERB	faire
un	DET	un
franc	ADJ	franc
,	PUNCT	,
et	CCONJ	et
un	DET	un
franc	ADJ	franc
et	CCONJ	et
un	DET	un
gros	ADJ	gros
blanc	ADJ	blanc
font	VERB	faire
un	DET	un
escu	NOUN	escu
,	PUNCT	,
et	CCONJ	et
deux	DET	deux
escus	NOUN	escu
font	VERB	faire
un	DET	un
noble	ADJ	noble
,	PUNCT	,
et	CCONJ	et
deux	DET	deux
nobles	NOUN	noble
font	VERB	faire
une	DET	un
marc	NOUN	marc
,	PUNCT	,
et	CCONJ	et
une	DET	un
marc	NOUN	marc
et	CCONJ	et
demy	ADJ	demi
font	VERB	faire
une	DET	un
livre	NOUN	livre
d'	ADP	de
Angliterre	PROPN	agleter
,	PUNCT	,
et	CCONJ	et
ainsy	ADV	ainsi
serront	VERB	estre
rebatuz	VERB	rebautir
.	PUNCT	.
Maintenant	ADV	maintenant
parlons	NOUN	parler
de	ADP	de
plus	ADV	plus
communs	ADJ	commun
noms	DET	nom
des	ADP.DET	de.le
choses	NOUN	chose
et	CCONJ	et
començons	NOUN	commencer
ainsi	ADV	ainsi
:	PUNCT	:
Mon	DET	mon
pere	NOUN	père
,	PUNCT	,
ma	DET	mon
mere	NOUN	mere
,	PUNCT	,
mon	DET	mon
frere	NOUN	frere
,	PUNCT	,
ma	DET	mon
soier	VERB	estre
,	PUNCT	,
mon	DET	mon
filz	NOUN	fil
,	PUNCT	,
ma	DET	mon
fille	NOUN	fille
,	PUNCT	,
mon	DET	mon
aiel	NOUN	aler
,	PUNCT	,
ma	DET	mon
aielle	NOUN	aeler
,	PUNCT	,
mon	DET	mon
uncle	NOUN	oncle
,	PUNCT	,
ma	DET	mon
ante	NOUN	ente
,	PUNCT	,
mon	DET	mon
mari	NOUN	mari
,	PUNCT	,
ma	DET	mon
femme	NOUN	femme
espousee	NOUN	esposer
,	PUNCT	,
mon	DET	mon
compaignon	NOUN	compagnon
,	PUNCT	,
ma	DET	mon
compaigne	NOUN	compagne
,	PUNCT	,
mon	DET	mon
amy	NOUN	ami
,	PUNCT	,
m'	PRON	je
amye	NOUN	ami
,	PUNCT	,
mon	DET	mon
seigneur	NOUN	seigneur
,	PUNCT	,
ma	DET	mon
dame	NOUN	dame
.	PUNCT	.
Et	CCONJ	et
ainsi	ADV	ainsi
ditez	VERB	dire
ton	DET	ton
,	PUNCT	,
ta	DET	ton
,	PUNCT	,
son	DET	son
et	CCONJ	et
sa	DET	son
,	PUNCT	,
le	DET	le
et	CCONJ	et
la	DET	le
.	PUNCT	.
Autre	ADJ	autre
maniere	NOUN	manière
de	ADP	de
parler	VERB	parler
:	PUNCT	:
un	DET	un
homme	NOUN	homme
,	PUNCT	,
une	DET	un
femme	NOUN	femme
,	PUNCT	,
un	DET	un
enfant	NOUN	enfant
,	PUNCT	,
une	DET	un
pucelle	NOUN	pucelle
,	PUNCT	,
un	DET	un
garçon	NOUN	garçon
,	PUNCT	,
une	DET	un
garse	NOUN	garser
,	PUNCT	,
un	DET	un
valton	NOUN	valoir
,	PUNCT	,
un	DET	un
valet	NOUN	valet
,	PUNCT	,
une	DET	un
chamberiere	NOUN	chamberiere
,	PUNCT	,
un	DET	un
proud	ADJ	preu
homme	NOUN	homme
,	PUNCT	,
une	DET	un
proude	NOUN	pro
femme	NOUN	femme
,	PUNCT	,
un	DET	un
ribaud	NOUN	ribaud
,	PUNCT	,
une	DET	un
ribaude	ADJ	ribaud
,	PUNCT	,
un	DET	un
maquerel	NOUN	mauquerre
,	PUNCT	,
une	DET	un
maquerelle	NOUN	maucereur
,	PUNCT	,
un	DET	un
putier	ADJ	potir
,	PUNCT	,
une	DET	un
putaigne	NOUN	potiglant
,	PUNCT	,
un	DET	un
villein	NOUN	ville
,	PUNCT	,
une	DET	un
villeine	NOUN	villenie
.	PUNCT	.
Un	DET	un
emperour	NOUN	emperëor
,	PUNCT	,
une	DET	un
emperesse	NOUN	emperëor
,	PUNCT	,
un	DET	un
roy	NOUN	roi
,	PUNCT	,
une	DET	un
roigne	NOUN	roigne
,	PUNCT	,
un	DET	un
prince	NOUN	prince
,	PUNCT	,
une	DET	un
princesse	NOUN	prince
,	PUNCT	,
un	DET	un
duc	NOUN	duc
,	PUNCT	,
une	DET	un
ducesse	NOUN	ducse
,	PUNCT	,
un	DET	un
conte	NOUN	comte
,	PUNCT	,
une	DET	un
contesse	NOUN	comtesse
,	PUNCT	,
un	DET	un
viconte	NOUN	viconte
,	PUNCT	,
une	DET	un
vicontesse	NOUN	vicontesse
,	PUNCT	,
un	DET	un
baron	NOUN	baron
,	PUNCT	,
une	DET	un
baronesse	NOUN	baroner
,	PUNCT	,
un	DET	un
chivailier	NOUN	chilifain
,	PUNCT	,
une	DET	un
chivailieresse	NOUN	chilifape
,	PUNCT	,
un	DET	un
escuier	NOUN	escuier
,	PUNCT	,
une	DET	un
escuieresse	NOUN	écuierser
,	PUNCT	,
un	DET	un
damoisel	NOUN	damoisele
,	PUNCT	,
une	DET	un
damoiselle	NOUN	damoiselle
,	PUNCT	,
un	DET	un
varlet	NOUN	valer
,	PUNCT	,
une	DET	un
moilere	ADJ	mieuxer
,	PUNCT	,
un	DET	un
laron	DET	laron
,	PUNCT	,
une	DET	un
larronesse	NOUN	larrene
,	PUNCT	,
un	DET	un
sorcier	VERB	sorcicier
,	PUNCT	,
une	DET	un
sorcieresse	NOUN	sorcirer
,	PUNCT	,
un	DET	un
murdre	VERB	murdre
,	PUNCT	,
une	DET	un
murdriere	NOUN	murdreté
.	PUNCT	.
Pape	NOUN	pape
,	PUNCT	,
un	DET	un
patriarch	NOUN	patir
,	PUNCT	,
un	DET	un
cardinal	ADJ	cardinal
,	PUNCT	,
un	DET	un
arcevesque	NOUN	archevéque
,	PUNCT	,
un	DET	un
evesque	NOUN	évêque
,	PUNCT	,
un	DET	un
arcediacre	NOUN	arcecier
,	PUNCT	,
un	DET	un
curé	VERB	corir
,	PUNCT	,
un	DET	un
prestre	NOUN	prestre
,	PUNCT	,
un	DET	un
chapelain	NOUN	chapelain
,	PUNCT	,
un	DET	un
clerc	NOUN	clerc
,	PUNCT	,
un	DET	un
moigne	ADJ	moing
,	PUNCT	,
une	DET	un
nonaine	NOUN	nonean
,	PUNCT	,
un	DET	un
chanoine	NOUN	chanoine
,	PUNCT	,
un	DET	un
frere	NOUN	frere
,	PUNCT	,
un	DET	un
religious	NOUN	religios
,	PUNCT	,
un	DET	un
seculier	NOUN	seclire
,	PUNCT	,
un	DET	un
abbé	NOUN	abbé
,	PUNCT	,
une	DET	un
abbesse	NOUN	abbé
,	PUNCT	,
un	DET	un
prieur	NOUN	prieur
,	PUNCT	,
une	DET	un
prieuresse	ADJ	prier
,	PUNCT	,
un	DET	un
jacobin	NOUN	jacobites
,	PUNCT	,
un	DET	un
cordeler	NOUN	cordedel
,	PUNCT	,
un	DET	un
frere	NOUN	frere
de	ADP	de
carme	NOUN	carme
,	PUNCT	,
un	DET	un
augustin	DET	augunidue
.	PUNCT	.
Un	DET	un
chival	NOUN	chilai
,	PUNCT	,
un	DET	un
jument	VERB	jumet
,	PUNCT	,
un	DET	un
torel	NOUN	torel
,	PUNCT	,
une	DET	un
vache	NOUN	vache
,	PUNCT	,
un	DET	un
beuf	ADJ	befu
,	PUNCT	,
un	DET	un
veel	NOUN	vel
,	PUNCT	,
un	DET	un
senglier	NOUN	sanglite
,	PUNCT	,
une	DET	un
truye	VERB	trois
,	PUNCT	,
un	DET	un
porc	NOUN	porc
,	PUNCT	,
un	DET	un
porcel	NOUN	porcel
,	PUNCT	,
un	DET	un
cuilart	NOUN	cuillir
,	PUNCT	,
une	DET	un
brebis	NOUN	brebis
,	PUNCT	,
un	DET	un
moton	NOUN	moton
,	PUNCT	,
un	DET	un
aignel	NOUN	agnel
,	PUNCT	,
un	DET	un
cog	NOUN	come
,	PUNCT	,
une	DET	un
gelline	NOUN	glein
,	PUNCT	,
un	DET	un
oef	NOUN	oeif
,	PUNCT	,
un	DET	un
poucin	NOUN	pouvoir
,	PUNCT	,
un	DET	un
gars	NOUN	garc
,	PUNCT	,
une	DET	un
oue	PRON	oeu
,	PUNCT	,
un	DET	un
canard	NOUN	canardi
,	PUNCT	,
une	DET	un
cane	NOUN	chante
,	PUNCT	,
une	DET	un
coulon	NOUN	coloir
,	PUNCT	,
une	DET	un
pigon	ADJ	pigon
,	PUNCT	,
un	DET	un
ouaysel	NOUN	ouaille
,	PUNCT	,
une	DET	un
beste	NOUN	beste
,	PUNCT	,
un	DET	un
chien	NOUN	chien
,	PUNCT	,
une	DET	un
biche	NOUN	bis
,	PUNCT	,
un	DET	un
lievr	NOUN	lever
,	PUNCT	,
une	DET	un
lievrer	VERB	lever
,	PUNCT	,
un	DET	un
rat	VERB	ratre
,	PUNCT	,
un	DET	un
chat	VERB	chat
,	PUNCT	,
une	DET	un
souris	VERB	sordre
,	PUNCT	,
un	DET	un
poil	NOUN	peilli
,	PUNCT	,
un	DET	un
puche	NOUN	puche
,	PUNCT	,
une	DET	un
mouche	NOUN	mouche
,	PUNCT	,
un	DET	un
crepoud	VERB	crapois
,	PUNCT	,
un	DET	un
serpent	VERB	serpent
,	PUNCT	,
un	DET	un
lisard	NOUN	lirandie
,	PUNCT	,
un	DET	un
ver	ADP	ver
.	PUNCT	.
Mon	DET	mon
chapron	NOUN	chapron
,	PUNCT	,
ma	DET	mon
cornette	NOUN	corneter
,	PUNCT	,
ma	DET	mon
robe	NOUN	robe
,	PUNCT	,
mes	DET	mais
draps	NOUN	drap
,	PUNCT	,
ma	DET	mon
chemise	NOUN	chemise
,	PUNCT	,
ma	DET	mon
manche	NOUN	manche
,	PUNCT	,
mon	DET	mon
chapel	NOUN	chapel
,	PUNCT	,
ma	DET	mon
barrette	NOUN	barrette
,	PUNCT	,
mon	DET	mon
gardcorps	NOUN	garce-ubre
,	PUNCT	,
mon	DET	mon
purpoint	VERB	pourpoin
,	PUNCT	,
ma	DET	mon
hopelande	NOUN	hopellenable
,	PUNCT	,
mon	DET	mon
mantel	NOUN	mantel
,	PUNCT	,
mon	DET	mon
boton	NOUN	boton
,	PUNCT	,
mes	DET	mais
braies	NOUN	braie
,	PUNCT	,
ma	DET	mon
chause	NOUN	chause
,	PUNCT	,
mes	DET	mais
soulers	NOUN	souler
,	PUNCT	,
mes	DET	mais
gans	NOUN	gant
,	PUNCT	,
mes	DET	mais
polaines	NOUN	polenir
,	PUNCT	,
mes	DET	mais
hosiale	NOUN	hossileal
,	PUNCT	,
mes	DET	mais
esperons	NOUN	esperon
,	PUNCT	,
ma	DET	mon
semelle	NOUN	semeler
,	PUNCT	,
ma	DET	mon
sainture	NOUN	sainture
,	PUNCT	,
mon	DET	mon
espee	NOUN	espee
,	PUNCT	,
ma	DET	mon
lance	NOUN	lance
,	PUNCT	,
mon	DET	mon
arc	NOUN	arc
,	PUNCT	,
ma	DET	mon
fleche	NOUN	fleche
,	PUNCT	,
ma	DET	mon
sette	ADJ	sait
,	PUNCT	,
mon	DET	mon
baslard	NOUN	basalir
,	PUNCT	,
mon	DET	mon
lit	NOUN	lit
,	PUNCT	,
mes	DET	mais
lincialz	NOUN	lignal
,	PUNCT	,
ma	DET	mon
maison	NOUN	maison
,	PUNCT	,
ma	DET	mon
chambre	NOUN	chambre
.	PUNCT	.
Mon	DET	mon
chief	NOUN	chief
,	PUNCT	,
ma	DET	mon
teste	NOUN	teste
,	PUNCT	,
ma	DET	mon
greve	NOUN	grever
,	PUNCT	,
mes	DET	mais
chevelz	NOUN	chevele
,	PUNCT	,
mon	DET	mon
hanapel	NOUN	hanaphe
,	PUNCT	,
mon	DET	mon
cervil	NOUN	cervil
,	PUNCT	,
ma	DET	mon
cervelle	NOUN	cervelle
,	PUNCT	,
mon	DET	mon
haterel	NOUN	haterel
,	PUNCT	,
mes	DET	mais
temples	NOUN	temple
,	PUNCT	,
mon	DET	mon
front	NOUN	front
,	PUNCT	,
mes	DET	mais
surcilz	NOUN	surcille
,	PUNCT	,
mes	DET	mais
yeux	NOUN	il
,	PUNCT	,
mes	DET	mais
cilz	NOUN	cil
,	PUNCT	,
la	DET	le
chasie	NOUN	chaisie
,	PUNCT	,
ma	DET	mon
prunelle	NOUN	prunelle
,	PUNCT	,
mes	DET	mais
palpebres	NOUN	papelor
,	PUNCT	,
mon	DET	mon
regart	NOUN	regart
,	PUNCT	,
ma	DET	mon
veue	NOUN	voir
,	PUNCT	,
mon	DET	mon
morvat	VERB	morver
,	PUNCT	,
mon	DET	mon
nese	NOUN	naistre
,	PUNCT	,
mes	DET	mais
levres	NOUN	levre
,	PUNCT	,
mon	DET	mon
palet	ADJ	palaire
,	PUNCT	,
ma	DET	mon
lengue	NOUN	langue
,	PUNCT	,
mes	DET	mais
dens	ADP	dens
,	PUNCT	,
mes	DET	mais
maxiliers	NOUN	mauliers
,	PUNCT	,
mon	DET	mon
menton	NOUN	menton
,	PUNCT	,
ma	DET	mon
barbe	NOUN	barbe
,	PUNCT	,
mon	DET	mon
coul	NOUN	col
,	PUNCT	,
mes	DET	mais
nerfs	NOUN	nerf
,	PUNCT	,
ma	DET	mon
gorge	NOUN	gorge
,	PUNCT	,
mes	DET	mais
gencives	NOUN	gencievos
,	PUNCT	,
ma	DET	mon
gargatte	NOUN	garagte
,	PUNCT	,
mon	DET	mon
cuer	NOUN	cuer
,	PUNCT	,
mon	DET	mon
poulmon	NOUN	poumelt
,	PUNCT	,
ma	DET	mon
faie	VERB	faire
,	PUNCT	,
mon	DET	mon
feel	NOUN	felon
,	PUNCT	,
ma	DET	mon
ratte	NOUN	rater
,	PUNCT	,
mes	DET	mais
boialz	NOUN	boialle
,	PUNCT	,
mon	DET	mon
alaine	NOUN	aleine
,	PUNCT	,
mon	DET	mon
parler	VERB	parler
,	PUNCT	,
ma	DET	mon
poetrine	NOUN	potre
,	PUNCT	,
mes	DET	mais
mamilles	NOUN	mamelle
,	PUNCT	,
mon	DET	mon
ventre	NOUN	ventre
,	PUNCT	,
mon	DET	mon
nombril	NOUN	nombrit
,	PUNCT	,
mon	DET	mon
penil	NOUN	peneil
,	PUNCT	,
mon	DET	mon
vit	VERB	vëoir
,	PUNCT	,
mes	DET	mais
coillons	NOUN	coillir
,	PUNCT	,
ma	DET	mon
conne	VERB	coment
,	PUNCT	,
mes	DET	mais
cuisses	NOUN	cuisse
,	PUNCT	,
mes	DET	mais
genous	NOUN	genou
,	PUNCT	,
ma	DET	mon
jambe	NOUN	jambe
,	PUNCT	,
mon	DET	mon
mouel	NOUN	moule
,	PUNCT	,
ma	DET	mon
chevil	NOUN	chevil
,	PUNCT	,
ma	DET	mon
souris	VERB	sordre
,	PUNCT	,
mon	DET	mon
pié	NOUN	pié
,	PUNCT	,
mon	DET	mon
ortoille	NOUN	orteil
,	PUNCT	,
mon	DET	mon
ongle	NOUN	ongle
,	PUNCT	,
ma	DET	mon
plante	ADJ	planter
,	PUNCT	,
mon	DET	mon
talon	NOUN	talon
,	PUNCT	,
mon	DET	mon
cul	NOUN	cul
,	PUNCT	,
mes	DET	mais
fesses	NOUN	fesme
,	PUNCT	,
mon	DET	mon
dors	ADJ	dor
,	PUNCT	,
ma	DET	mon
eschine	NOUN	eschine
,	PUNCT	,
mon	DET	mon
cote	NOUN	cote
,	PUNCT	,
ma	DET	mon
cotee	VERB	coter
,	PUNCT	,
mon	DET	mon
espaule	NOUN	espaule
,	PUNCT	,
mon	DET	mon
blesson	NOUN	blés
,	PUNCT	,
mon	DET	mon
bras	NOUN	bras
,	PUNCT	,
ma	DET	mon
coude	NOUN	coude
,	PUNCT	,
ma	DET	mon
main	NOUN	main
,	PUNCT	,
mon	DET	mon
poing	NOUN	poing
,	PUNCT	,
ma	DET	mon
poignee	NOUN	poigne
,	PUNCT	,
ma	DET	mon
jalaine	NOUN	jalainde
,	PUNCT	,
mon	DET	mon
pouce	NOUN	puce
,	PUNCT	,
mon	DET	mon
nelle	PRON	nele
,	PUNCT	,
mon	DET	mon
doit	VERB	devoir
.	PUNCT	.
Le	DET	le
chemin	NOUN	chemin
,	PUNCT	,
la	DET	le
rue	NOUN	rüe
,	PUNCT	,
la	DET	le
pais	NOUN	paix
,	PUNCT	,
la	DET	le
ville	NOUN	ville
,	PUNCT	,
le	DET	le
champe	NOUN	champe
,	PUNCT	,
le	DET	le
bois	NOUN	bois
,	PUNCT	,
le	DET	le
pres	ADV	près
,	PUNCT	,
la	DET	le
arbre	NOUN	arbre
,	PUNCT	,
la	DET	le
herbe	NOUN	erbe
,	PUNCT	,
le	DET	le
blé	NOUN	blé
,	PUNCT	,
le	DET	le
feing	NOUN	feindre
,	PUNCT	,
le	DET	le
jonc	NOUN	jonc
,	PUNCT	,
la	DET	le
foerre	NOUN	forest
;	PUNCT	;
le	DET	le
feu	NOUN	feu
,	PUNCT	,
la	DET	le
yaue	NOUN	elue
,	PUNCT	,
le	DET	le
tison	NOUN	tint
,	PUNCT	,
la	DET	le
tincelle	NOUN	tinclement
,	PUNCT	,
la	DET	le
mere	NOUN	mere
,	PUNCT	,
la	DET	le
terre	NOUN	terre
,	PUNCT	,
le	DET	le
aier	VERB	aire
,	PUNCT	,
le	DET	le
vent	VERB	vent
,	PUNCT	,
les	DET	le
nues	ADJ	nu
,	PUNCT	,
le	DET	le
fouldre	NOUN	foudre
,	PUNCT	,
la	DET	le
tonerre	VERB	toner
,	PUNCT	,
la	DET	le
lune	NOUN	lune
,	PUNCT	,
le	DET	le
soulail	NOUN	solair
,	PUNCT	,
les	DET	le
estoilles	NOUN	estreloi
;	PUNCT	;
Dieux	PROPN	dieu
,	PUNCT	,
le	DET	le
diable	NOUN	dïable
,	PUNCT	,
paradis	NOUN	paradis
,	PUNCT	,
enferre	NOUN	enferrer
,	PUNCT	,
joie	NOUN	joie
,	PUNCT	,
paine	NOUN	peine
.	PUNCT	.
Fourment	PROPN	forment
,	PUNCT	,
segle	ADJ	salir
,	PUNCT	,
orge	NOUN	orge
,	PUNCT	,
avoine	NOUN	avoine
,	PUNCT	,
feves	NOUN	feve
,	PUNCT	,
pois	NOUN	peise
,	PUNCT	,
fruit	NOUN	fruit
,	PUNCT	,
pome	NOUN	pome
,	PUNCT	,
poire	VERB	poire
,	PUNCT	,
nois	NOUN	nois
,	PUNCT	,
pain	NOUN	pain
,	PUNCT	,
vin	NOUN	vin
,	PUNCT	,
servoise	NOUN	servise
,	PUNCT	,
let	ADJ	lait
,	PUNCT	,
megue	ADJ	maigue
,	PUNCT	,
beure	NOUN	boire
,	PUNCT	,
char	NOUN	char
,	PUNCT	,
poisson	NOUN	poisson
,	PUNCT	,
or	NOUN	or
,	PUNCT	,
argent	NOUN	argent
,	PUNCT	,
plom	NOUN	plome
,	PUNCT	,
estaing	NOUN	esteindre
,	PUNCT	,
fer	NOUN	fer
,	PUNCT	,
acier	NOUN	acier
,	PUNCT	,
cuivre	NOUN	cuivre
,	PUNCT	,
araine	ADJ	araine
,	PUNCT	,
laton	NOUN	later
.	PUNCT	.
Bon	ADJ	bon
,	PUNCT	,
mal	NOUN	mal
;	PUNCT	;
grand	ADJ	grand
,	PUNCT	,
petit	ADJ	petit
;	PUNCT	;
hault	ADJ	haut
,	PUNCT	,
bas	ADJ	bas
;	PUNCT	;
sain	ADJ	sain
,	PUNCT	,
malade	ADJ	malade
;	PUNCT	;
cler	ADJ	clair
,	PUNCT	,
orbe	NOUN	orbre
,	PUNCT	,
barboillé	VERB	barbïelle
;	PUNCT	;
bel	ADJ	bel
,	PUNCT	,
lait	VERB	lait
;	PUNCT	;
long	NOUN	long
,	PUNCT	,
court	NOUN	cour
;	PUNCT	;
navré	VERB	navrer
,	PUNCT	,
guelri	VERB	galoir
;	PUNCT	;
riche	ADJ	riche
,	PUNCT	,
povre	ADJ	pauvre
;	PUNCT	;
plain	ADJ	plein
,	PUNCT	,
vuyde	ADJ	vuit
;	PUNCT	;
cras	NOUN	cro
,	PUNCT	,
meger	VERB	manger
;	PUNCT	;
fres	ADJ	frois
,	PUNCT	,
salé	NOUN	saler
;	PUNCT	;
doulx	DET	doux
,	PUNCT	,
amer	VERB	amer
;	PUNCT	;
egre	NOUN	egre
,	PUNCT	,
atrampé	VERB	attermer
;	PUNCT	;
blanc	ADJ	blanc
,	PUNCT	,
noir	ADJ	noir
,	PUNCT	,
rouge	NOUN	rouge
,	PUNCT	,
pers	NOUN	pers
,	PUNCT	,
vert	ADJ	vert
,	PUNCT	,
gris	NOUN	gris
,	PUNCT	,
vermail	ADJ	vermeil
,	PUNCT	,
brun	ADJ	brun
;	PUNCT	;
chaut	ADJ	chaloir
,	PUNCT	,
froit	NOUN	froit
;	PUNCT	;
moillé	VERB	mieuxlier
,	PUNCT	,
sec	NOUN	sec
;	PUNCT	;
hardi	ADJ	hardi
,	PUNCT	,
couart	NOUN	courat
;	PUNCT	;
couroucé	VERB	courrombre
,	PUNCT	,
lee	ADJ	lé
;	PUNCT	;
chier	ADJ	chier
,	PUNCT	,
a	ADP	a
bon	ADJ	bon
marché	NOUN	marché
;	PUNCT	;
saige	ADJ	sage
,	PUNCT	,
sot	VERB	savoir
.	PUNCT	.
Je	PRON	je
,	PUNCT	,
tu	PRON	tu
,	PUNCT	,
cil	DET	cel
;	PUNCT	;
nous	PRON	nous
,	PUNCT	,
vous	PRON	vous
,	PUNCT	,
ceux	DET	cil
;	PUNCT	;
moy	PRON	moi
,	PUNCT	,
toy	PRON	toi
,	PUNCT	,
soy	PRON	soi
;	PUNCT	;
me	PRON	je
,	PUNCT	,
te	PRON	tu
,	PUNCT	,
se	PRON	se
;	PUNCT	;
cil	DET	cel
,	PUNCT	,
ceulx	PRON	cil
ou	CCONJ	ou
cilz	NOUN	cil
;	PUNCT	;
celle	DET	cil
,	PUNCT	,
celles	DET	cil
;	PUNCT	;
il	PRON	il
,	PUNCT	,
ils	PRON	il
ou	CCONJ	ou
eulx	PRON	eux
;	PUNCT	;
elle	PRON	elle
,	PUNCT	,
elles	PRON	elle
;	PUNCT	;
ce	PRON	ce
ou	CCONJ	ou
cest	DET	cest
,	PUNCT	,
ces	DET	ce
,	PUNCT	,
ceste	DET	cest
ou	CCONJ	ou
cestes	DET	cest
;	PUNCT	;
la	DET	le
,	PUNCT	,
le	DET	le
,	PUNCT	,
les	DET	le
;	PUNCT	;
mon	DET	mon
,	PUNCT	,
ma	DET	mon
,	PUNCT	,
mes	DET	mais
;	PUNCT	;
ton	DET	ton
,	PUNCT	,
ta	DET	ton
,	PUNCT	,
tes	DET	ton
;	PUNCT	;
son	DET	son
,	PUNCT	,
sa	DET	son
,	PUNCT	,
ses	DET	son
;	PUNCT	;
nostre	DET	notre
,	PUNCT	,
nous	PRON	nous
,	PUNCT	,
vostre	DET	vostre
,	PUNCT	,
vous	PRON	vous
,	PUNCT	,
leur	DET	leur
mesmes	ADJ	même
;	PUNCT	;
mien	ADJ	mien
,	PUNCT	,
miens	ADJ	mien
,	PUNCT	,
mienne	ADJ	mienne
,	PUNCT	,
miennes	ADJ	mener
;	PUNCT	;
tien	VERB	tenir
,	PUNCT	,
tiens	NOUN	tenir
,	PUNCT	,
tienne	NOUN	tenir
,	PUNCT	,
tiennes	NOUN	tenir
;	PUNCT	;
sien	ADJ	sien
,	PUNCT	,
siens	ADJ	sien
,	PUNCT	,
sienne	ADJ	sine
,	PUNCT	,
siennes	NOUN	sien
.	PUNCT	.
Sus	ADV	sus
,	PUNCT	,
jus	ADV	jus
;	PUNCT	;
avant	ADV	avant
,	PUNCT	,
arriere	ADV	ariere
;	PUNCT	;
en	ADP	en
costé	NOUN	côté
,	PUNCT	,
au	ADP.DET	a.le
bort	NOUN	bord
;	PUNCT	;
en	ADP	en
hault	ADJ	haut
,	PUNCT	,
en	ADP	en
bas	ADJ	bas
;	PUNCT	;
ciens	NOUN	cine
,	PUNCT	,
liens	NOUN	line
;	PUNCT	;
dedens	ADP	dedans
,	PUNCT	,
dehors	ADP	defors
;	PUNCT	;
deça	ADP	deça
,	PUNCT	,
de	ADP	de
illeques	ADV	illuec
,	PUNCT	,
de	ADP	de
la	DET	le
;	PUNCT	;
loing	ADV	loing
,	PUNCT	,
pres	ADV	près
;	PUNCT	;
ycy	ADV	ci
,	PUNCT	,
illeques	ADV	illuec
;	PUNCT	;
la	DET	le
,	PUNCT	,
ça	ADV	ça
;	PUNCT	;
par	ADP	par
ça	ADV	ça
,	PUNCT	,
par	ADP	par
la	DET	le
,	PUNCT	,
par	ADP	par
cy	ADV	ci
;	PUNCT	;
sus	DET	sus
,	PUNCT	,
soubz	NOUN	sous
;	PUNCT	;
desus	ADV	dessus
,	PUNCT	,
desoubz	ADP	desoudre
;	PUNCT	;
par	ADP	par
desus	ADV	dessus
,	PUNCT	,
par	ADP	par
desoubz	ADP	desoudre
;	PUNCT	;
oultre	ADP	outre
,	PUNCT	,
parmy	NOUN	parmi
;	PUNCT	;
jusques	ADP	jusque
,	PUNCT	,
auques	ADV	auques
;	PUNCT	;
autour	PRON	atourer
,	PUNCT	,
tout	DET	tout
environ	ADP	environ
,	PUNCT	,
aileurs	NOUN	aillers
;	PUNCT	;
anuyt	NOUN	enoiier
,	PUNCT	,
huy	ADV	ui
,	PUNCT	,
maintenant	ADV	maintenant
,	PUNCT	,
naguieres	NOUN	naguer
,	PUNCT	,
pieça	NOUN	pieçe
,	PUNCT	,
ier	NOUN	ier
,	PUNCT	,
demain	ADV	demain
,	PUNCT	,
mesouen	ADJ	mesume
,	PUNCT	,
d'	ADP	de
ores	NOUN	ore
en	ADP	en
avant	ADV	avant
;	PUNCT	;
formient	VERB	formine
,	PUNCT	,
belcoupe	ADJ	belqueriz
,	PUNCT	,
defois	NOUN	defois
,	PUNCT	,
onques	ADV	onque
mais	NOUN	mais
,	PUNCT	,
ja	ADV	ja
,	PUNCT	,
ja	ADV	ja
mais	NOUN	mais
,	PUNCT	,
tourjours	NOUN	touronce
,	PUNCT	,
a	ADP	a
tousjours	ADV	toujours
mais	NOUN	mais
,	PUNCT	,
une	DET	un
fois	NOUN	fois
,	PUNCT	,
deulx	DET	deux
,	PUNCT	,
trois	DET	trois
fois	NOUN	fois
,	PUNCT	,
ne	ADV	ne
,	PUNCT	,
nemy	NOUN	mener
,	PUNCT	,
non	NOUN	nom
,	PUNCT	,
ouy	VERB	ouïr
,	PUNCT	,
voire	ADJ	voir
,	PUNCT	,
donques	ADV	donc
,	PUNCT	,
denaprés	NOUN	demander
,	PUNCT	,
coment	VERB	comment
,	PUNCT	,
combien	NOUN	combien
,	PUNCT	,
purquoy	ADV	porquerre
;	PUNCT	;
apertement	NOUN	apertement
,	PUNCT	,
bellement	NOUN	bellement
,	PUNCT	,
saigement	NOUN	sagement
,	PUNCT	,
sotement	ADV	sotement
,	PUNCT	,
bonnement	NOUN	bonnement
,	PUNCT	,
mauveisement	ADV	mauvaisement
et	CCONJ	et
ainsi	ADV	ainsi
des	ADP.DET	de.le
aultres	PRON	autre
.	PUNCT	.
Aultre	DET	autre
manier	VERB	manier
de	ADP	de
language	NOUN	lagage
pour	ADP	pour
demander	VERB	demander
le	DET	le
droit	ADJ	droit
chemin	NOUN	chemin
.	PUNCT	.
Sire	NOUN	seignor
,	PUNCT	,
Dieu	PROPN	dieu
vous	PRON	vous
doint	VERB	doner
bon	ADJ	bon
jour	NOUN	jour
.	PUNCT	.
Dieu	PROPN	dieu
vous	PRON	vous
doint	VERB	doner
bon	ADJ	bon
jour	NOUN	jour
et	CCONJ	et
bon	ADJ	bon
estraine	ADJ	estreindre
.	PUNCT	.
Ou	CCONJ	où
:	PUNCT	:
.	PUNCT	.
.	PUNCT	.
.	PUNCT	.
bon	ADJ	bon
santé	NOUN	santé
.	PUNCT	.
Ou	CCONJ	où
:	PUNCT	:
.	PUNCT	.
.	PUNCT	.
.	PUNCT	.
bon	ADJ	bon
joie	NOUN	joie
.	PUNCT	.
Dame	NOUN	dame
,	PUNCT	,
Dieu	PROPN	dieu
vous	PRON	vous
doint	VERB	doner
bonnez	ADJ	bonne
vespres	NOUN	vespre
.	PUNCT	.
Sire	NOUN	seignor
,	PUNCT	,
vous	PRON	vous
soiez	VERB	estre
le	DET	le
bien	NOUN	bien
venu	VERB	venir
.	PUNCT	.
Dieu	PROPN	dieu
vous	PRON	vous
avant	ADV	avant
,	PUNCT	,
bon	ADJ	bon
amy	NOUN	ami
.	PUNCT	.
Dieu	PROPN	dieu
vous	PRON	vous
garde	NOUN	garde
de	ADP	de
mal	NOUN	mal
,	PUNCT	,
m'	PRON	je
amye	NOUN	ami
.	PUNCT	.
Quelle	DET	quel
heure	NOUN	heure
est	VERB	estre
il	PRON	il
de	ADP	de
jour	NOUN	jour
?	PUNCT	?
Prime	NOUN	prim
.	PUNCT	.
Ou	CCONJ	où
:	PUNCT	:
Tres	ADV	très
.	PUNCT	.
Ou	CCONJ	où
:	PUNCT	:
Middy	PROPN	midit
.	PUNCT	.
Ou	CCONJ	où
:	PUNCT	:
Noune	DET	none
.	PUNCT	.
Quantez	CCONJ	canter
heures	NOUN	heure
est	VERB	estre
il	PRON	il
?	PUNCT	?
Entre	ADP	entre
six	DET	six
et	CCONJ	et
sept	ADJ	sept
.	PUNCT	.
Combien	NOUN	combien
decy	NOUN	deci
a	ADP	a
Paris	PROPN	paris
?	PUNCT	?
Douse	ADJ	doux
liaues	NOUN	liau
ou	CCONJ	ou
auques	ADV	auques
.	PUNCT	.
A	ADP	a
il	PRON	il
bel	ADJ	bel
chemyn	NOUN	chemin
?	PUNCT	?
Si	ADV	si
Dieu	PROPN	dieu
m'	PRON	je
aid	VERB	avoir
,	PUNCT	,
entre	ADP	entre
deux	DET	deux
.	PUNCT	.
Le	DET	le
chemyn	NOUN	chemin
est	VERB	estre
il	PRON	il
droit	ADJ	droit
?	PUNCT	?
Si	ADV	si
Dieu	PROPN	dieu
m'	PRON	je
aid	VERB	avoir
,	PUNCT	,
deux	DET	deux
sire	NOUN	seignor
,	PUNCT	,
nemy	NOUN	mener
,	PUNCT	,
est	VERB	estre
il	PRON	il
bien	NOUN	bien
tort	NOUN	tort
.	PUNCT	.
Et	CCONJ	et
ditez	VERB	dire
,	PUNCT	,
quantez	DET	canter
liaues	NOUN	liau
a	ADP	a
il	PRON	il
decy	NOUN	deci
la	DET	le
?	PUNCT	?
Je	PRON	je
vous	PRON	vous
di	VERB	dire
douse	ADJ	doux
ou	CCONJ	ou
entour	ADP	entour
.	PUNCT	.
Est	VERB	estre
il	PRON	il
assés	ADV	assez
seur	NOUN	soir
de	ADP	de
larons	NOUN	larson
?	PUNCT	?
Si	ADV	si
m'	PRON	je
aid	VERB	avoir
Dieux	PROPN	dieu
,	PUNCT	,
sire	NOUN	seignor
,	PUNCT	,
nemy	NOUN	mener
.	PUNCT	.
Il	PRON	il
y	ADV	y
eut	VERB	avoir
des	ADP.DET	de.le
gens	NOUN	gens
robbés	NOUN	robbé
maintenant	ADV	maintenant
.	PUNCT	.
Voire	NOUN	voir
?	PUNCT	?
Voire	NOUN	voir
,	PUNCT	,
sire	NOUN	seignor
,	PUNCT	,
vrayement	NOUN	vraiment
.	PUNCT	.
Ditez	VERB	dire
moy	PRON	moi
le	DET	le
nom	DET	nom
de	ADP	de
ceste	DET	cest
ville	NOUN	ville
.	PUNCT	.
Sire	NOUN	seignor
,	PUNCT	,
cest	DET	cest
vile	NOUN	vile
est	VERB	estre
appellé	VERB	appeler
Windessore	PROPN	windres
.	PUNCT	.
Et	CCONJ	et
qui	PRON	qui
est	VERB	estre
seigneur	NOUN	seigneur
d'	ADP	de
icelle	DET	cil
?	PUNCT	?
Ditez	VERB	dire
,	PUNCT	,
ou	CCONJ	ou
demoure	NOUN	demeurer
il	PRON	il
maintenant	ADV	maintenant
?	PUNCT	?
Et	CCONJ	et
la	DET	le
dame	NOUN	dame
,	PUNCT	,
ou	CCONJ	ou
demoure	NOUN	demeurer
elle	PRON	elle
?	PUNCT	?
Ditez	VERB	dire
,	PUNCT	,
sa	DET	son
fille	NOUN	fille
est	VERB	estre
elle	PRON	elle
mariee	NOUN	marie
?	PUNCT	?
Nanyl	NOUN	nanil
sire	NOUN	seignor
,	PUNCT	,
par	ADP	par
Dé	PROPN	dieu
.	PUNCT	.
Ditez	VERB	dire
moy	PRON	moi
,	PUNCT	,
avons	VERB	avoir
nous	PRON	nous
assés	ADV	assez
du	ADP.DET	de.le
jour	NOUN	jour
jusques	ADP	jusque
la	DET	le
?	PUNCT	?
Sire	NOUN	seignor
,	PUNCT	,
il	PRON	il
vous	PRON	vous
fault	NOUN	falloir
cheminer	VERB	cheminer
-	PUNCT	-
ou	CCONJ	ou
:	PUNCT	:
chevaucher	VERB	chevauchier
-	PUNCT	-
fort	ADJ	fort
.	PUNCT	.
Le	DET	le
chemyn	NOUN	chemin
est	VERB	estre
il	PRON	il
assés	ADV	assez
seur	NOUN	soir
?	PUNCT	?
Voir	ADJ	voir
,	PUNCT	,
sire	NOUN	seignor
,	PUNCT	,
vous	PRON	vous
pouez	VERB	pöoir
passer	VERB	passer
assés	ADV	assez
bien	NOUN	bien
.	PUNCT	.
A	ADP	a
il	PRON	il
point	NOUN	point
de	ADP	de
peril	NOUN	peril
des	ADP.DET	de.le
larons	NOUN	larson
?	PUNCT	?
Certez	ADV	certes
,	PUNCT	,
sire	NOUN	seignor
,	PUNCT	,
nous	PRON	nous
ne	ADV	ne
ouysme	NOUN	ouïr
de	ADP	de
nulle	DET	nul
.	PUNCT	.
Et	CCONJ	et
a	ADP	a
quelle	DET	quel
main	NOUN	main
tendrey	VERB	tendre
je	PRON	je
?	PUNCT	?
Tenez	VERB	tenir
a	ADP	a
la	DET	le
droite	ADJ	droit
main	NOUN	main
,	PUNCT	,
et	CCONJ	et
donques	ADV	donc
tournés	NOUN	tourner
a	ADP	a
la	DET	le
pote	NOUN	pöoir
main	NOUN	main
,	PUNCT	,
et	CCONJ	et
donques	ADV	donc
tout	DET	tout
fin	NOUN	fin
droit	ADJ	droit
.	PUNCT	.
Sire	NOUN	seignor
,	PUNCT	,
Dieu	PROPN	dieu
ait	VERB	avoir
en	ADP	en
sa	DET	son
garde	NOUN	garde
.	PUNCT	.
Dame	NOUN	dame
,	PUNCT	,
Dieu	PROPN	dieu
vous	PRON	vous
conduye	VERB	conduit
.	PUNCT	.
Sire	NOUN	seignor
,	PUNCT	,
Dieu	PROPN	dieu
vous	PRON	vous
avant	ADV	avant
.	PUNCT	.
Sire	NOUN	seignor
,	PUNCT	,
bonne	ADJ	bon
aventure	NOUN	aventure
aiez	VERB	avoir
vous	PRON	vous
.	PUNCT	.
Alez	VERB	aler
achater	VERB	acheter
nostre	DET	notre
diner	VERB	dire
.	PUNCT	.
Il	PRON	il
serra	VERB	serrer
fait	VERB	faire
maintenant	ADV	maintenant
.	PUNCT	.
Que	CCONJ	que
est	VERB	estre
la	DET	le
droite	ADJ	droit
voie	NOUN	voie
vers	ADP	vers
Canterbers	PROPN	canter
?	PUNCT	?
Ditez	VERB	dire
,	PUNCT	,
a	ADP	a
il	PRON	il
point	NOUN	point
du	ADP.DET	de.le
peril	NOUN	peril
des	ADP.DET	de.le
larrons	NOUN	larron
?	PUNCT	?
Et	CCONJ	et
par	ADP	par
ou	CCONJ	ou
purrey	VERB	pouvoir
je	PRON	je
passer	VERB	passer
sauvement	NOUN	sauvement
?	PUNCT	?
Sire	NOUN	seignor
,	PUNCT	,
il	PRON	il
est	VERB	estre
assés	ADV	assez
sauf	ADJ	sauf
par	ADP	par
jour	NOUN	jour
,	PUNCT	,
mais	NOUN	mais
encontre	ADP	encontre
la	DET	le
nuyt	NOUN	nuit
il	PRON	il
est	VERB	estre
perilleus	ADJ	perillos
.	PUNCT	.
Pour	ADP	pour
ce	PRON	ce
attendez	VERB	attendre
jusques	ADP	jusque
a	ADP	a
demain	ADV	demain
.	PUNCT	.
Et	CCONJ	et
donques	ADV	donc
nous	PRON	nous
dejunerons	VERB	degueindre
ensemble	ADV	ensemble
.	PUNCT	.
Et	CCONJ	et
quant	SCONJ	cant
vous	PRON	vous
choses	NOUN	chose
seront	VERB	estre
accompliez	VERB	accomplir
,	PUNCT	,
donques	ADV	donc
vous	PRON	vous
vous	PRON	vous
despartirez	VERB	despertir
de	ADP	de
moy	PRON	moi
.	PUNCT	.
Dieu	PROPN	dieu
vous	PRON	vous
doint	VERB	doner
bonne	ADJ	bon
chevauché	NOUN	chevauchier
et	CCONJ	et
vous	PRON	vous
encroisse	VERB	encroisse
en	ADP	en
voz	DET	vostre
marchandisez	VERB	marcrendis
.	PUNCT	.
Alez	VERB	aler
avant	ADV	avant
en	ADP	en
vostre	DET	vostre
chemyn	NOUN	chemin
,	PUNCT	,
que	SCONJ	que
vous	PRON	vous
puissez	NOUN	pöoir
venir	VERB	venir
a	ADP	a
vostre	DET	vostre
herbage	NOUN	herbergier
,	PUNCT	,
qar	CCONJ	car
il	PRON	il
convient	VERB	convenir
que	SCONJ	que
vous	PRON	vous
vous	PRON	vous
hastez	VERB	haster
.	PUNCT	.
Sire	NOUN	seignor
,	PUNCT	,
Dieu	PROPN	dieu
vous	PRON	vous
doint	VERB	doner
bonne	ADJ	bon
aventure	NOUN	aventure
et	CCONJ	et
vous	PRON	vous
encroisse	VERB	encroisse
es	ADP.DET	en.le
honneurs	NOUN	honneur
,	PUNCT	,
et	CCONJ	et
vous	PRON	vous
doint	VERB	doner
tielle	NOUN	telle
vie	NOUN	vie
a	ADP	a
manier	VERB	manier
que	SCONJ	que
luy	PRON	lui
en	ADP	en
soit	VERB	estre
paié	VERB	paiier
,	PUNCT	,
et	CCONJ	et
sa	DET	son
tresdoulce	NOUN	doux
mere	NOUN	mere
,	PUNCT	,
Dieu	PROPN	dieu
pour	ADP	pour
sa	DET	son
grande	ADJ	grand
grace	NOUN	grace
.	PUNCT	.
Autre	ADJ	autre
manier	VERB	manier
de	ADP	de
language	NOUN	lagage
a	ADP	a
parler	VERB	parler
des	ADP.DET	de.le
bourdeus	NOUN	bourdeux
et	CCONJ	et
de	ADP	de
trufes	NOUN	trouf
et	CCONJ	et
tensons	NOUN	tenson
.	PUNCT	.
Mauvaise	NOUN	mauvais
ribaud	NOUN	ribaud
,	PUNCT	,
vous	PRON	vous
mentez	VERB	mentir
.	PUNCT	.
Alez	VERB	aler
,	PUNCT	,
ribaud	NOUN	ribaud
,	PUNCT	,
vous	PRON	vous
pendre	VERB	pendre
.	PUNCT	.
Ribaud	PROPN	ribaud
,	PUNCT	,
vous	PRON	vous
estez	VERB	estre
digne	ADJ	digne
d'	ADP	de
estre	VERB	estre
perdu	VERB	perdre
.	PUNCT	.
Alez	VERB	aler
decy	NOUN	deci
,	PUNCT	,
senglent	ADJ	sanglent
filz	NOUN	fil
de	ADP	de
putaigne	NOUN	potiglant
.	PUNCT	.
Certez	ADV	certes
,	PUNCT	,
pailard	NOUN	paleillier
,	PUNCT	,
vous	PRON	vous
ne	ADV	ne
eschiverez	VERB	échevir
jamais	ADV	jamais
.	PUNCT	.
Garçon	NOUN	garçon
,	PUNCT	,
vous	PRON	vous
le	DET	le
achetrez	VERB	acheter
.	PUNCT	.
Ribaud	PROPN	ribaud
,	PUNCT	,
vous	PRON	vous
baserez	VERB	baser
mon	DET	mon
cuel	NOUN	cuel
.	PUNCT	.
Va	VERB	aler
,	PUNCT	,
ribaud	NOUN	ribaud
,	PUNCT	,
le	DET	le
diable	NOUN	dïable
vous	PRON	vous
confonde	VERB	confondre
.	PUNCT	.
Pailard	PROPN	palir
,	PUNCT	,
je	PRON	je
serrey	VERB	serrer
bien	NOUN	bien
vengé	VERB	venger
de	ADP	de
vous	PRON	vous
.	PUNCT	.
Ditez	VERB	dire
,	PUNCT	,
damoiselle	NOUN	damoiselle
,	PUNCT	,
parlez	VERB	parler
a	ADP	a
moy	PRON	moi
.	PUNCT	.
Damoiselle	PROPN	damoiselle
,	PUNCT	,
ou	CCONJ	ou
demourez	VERB	demeurer
vous	PRON	vous
?	PUNCT	?
Voullez	VERB	voloir
estre	VERB	estre
refete	NOUN	refaire
?	PUNCT	?
Je	PRON	je
vous	PRON	vous
ay	VERB	avoir
veu	VERB	voir
aileurs	NOUN	aillers
.	PUNCT	.
Ditez	VERB	dire
moy	PRON	moi
,	PUNCT	,
que	SCONJ	que
est	VERB	estre
vostre	DET	vostre
nom	DET	nom
?	PUNCT	?
Damoiselle	PROPN	damoiselle
,	PUNCT	,
vuillez	VERB	voloir
vous	PRON	vous
aler	VERB	aler
ovesque	NOUN	ovecier
moy	PRON	moi
et	CCONJ	et
vous	PRON	vous
serrez	VERB	serrer
m'	PRON	je
amye	NOUN	ami
?	PUNCT	?
Et	CCONJ	et
que	SCONJ	que
vous	PRON	vous
donnerey	VERB	donner
je	PRON	je
pour	ADP	pour
estre	VERB	estre
m'	PRON	je
amye	NOUN	ami
?	PUNCT	?
Damoiselle	PROPN	damoiselle
,	PUNCT	,
ditez	VERB	dire
en	ADP	en
bonne	ADJ	bon
foy	NOUN	foi
.	PUNCT	.
Certez	ADV	certes
,	PUNCT	,
vous	PRON	vous
ne	ADV	ne
averez	VERB	averser
plus	ADV	plus
pour	ADP	pour
moy	PRON	moi
.	PUNCT	.
Va	VERB	aler
ribaud	NOUN	ribaud
,	PUNCT	,
et	CCONJ	et
te	PRON	tu
pens	NOUN	penser
.	PUNCT	.
Tu	PRON	tu
mens	ADJ	mens
,	PUNCT	,
faulz	NOUN	falloir
villein	NOUN	ville
.	PUNCT	.
Paillard	PROPN	palir
,	PUNCT	,
vous	PRON	vous
ne	ADV	ne
eschiverez	VERB	échevir
ja	ADV	ja
.	PUNCT	.
Garçon	NOUN	garçon
,	PUNCT	,
va	VERB	aler
decy	NOUN	deci
au	ADP.DET	a.le
deable	NOUN	dïable
.	PUNCT	.
Alez	VERB	aler
,	PUNCT	,
ribaud	NOUN	ribaud
,	PUNCT	,
que	SCONJ	que
Dieu	PROPN	dieu
vous	PRON	vous
met	VERB	metre
en	ADP	en
mal	NOUN	mal
an	ADP	en
.	PUNCT	.
Larron	NOUN	larron
,	PUNCT	,
tu	PRON	tu
averas	VERB	averser
male	ADJ	mal
aventure	NOUN	aventure
.	PUNCT	.
Villein	NOUN	ville
,	PUNCT	,
vous	PRON	vous
mentez	VERB	mentir
,	PUNCT	,
et	CCONJ	et
vous	PRON	vous
le	DET	le
acheterez	VERB	acheter
.	PUNCT	.
Ribaud	PROPN	ribaud
,	PUNCT	,
tu	PRON	tu
averas	VERB	averser
le	DET	le
hault	ADJ	haut
gibet	VERB	giedte
.	PUNCT	.
Garçon	NOUN	garçon
,	PUNCT	,
tu	PRON	tu
seras	VERB	estre
tué	VERB	tuer
de	ADP	de
male	ADJ	mal
mort	NOUN	mort
.	PUNCT	.
Pailard	PROPN	palir
,	PUNCT	,
alez	VERB	aler
hors	ADV	hors
de	ADP	de
ma	DET	mon
veue	NOUN	voir
.	PUNCT	.
Va	VERB	aler
decy	NOUN	deci
,	PUNCT	,
ville	NOUN	ville
puant	VERB	pouvoir
paillard	NOUN	palir
.	PUNCT	.
Ribaud	PROPN	ribaud
,	PUNCT	,
vous	PRON	vous
baserez	VERB	baser
le	DET	le
cul	NOUN	cul
au	ADP.DET	a.le
deable	NOUN	dïable
.	PUNCT	.
Larron	NOUN	larron
,	PUNCT	,
vous	PRON	vous
fuissez	NOUN	être
digne	ADJ	digne
d'	ADP	de
estre	VERB	estre
pendu	VERB	pendre
.	PUNCT	.
Va	VERB	aler
te	PRON	tu
en	ADP	en
a	ADP	a
ta	DET	ton
putaigne	NOUN	potiglant
,	PUNCT	,
de	ADP	de
part	NOUN	part
le	DET	le
diable	NOUN	dïable
,	PUNCT	,
quar	CCONJ	car
vous	PRON	vous
estez	VERB	estre
bien	NOUN	bien
cuillez	VERB	cuiller
ensemble	ADV	ensemble
.	PUNCT	.
Garçoun	PROPN	garçon
,	PUNCT	,
de	ADP	de
moy	PRON	moi
tu	PRON	tu
ne	ADV	ne
averas	VERB	averser
ja	ADV	ja
bien	NOUN	bien
.	PUNCT	.
Ribaud	PROPN	ribaud
,	PUNCT	,
tu	PRON	tu
me	PRON	je
as	VERB	a.le
mal	NOUN	mal
servi	VERB	servir
et	CCONJ	et
ce	PRON	ce
te	PRON	tu
serra	VERB	serrer
bien	NOUN	bien
acquité	VERB	acquétir
.	PUNCT	.
Pailard	PROPN	palir
,	PUNCT	,
je	PRON	je
serrey	VERB	serrer
bien	NOUN	bien
vengé	VERB	venger
de	ADP	de
toy	PRON	toi
,	PUNCT	,
ville	NOUN	ville
taigneus	ADJ	tenir
que	SCONJ	que
tu	PRON	tu
es	ADP.DET	en.le
.	PUNCT	.
Aultre	DET	autre
maniere	NOUN	manière
de	ADP	de
language	NOUN	lagage
pour	ADP	pour
parler	VERB	parler
aus	PRON	il
dames	NOUN	dame
et	CCONJ	et
aus	PRON	il
damoiselles	NOUN	damoiselle
.	PUNCT	.
Dame	NOUN	dame
,	PUNCT	,
Dieu	PROPN	dieu
vous	PRON	vous
garde	NOUN	garde
.	PUNCT	.
Dame	NOUN	dame
,	PUNCT	,
Dieu	PROPN	dieu
soit	VERB	estre
ové	NOUN	ovre
vous	PRON	vous
.	PUNCT	.
Sire	NOUN	seignor
,	PUNCT	,
Dieu	PROPN	dieu
vous	PRON	vous
doint	VERB	doner
bon	ADJ	bon
vespres	NOUN	vespre
.	PUNCT	.
Dame	NOUN	dame
,	PUNCT	,
vous	PRON	vous
soiez	VERB	estre
la	DET	le
bien	NOUN	bien
venue	VERB	venir
.	PUNCT	.
Sire	NOUN	seignor
,	PUNCT	,
Dieu	PROPN	dieu
vous	PRON	vous
doint	VERB	doner
bonne	ADJ	bon
aventure	NOUN	aventure
.	PUNCT	.
Dame	NOUN	dame
,	PUNCT	,
vous	PRON	vous
soiez	VERB	estre
bien	NOUN	bien
encontree	ADP	encontre
.	PUNCT	.
Dame	NOUN	dame
,	PUNCT	,
coment	VERB	comment
vous	PRON	vous
est	VERB	estre
il	PRON	il
?	PUNCT	?
Bien	NOUN	bien
,	PUNCT	,
sire	NOUN	seignor
,	PUNCT	,
a	ADP	a
vostre	DET	vostre
commandement	NOUN	commandement
,	PUNCT	,
mercié	VERB	mercïer
soit	VERB	estre
Dieu	PROPN	dieu
.	PUNCT	.
Et	CCONJ	et
coment	VERB	comment
le	DET	le
fait	VERB	faire
vostre	DET	vostre
maistre	NOUN	maître
?	PUNCT	?
Bien	NOUN	bien
,	PUNCT	,
sire	NOUN	seignor
,	PUNCT	,
que	SCONJ	que
bien	NOUN	bien
aiez	VERB	avoir
vous	PRON	vous
,	PUNCT	,
loué	VERB	louer
soit	VERB	estre
Dieu	PROPN	dieu
.	PUNCT	.
Avez	VERB	avoir
vous	PRON	vous
esté	VERB	être
bien	NOUN	bien
aise	NOUN	aise
,	PUNCT	,
dame	NOUN	dame
?	PUNCT	?
Voire	NOUN	voir
,	PUNCT	,
sire	NOUN	seignor
,	PUNCT	,
la	DET	le
vostre	DET	vostre
mercy	NOUN	merci
.	PUNCT	.
Dame	NOUN	dame
,	PUNCT	,
benoit	VERB	benoiier
soit	VERB	estre
Dieu	PROPN	dieu
.	PUNCT	.
Dont	PRON	dont
venez	VERB	venir
vous	PRON	vous
?	PUNCT	?
Sire	NOUN	seignor
,	PUNCT	,
jeo	PRON	je
venke	VERB	vence
de	ADP	de
Dunbare	PROPN	donnatre
.	PUNCT	.
Dame	NOUN	dame
,	PUNCT	,
vuillez	VERB	voloir
vous	PRON	vous
rien	NOUN	rien
que	SCONJ	que
je	PRON	je
puisse	VERB	pöoir
faire	VERB	faire
?	PUNCT	?
Oil	CCONJ	oui
,	PUNCT	,
sire	NOUN	seignor
,	PUNCT	,
molt	DET	moult
la	DET	le
vostre	DET	vostre
mercy	NOUN	merci
.	PUNCT	.
Dame	NOUN	dame
,	PUNCT	,
vous	PRON	vous
le	DET	le
me	PRON	je
comanderez	VERB	comander
.	PUNCT	.
Dame	NOUN	dame
,	PUNCT	,
nostre	DET	notre
Sire	NOUN	seignor
soit	VERB	estre
gardien	NOUN	gardien
de	ADP	de
vous	PRON	vous
.	PUNCT	.
Sire	NOUN	seignor
,	PUNCT	,
Dieu	PROPN	dieu
vous	PRON	vous
conduye	VERB	conduit
.	PUNCT	.
Damoiselle	PROPN	damoiselle
,	PUNCT	,
reposez	VERB	reposer
vous	PRON	vous
bien	NOUN	bien
.	PUNCT	.
Sire	NOUN	seignor
,	PUNCT	,
grande	ADJ	grand
joie	NOUN	joie
vous	PRON	vous
doint	VERB	doner
Dieu	PROPN	dieu
.	PUNCT	.
Damoiselle	PROPN	damoiselle
,	PUNCT	,
bien	NOUN	bien
soiez	VERB	estre
vous	PRON	vous
trouvez	VERB	trouver
.	PUNCT	.
Ou	CCONJ	où
fustez	NOUN	estre
vous	PRON	vous
nee	VERB	naistre
?	PUNCT	?
Ditez	VERB	dire
moy	PRON	moi
,	PUNCT	,
que	SCONJ	que
est	VERB	estre
vostre	DET	vostre
nom	DET	nom
?	PUNCT	?
Damoiselle	PROPN	damoiselle
,	PUNCT	,
ou	CCONJ	ou
demourez	VERB	demeurer
vous	PRON	vous
?	PUNCT	?
Ditez	VERB	dire
,	PUNCT	,
ou	CCONJ	ou
serrés	NOUN	serrer
vous	PRON	vous
trouvez	VERB	trouver
?	PUNCT	?
Damoiselle	PROPN	damoiselle
,	PUNCT	,
n'	ADV	ne
avés	VERB	avoir
vous	PRON	vous
point	NOUN	point
nul	DET	nul
amy	NOUN	ami
?	PUNCT	?
Voulez	VERB	voloir
vous	PRON	vous
estre	VERB	estre
m'	PRON	je
amye	NOUN	ami
?	PUNCT	?
Damoiselle	PROPN	damoiselle
,	PUNCT	,
je	PRON	je
vous	PRON	vous
purroie	VERB	pouvoir
bien	NOUN	bien
aymer	VERB	aimer
.	PUNCT	.
Sire	NOUN	seignor
,	PUNCT	,
vous	PRON	vous
plaise	NOUN	plaie
il	PRON	il
a	ADP	a
boire	VERB	boire
?	PUNCT	?
Sire	NOUN	seignor
,	PUNCT	,
je	PRON	je
le	DET	le
vous	PRON	vous
donrey	VERB	doner
volentiers	ADV	volentiers
.	PUNCT	.
Damoiselle	PROPN	damoiselle
,	PUNCT	,
a	ADP	a
Dieu	PROPN	dieu
vous	PRON	vous
commande	VERB	commander
.	PUNCT	.
Sire	NOUN	seignor
,	PUNCT	,
a	ADP	a
Dieu	PROPN	dieu
.	PUNCT	.
Or	ADV	or
parlerons	NOUN	parler
en	ADP	en
aultre	ADJ	autre
maniere	NOUN	manière
.	PUNCT	.
Ditez	VERB	dire
,	PUNCT	,
portier	NOUN	portier
,	PUNCT	,
ou	CCONJ	ou
est	VERB	estre
la	DET	le
dame	NOUN	dame
de	ADP	de
ciens	NOUN	cine
?	PUNCT	?
Sire	NOUN	seignor
,	PUNCT	,
en	ADP	en
la	DET	le
sale	NOUN	sale
ou	CCONJ	ou
en	ADP	en
la	DET	le
chambre	NOUN	chambre
.	PUNCT	.
Alez	VERB	aler
,	PUNCT	,
faitez	VERB	faire
mon	DET	mon
message	NOUN	message
a	ADP	a
elle	PRON	elle
.	PUNCT	.
Sire	NOUN	seignor
,	PUNCT	,
coment	VERB	comment
luy	PRON	lui
direy	VERB	dire
je	PRON	je
?	PUNCT	?
Ditez	VERB	dire
luy	PRON	lui
que	SCONJ	que
je	PRON	je
suis	VERB	estre
cy	ADV	ci
.	PUNCT	.
Ma	DET	mon
dame	NOUN	dame
,	PUNCT	,
un	DET	un
homme	NOUN	homme
vouldroit	DET	vouloir
parler	VERB	parler
ové	NOUN	ovre
vous	PRON	vous
.	PUNCT	.
Savez	VERB	savoir
vous	PRON	vous
que	SCONJ	que
il	PRON	il
est	VERB	estre
?	PUNCT	?
Oy	ADV	ouïr
,	PUNCT	,
vous	PRON	vous
le	DET	le
cognoissez	VERB	connaître
bien	NOUN	bien
.	PUNCT	.
Ditez	VERB	dire
luy	PRON	lui
que	SCONJ	que
vendrey	VERB	vendredi
tantost	ADV	tantost
.	PUNCT	.
Dame	NOUN	dame
,	PUNCT	,
Dieu	PROPN	dieu
vous	PRON	vous
doint	VERB	doner
bon	ADJ	bon
jour	NOUN	jour
.	PUNCT	.
Sire	NOUN	seignor
,	PUNCT	,
bon	ADJ	bon
jour	NOUN	jour
avez	VERB	avoir
vous	PRON	vous
.	PUNCT	.
Dame	NOUN	dame
,	PUNCT	,
avez	VERB	avoir
hostiel	NOUN	hôtil
pour	ADP	pour
nous	PRON	nous
trois	DET	trois
compaignons	NOUN	compagnon
?	PUNCT	?
Sire	NOUN	seignor
,	PUNCT	,
combien	NOUN	combien
longuement	ADV	longuement
vuillez	VERB	voloir
vous	PRON	vous
demourer	VERB	demeurer
?	PUNCT	?
Dame	NOUN	dame
,	PUNCT	,
nous	PRON	nous
ne	ADV	ne
vous	PRON	vous
sçavons	NOUN	savoir
pas	NOUN	pas
dire	VERB	dire
.	PUNCT	.
Donques	ADV	donc
,	PUNCT	,
que	SCONJ	que
vuillez	VERB	voloir
vous	PRON	vous
donner	VERB	donner
pour	ADP	pour
vostre	DET	vostre
table	NOUN	table
le	DET	le
jour	NOUN	jour
?	PUNCT	?
Dame	NOUN	dame
,	PUNCT	,
que	SCONJ	que
vuillez	VERB	voloir
vous	PRON	vous
prendre	VERB	prendre
pour	ADP	pour
chescun	NOUN	cheschun
de	ADP	de
nous	PRON	nous
?	PUNCT	?
Sire	NOUN	seignor
,	PUNCT	,
rien	NOUN	rien
mains	NOUN	main
de	ADP	de
six	DET	six
deniers	NOUN	denier
le	DET	le
jour	NOUN	jour
.	PUNCT	.
Dame	NOUN	dame
,	PUNCT	,
nous	PRON	nous
le	DET	le
donrons	NOUN	donner
volentiers	ADV	volentiers
.	PUNCT	.
Sire	NOUN	seignor
,	PUNCT	,
par	ADP	par
Dieu	PROPN	dieu
,	PUNCT	,
vous	PRON	vous
soiez	VERB	estre
bien	NOUN	bien
venu	VERB	venir
.	PUNCT	.
Doncques	ADV	donc
,	PUNCT	,
dame	NOUN	dame
,	PUNCT	,
nous	PRON	nous
envoierons	VERB	envoyer
noz	DET	notre
choses	NOUN	chose
ça	ADV	ça
.	PUNCT	.
Sires	NOUN	seignor
,	PUNCT	,
je	PRON	je
suis	VERB	estre
bien	NOUN	bien
content	VERB	conter
de	ADP	de
vous	PRON	vous
.	PUNCT	.
Dame	NOUN	dame
,	PUNCT	,
faitez	VERB	faire
que	SCONJ	que
noz	DET	notre
choses	NOUN	chose
soient	VERB	estre
misez	VERB	metre
sus	DET	sus
.	PUNCT	.
Sire	NOUN	seignor
,	PUNCT	,
elles	PRON	elle
serront	VERB	estre
misez	VERB	metre
en	ADP	en
sauvegarde	NOUN	sauvage
.	PUNCT	.
Ore	NOUN	or
,	PUNCT	,
dame	NOUN	dame
,	PUNCT	,
nous	PRON	nous
irons	NOUN	aler
pour	ADP	pour
noz	DET	notre
bousoigns	NOUN	bousogne
.	PUNCT	.
Sire	NOUN	seignor
,	PUNCT	,
vous	PRON	vous
bevrez	VERB	boivre
avant	ADV	avant
que	SCONJ	que
vous	PRON	vous
voisiez	NOUN	vëoir
.	PUNCT	.
Dame	NOUN	dame
,	PUNCT	,
de	ADP	de
part	NOUN	part
Dieu	PROPN	dieu
.	PUNCT	.
Donque	ADV	donc
faitez	VERB	faire
le	DET	le
venir	VERB	venir
.	PUNCT	.
Ditez	VERB	dire
que	SCONJ	que
elle	PRON	elle
nous	PRON	nous
aporte	VERB	aporter
a	ADP	a
boire	VERB	boire
.	PUNCT	.
Sire	NOUN	seignor
,	PUNCT	,
prennez	VERB	prendre
le	DET	le
hanape	NOUN	hanape
,	PUNCT	,
vous	PRON	vous
comencerez	VERB	commencer
.	PUNCT	.
Dame	NOUN	dame
,	PUNCT	,
non	NOUN	nom
ferrey	VERB	ferir
devant	ADP	devant
vous	PRON	vous
.	PUNCT	.
Sire	NOUN	seignor
,	PUNCT	,
vous	PRON	vous
ferez	VERB	faire
vrayement	NOUN	vraiment
.	PUNCT	.
Par	ADP	par
sainte	ADJ	saint
Marie	PROPN	marie
,	PUNCT	,
c'	CCONJ	ce
est	VERB	estre
bon	ADJ	bon
boire	VERB	boire
.	PUNCT	.
Ore	NOUN	or
,	PUNCT	,
sire	NOUN	seignor
,	PUNCT	,
grant	ADJ	grant
bien	NOUN	bien
vous	PRON	vous
face	VERB	faire
il	PRON	il
.	PUNCT	.
Ore	NOUN	or
,	PUNCT	,
dame	NOUN	dame
,	PUNCT	,
a	ADP	a
Dieu	PROPN	dieu
vous	PRON	vous
comande	VERB	comander
.	PUNCT	.
Sire	NOUN	seignor
,	PUNCT	,
a	ADP	a
Dieu	PROPN	dieu
soiez	VERB	estre
vous	PRON	vous
et	CCONJ	et
cætera	VERB	cettre
.	PUNCT	.
Aultre	DET	autre
manier	VERB	manier
de	ADP	de
language	NOUN	lagage
pour	ADP	pour
parler	VERB	parler
pour	ADP	pour
hostiel	NOUN	hôtil
.	PUNCT	.
Dieu	PROPN	dieu
garde	NOUN	garde
la	DET	le
belle	ADJ	beau
compaignie	NOUN	compagnie
!	PUNCT	!
Ditez	VERB	dire
,	PUNCT	,
ou	CCONJ	ou
a	ADP	a
il	PRON	il
bon	ADJ	bon
hostel	NOUN	hôtel
?	PUNCT	?
Sire	NOUN	seignor
,	PUNCT	,
la	DET	le
devant	ADP	devant
vous	PRON	vous
,	PUNCT	,
au	ADP.DET	a.le
signe	NOUN	signe
du	ADP.DET	de.le
sine	ADJ	sien
.	PUNCT	.
Or	ADV	or
Dieu	PROPN	dieu
soit	VERB	estre
ciens	NOUN	cine
.	PUNCT	.
Sire	NOUN	seignor
ou	CCONJ	ou
dame	NOUN	dame
,	PUNCT	,
hostel	NOUN	hôtel
pour	ADP	pour
charité	NOUN	charité
et	CCONJ	et
pour	ADP	pour
la	DET	le
Sainte	ADJ	saint
Crois	PROPN	croix
.	PUNCT	.
Sire	NOUN	seignor
,	PUNCT	,
entrez	VERB	entrer
de	ADP	de
part	NOUN	part
Dieu	PROPN	dieu
.	PUNCT	.
Dame	NOUN	dame
,	PUNCT	,
avez	VERB	avoir
vous	PRON	vous
de	ADP	de
bon	ADJ	bon
vin	NOUN	vin
?	PUNCT	?
Voire	NOUN	voir
,	PUNCT	,
sire	NOUN	seignor
,	PUNCT	,
belcoup	NOUN	belquit
.	PUNCT	.
Quel	DET	quel
vin	NOUN	vin
?	PUNCT	?
Et	CCONJ	et
blanc	ADJ	blanc
vin	NOUN	vin
et	CCONJ	et
vermail	ADJ	vermeil
.	PUNCT	.
A	ADP	a
combien	NOUN	combien
?	PUNCT	?
A	ADP	a
sesze	ADJ	savoir
,	PUNCT	,
a	ADP	a
dousze	DET	douze
,	PUNCT	,
a	ADP	a
dis	VERB	dire
,	PUNCT	,
a	ADP	a
uuyt	VERB	huit
,	PUNCT	,
a	ADP	a
six	DET	six
,	PUNCT	,
a	ADP	a
quatre	DET	quatre
,	PUNCT	,
a	ADP	a
deux	DET	deux
.	PUNCT	.
Et	CCONJ	et
de	ADP	de
foing	NOUN	feindre
et	CCONJ	et
de	ADP	de
avoine	NOUN	avoine
et	CCONJ	et
des	ADP.DET	de.le
aultres	PRON	autre
choses	NOUN	chose
que	SCONJ	que
nous	PRON	nous
apartient	VERB	apartenir
?	PUNCT	?
Or	ADV	or
,	PUNCT	,
sire	NOUN	seignor
,	PUNCT	,
vous	PRON	vous
averez	VERB	averser
assés	ADV	assez
.	PUNCT	.
Dame	NOUN	dame
,	PUNCT	,
coment	VERB	comment
vendez	VERB	vendre
vous	PRON	vous
de	ADP	de
la	DET	le
servoise	NOUN	servise
?	PUNCT	?
Sire	NOUN	seignor
,	PUNCT	,
la	DET	le
galon	NOUN	galon
a	ADP	a
trois	DET	trois
mailles	NOUN	maille
.	PUNCT	.
Dame	NOUN	dame
,	PUNCT	,
faitez	VERB	faire
atraier	VERB	atraire
la	DET	le
servoise	NOUN	servise
.	PUNCT	.
Dame	NOUN	dame
,	PUNCT	,
faitez	VERB	faire
empler	VERB	empler
le	DET	le
hanap	NOUN	hanap
.	PUNCT	.
Et	CCONJ	et
portez	VERB	porter
nous	PRON	nous
des	ADP.DET	de.le
tasses	NOUN	tasse
et	CCONJ	et
goblés	NOUN	gouver
pour	ADP	pour
le	DET	le
vin	NOUN	vin
.	PUNCT	.
Dame	NOUN	dame
,	PUNCT	,
faitez	VERB	faire
nous	PRON	nous
souper	VERB	souper
.	PUNCT	.
Dame	NOUN	dame
,	PUNCT	,
faitez	VERB	faire
venir	VERB	venir
de	ADP	de
la	DET	le
viande	NOUN	venir
.	PUNCT	.
Or	ADV	or
,	PUNCT	,
mes	DET	mais
seigneurs	NOUN	seigneur
,	PUNCT	,
faitez	VERB	faire
bonne	ADJ	bon
chere	NOUN	cher
.	PUNCT	.
Dame	NOUN	dame
,	PUNCT	,
faitez	VERB	faire
nous	PRON	nous
venir	VERB	venir
du	ADP.DET	de.le
fourmage	NOUN	formemont
.	PUNCT	.
Dame	NOUN	dame
,	PUNCT	,
faitez	VERB	faire
ostre	NOUN	ostre
la	DET	le
nappe	NOUN	nape
.	PUNCT	.
Dame	NOUN	dame
,	PUNCT	,
venez	VERB	venir
conpter	VERB	conpret
.	PUNCT	.
Dame	NOUN	dame
,	PUNCT	,
combien	NOUN	combien
est	VERB	estre
venu	VERB	venir
ciens	NOUN	cine
?	PUNCT	?
Sir	NOUN	seignor
,	PUNCT	,
de	ADP	de
certein	ADJ	certein
taunt	ADV	tantou
.	PUNCT	.
Dame	NOUN	dame
,	PUNCT	,
prennez	VERB	prendre
ce	PRON	ce
que	SCONJ	que
raison	NOUN	raison
est	VERB	estre
.	PUNCT	.
Dame	NOUN	dame
,	PUNCT	,
est	VERB	estre
il	PRON	il
pour	ADP	pour
tout	DET	tout
paié	VERB	paiier
?	PUNCT	?
Dame	NOUN	dame
,	PUNCT	,
sont	VERB	estre
nos	PRON	nos
lis	NOUN	lis
fais	NOUN	faire
?	PUNCT	?
Sire	NOUN	seignor
,	PUNCT	,
oil	NOUN	oui
.	PUNCT	.
Or	ADV	or
alons	NOUN	aler
dormir	VERB	dormir
donques	ADV	donc
.	PUNCT	.
Dieu	PROPN	dieu
soit	VERB	estre
ciens	NOUN	cine
.	PUNCT	.
Vous	PRON	vous
soiez	VERB	estre
bien	NOUN	bien
venu	VERB	venir
.	PUNCT	.
Que	CCONJ	que
demandez	VERB	demander
vous	PRON	vous
?	PUNCT	?
Dame	NOUN	dame
,	PUNCT	,
pourrons	NOUN	pouvoir
nous	PRON	nous
estre	VERB	estre
logez	VERB	loger
ciens	NOUN	cine
?	PUNCT	?
Oy	ADV	ouïr
,	PUNCT	,
sire	NOUN	seignor
,	PUNCT	,
vous	PRON	vous
avrez	VERB	avoir
icy	ADV	ici
bon	ADJ	bon
hostel	NOUN	hôtel
et	CCONJ	et
toutes	DET	tout
choses	NOUN	chose
que	SCONJ	que
a	ADP	a
vous	PRON	vous
partiennent	VERB	partinement
.	PUNCT	.
Ditez	VERB	dire
,	PUNCT	,
combien	NOUN	combien
des	ADP.DET	de.le
chevalx	NOUN	cheval
avez	VERB	avoir
vous	PRON	vous
?	PUNCT	?
Dame	NOUN	dame
,	PUNCT	,
nous	PRON	nous
avons	VERB	avoir
six	DET	six
chevalx	NOUN	cheval
.	PUNCT	.
Bien	NOUN	bien
,	PUNCT	,
sire	NOUN	seignor
,	PUNCT	,
vous	PRON	vous
serrez	VERB	serrer
bien	NOUN	bien
eisez	NOUN	aise
.	PUNCT	.
Or	ADV	or
moustrez	VERB	moustrer
nous	PRON	nous
nostre	DET	notre
chambre	NOUN	chambre
.	PUNCT	.
Valton	NOUN	valoir
-	PUNCT	-
ou	CCONJ	ou
:	PUNCT	:
garson	NOUN	garçon
-	PUNCT	-
,	PUNCT	,
va	VERB	aler
ovesque	NOUN	ovecier
eulx	PRON	eux
.	PUNCT	.
Or	ADV	or
,	PUNCT	,
coment	VERB	comment
vous	PRON	vous
plaist	NOUN	plaire
il	PRON	il
,	PUNCT	,
sires	NOUN	seignor
?	PUNCT	?
Dame	NOUN	dame
,	PUNCT	,
nous	PRON	nous
sumez	VERB	sommetre
bien	NOUN	bien
paiez	VERB	paiier
.	PUNCT	.
Sire	NOUN	seignor
,	PUNCT	,
vous	PRON	vous
ne	ADV	ne
fauldrez	NOUN	falloir
rien	NOUN	rien
.	PUNCT	.
Moustrez	PROPN	moustroy
nous	PRON	nous
donques	ADV	donc
de	ADP	de
vostre	DET	vostre
servoise	NOUN	servise
.	PUNCT	.
Dame	NOUN	dame
,	PUNCT	,
coment	VERB	comment
vendez	VERB	vendre
vous	PRON	vous
de	ADP	de
ceste	DET	cest
icy	ADV	ici
?	PUNCT	?
Sire	NOUN	seignor
,	PUNCT	,
le	DET	le
galon	NOUN	galon
pour	ADP	pour
trois	DET	trois
mailles	NOUN	maille
.	PUNCT	.
Dame	NOUN	dame
,	PUNCT	,
huchez	NOUN	huchet
le	DET	le
clerc	NOUN	clerc
de	ADP	de
ciens	NOUN	cine
.	PUNCT	.
Me	PRON	je
veez	VERB	vëoir
cy	ADV	ci
,	PUNCT	,
sire	NOUN	seignor
.	PUNCT	.
Es	ADP.DET	en.le
tu	PRON	tu
clerc	NOUN	clerc
de	ADP	de
ciens	NOUN	cine
,	PUNCT	,
mon	DET	mon
amy	NOUN	ami
?	PUNCT	?
Voire	NOUN	voir
,	PUNCT	,
sire	NOUN	seignor
,	PUNCT	,
mes	DET	mais
que	SCONJ	que
il	PRON	il
vous	PRON	vous
plais	NOUN	plais
.	PUNCT	.
Sa	DET	son
,	PUNCT	,
conpter	VERB	conpret
,	PUNCT	,
mon	DET	mon
amy	NOUN	ami
,	PUNCT	,
et	CCONJ	et
oste	NOUN	oste
decy	NOUN	deci
.	PUNCT	.
Combien	NOUN	combien
est	VERB	estre
venu	VERB	venir
ciens	NOUN	cine
?	PUNCT	?
Sire	NOUN	seignor
,	PUNCT	,
il	PRON	il
y	ADV	y
a	ADP	a
en	ADP	en
meilleur	ADJ	meilleur
quatre	DET	quatre
deniers	NOUN	denier
.	PUNCT	.
Et	CCONJ	et
en	ADP	en
vin	NOUN	vin
uuyt	VERB	huit
deniers	NOUN	denier
,	PUNCT	,
que	SCONJ	que
sont	VERB	estre
dousze	DET	douze
,	PUNCT	,
et	CCONJ	et
en	ADP	en
cuissin	NOUN	cuissin
sesze	ADJ	savoir
deniers	NOUN	denier
,	PUNCT	,
que	SCONJ	que
sont	VERB	estre
deux	DET	deux
soulds	ADJ	soudre
et	CCONJ	et
quatre	DET	quatre
deniers	NOUN	denier
,	PUNCT	,
et	CCONJ	et
en	ADP	en
fruit	NOUN	fruit
quatre	DET	quatre
deniers	NOUN	denier
,	PUNCT	,
que	SCONJ	que
sont	VERB	estre
deux	DET	deux
soulds	ADJ	soudre
et	CCONJ	et
uuyt	VERB	huit
deniers	NOUN	denier
,	PUNCT	,
et	CCONJ	et
en	ADP	en
fourmage	NOUN	formemont
deux	DET	deux
deniers	NOUN	denier
,	PUNCT	,
et	CCONJ	et
en	ADP	en
belle	ADJ	beau
chere	NOUN	cher
quatre	DET	quatre
deniers	NOUN	denier
,	PUNCT	,
que	SCONJ	que
sont	VERB	estre
trois	DET	trois
soulds	ADJ	soudre
et	CCONJ	et
deux	DET	deux
deniers	NOUN	denier
.	PUNCT	.
Et	CCONJ	et
combien	NOUN	combien
a	ADP	a
il	PRON	il
en	ADP	en
foigne	ADJ	foigne
et	CCONJ	et
en	ADP	en
avoine	NOUN	avoine
?	PUNCT	?
Et	CCONJ	et
que	SCONJ	que
avras	VERB	avoir
pour	ADP	pour
les	DET	le
litz	NOUN	lit
et	CCONJ	et
pour	ADP	pour
la	DET	le
littiere	NOUN	litété
?	PUNCT	?
Sire	NOUN	seignor
,	PUNCT	,
rien	NOUN	rien
pour	ADP	pour
les	DET	le
litz	NOUN	lit
,	PUNCT	,
mais	NOUN	mais
pour	ADP	pour
la	DET	le
litiere	NOUN	lité
quatre	DET	quatre
deniers	NOUN	denier
,	PUNCT	,
que	SCONJ	que
sont	VERB	estre
trois	DET	trois
soulds	ADJ	soudre
et	CCONJ	et
six	DET	six
deniers	NOUN	denier
.	PUNCT	.
Or	ADV	or
clerc	NOUN	clerc
,	PUNCT	,
pren	NOUN	prendre
ce	PRON	ce
que	SCONJ	que
raison	NOUN	raison
est	VERB	estre
.	PUNCT	.
Or	ADV	or
il	PRON	il
est	VERB	estre
tout	DET	tout
quite	ADJ	quite
maintenant	ADV	maintenant
?	PUNCT	?
Voir	ADJ	voir
,	PUNCT	,
sire	NOUN	seignor
,	PUNCT	,
come	SCONJ	come
j'	PRON	je
enten	VERB	entendre
.	PUNCT	.
Dame	NOUN	dame
,	PUNCT	,
sont	VERB	estre
noz	DET	notre
litz	NOUN	lit
faitz	VERB	fait
?	PUNCT	?
Oy	ADV	ouïr
,	PUNCT	,
sire	NOUN	seignor
,	PUNCT	,
ils	PRON	il
sont	VERB	estre
dessus	ADV	dessus
entour	ADP	entour
eulx	PRON	eux
.	PUNCT	.
Dame	NOUN	dame
,	PUNCT	,
veez	VERB	vëoir
que	SCONJ	que
nous	PRON	nous
aions	VERB	avoir
bons	ADJ	bon
lincialz	NOUN	lignal
et	CCONJ	et
assés	ADV	assez
des	ADP.DET	de.le
draps	NOUN	drap
,	PUNCT	,
et	CCONJ	et
que	SCONJ	que
noz	DET	notre
chevalx	NOUN	cheval
soient	VERB	estre
bien	NOUN	bien
eisez	NOUN	aise
.	PUNCT	.
Cleir	PROPN	cler
,	PUNCT	,
donnez	VERB	donner
nous	PRON	nous
a	ADP	a
boire	VERB	boire
.	PUNCT	.
Or	ADV	or
alons	NOUN	aler
nous	PRON	nous
couchier	VERB	couchier
.	PUNCT	.
Sire	NOUN	seignor
,	PUNCT	,
Dieu	PROPN	dieu
vous	PRON	vous
doint	VERB	doner
bonne	ADJ	bon
nuyt	NOUN	nuit
et	CCONJ	et
bon	ADJ	bon
repose	NOUN	reposer
et	CCONJ	et
bel	ADJ	bel
lit	NOUN	lit
et	CCONJ	et
couchiez	VERB	couchier
dehors	ADP	defors
.	PUNCT	.
Aultre	DET	autre
manier	VERB	manier
de	ADP	de
language	NOUN	lagage
pour	ADP	pour
saluer	VERB	salüer
les	DET	le
bons	ADJ	bon
gens	NOUN	gens
.	PUNCT	.
Sire	NOUN	seignor
,	PUNCT	,
vous	PRON	vous
soiez	VERB	estre
le	DET	le
bien	NOUN	bien
venu	VERB	venir
.	PUNCT	.
Sire	NOUN	seignor
,	PUNCT	,
Dieu	PROPN	dieu
vous	PRON	vous
doint	VERB	doner
bonne	ADJ	bon
nuyt	NOUN	nuit
.	PUNCT	.
Bonne	ADJ	bon
nuyt	NOUN	nuit
vous	PRON	vous
doint	VERB	doner
Deux	PROPN	deux
.	PUNCT	.
Sire	NOUN	seignor
,	PUNCT	,
vous	PRON	vous
soiez	VERB	estre
bien	NOUN	bien
encontré	VERB	encontrer
.	PUNCT	.
Sire	NOUN	seignor
,	PUNCT	,
coment	VERB	comment
le	DET	le
faitez	VERB	faire
vous	PRON	vous
?	PUNCT	?
Sire	NOUN	seignor
,	PUNCT	,
quelles	DET	quel
nouvelles	NOUN	nouvelle
avez	VERB	avoir
vous	PRON	vous
?	PUNCT	?
Sire	NOUN	seignor
,	PUNCT	,
nous	PRON	nous
ne	ADV	ne
ouysmez	VERB	ouïr
nulles	NOUN	nul
.	PUNCT	.
Sire	NOUN	seignor
,	PUNCT	,
quant	SCONJ	cant
fustez	NOUN	estre
a	ADP	a
le	DET	le
hostel	NOUN	hôtel
et	CCONJ	et
coment	VERB	comment
le	DET	le
font	VERB	faire
ils	PRON	il
en	ADP	en
voz	DET	vostre
partiez	NOUN	partir
?	PUNCT	?
Dame	NOUN	dame
,	PUNCT	,
Dieu	PROPN	dieu
soit	VERB	estre
oveque	NOUN	ovec
vous	PRON	vous
.	PUNCT	.
Sire	NOUN	seignor
,	PUNCT	,
vous	PRON	vous
soiez	VERB	estre
le	DET	le
bien	NOUN	bien
venu	VERB	venir
.	PUNCT	.
Dame	NOUN	dame
,	PUNCT	,
ou	CCONJ	ou
est	VERB	estre
le	DET	le
seigneur	NOUN	seigneur
de	ADP	de
ciens	NOUN	cine
?	PUNCT	?
Sire	NOUN	seignor
,	PUNCT	,
il	PRON	il
est	VERB	estre
alé	VERB	aler
hors	ADV	hors
de	ADP	de
la	DET	le
ville	NOUN	ville
,	PUNCT	,
mais	NOUN	mais
il	PRON	il
vendra	VERB	vendre
tantost	ADV	tantost
,	PUNCT	,
se	PRON	se
croy	NOUN	croire
je	PRON	je
.	PUNCT	.
Ditez	VERB	dire
moy	PRON	moi
,	PUNCT	,
sire	NOUN	seignor
,	PUNCT	,
vostre	DET	vostre
bousoigne	NOUN	boushagune
.	PUNCT	.
Dame	NOUN	dame
,	PUNCT	,
je	PRON	je
vouldroye	VERB	vouloir
parler	VERB	parler
a	ADP	a
luy	PRON	lui
.	PUNCT	.
Vrayement	NOUN	vraiment
,	PUNCT	,
il	PRON	il
ne	ADV	ne
y	ADV	y
est	VERB	estre
pas	NOUN	pas
.	PUNCT	.
Dame	NOUN	dame
,	PUNCT	,
vendra	VERB	vendre
il	PRON	il
point	NOUN	point
tost	DET	tost
?	PUNCT	?
Par	ADP	par
ma	DET	mon
alme	NOUN	alem
,	PUNCT	,
sire	NOUN	seignor
,	PUNCT	,
je	PRON	je
ne	ADV	ne
sçay	NOUN	savoir
.	PUNCT	.
Sire	NOUN	seignor
,	PUNCT	,
ditez	VERB	dire
moy	PRON	moi
vostre	DET	vostre
message	NOUN	message
.	PUNCT	.
Nemy	NOUN	nemi
,	PUNCT	,
dame	NOUN	dame
,	PUNCT	,
je	PRON	je
le	DET	le
luy	PRON	lui
vouldroie	VERB	voloir
dire	VERB	dire
moy	PRON	moi
mesmes	ADJ	même
.	PUNCT	.
Sire	NOUN	seignor
,	PUNCT	,
vous	PRON	vous
beverez	VERB	bevret
,	PUNCT	,
s'	DET	soi
il	PRON	il
vous	PRON	vous
plaist	NOUN	plaire
.	PUNCT	.
Nemy	NOUN	nemi
,	PUNCT	,
dame	NOUN	dame
,	PUNCT	,
quant	SCONJ	cant
a	ADP	a
present	NOUN	présent
.	PUNCT	.
Sire	NOUN	seignor
,	PUNCT	,
je	PRON	je
direy	VERB	dire
vostre	DET	vostre
messaige	NOUN	message
.	PUNCT	.
Dame	NOUN	dame
,	PUNCT	,
Dieu	PROPN	dieu
le	DET	le
vous	PRON	vous
rende	VERB	rendre
.	PUNCT	.
Sire	NOUN	seignor
,	PUNCT	,
ditez	VERB	dire
moy	PRON	moi
vostre	DET	vostre
nom	DET	nom
.	PUNCT	.
Dame	NOUN	dame
,	PUNCT	,
je	PRON	je
suis	VERB	estre
appellé	VERB	appeler
R	NOUN	re
.	PUNCT	.
Et	CCONJ	et
que	SCONJ	que
est	VERB	estre
vostre	DET	vostre
surnom	NOUN	surmon
?	PUNCT	?
H	ADP	ce
.	PUNCT	.
Sire	NOUN	seignor
,	PUNCT	,
en	ADP	en
bonne	ADJ	bon
heure	NOUN	heure
.	PUNCT	.
Dame	NOUN	dame
,	PUNCT	,
je	PRON	je
vous	PRON	vous
pri	VERB	priier
a	ADP	a
dire	VERB	dire
mon	DET	mon
bousoigne	NOUN	boushagune
a	ADP	a
vostre	DET	vostre
maistre	NOUN	maître
.	PUNCT	.
Sire	NOUN	seignor
,	PUNCT	,
je	PRON	je
le	DET	le
ferrey	VERB	ferir
voulentiers	ADV	volontiers
.	PUNCT	.
Dame	NOUN	dame
,	PUNCT	,
Nostre	DET	notre
Seigneur	NOUN	seigneur
vous	PRON	vous
ait	VERB	avoir
en	ADP	en
sa	DET	son
garde	NOUN	garde
.	PUNCT	.
Sire	NOUN	seignor
,	PUNCT	,
Dieu	PROPN	dieu
vous	PRON	vous
doint	VERB	doner
bon	ADJ	bon
jour	NOUN	jour
.	PUNCT	.
Sire	NOUN	seignor
,	PUNCT	,
bon	ADJ	bon
jour	NOUN	jour
aiez	VERB	avoir
vous	PRON	vous
et	CCONJ	et
bonne	ADJ	bon
vie	NOUN	vie
.	PUNCT	.
Sire	NOUN	seignor
,	PUNCT	,
bon	ADJ	bon
matin	NOUN	matin
vous	PRON	vous
doint	VERB	doner
Dieux	PROPN	dieu
.	PUNCT	.
Sire	NOUN	seignor
,	PUNCT	,
bon	ADJ	bon
matin	NOUN	matin
puissez	NOUN	pöoir
vous	PRON	vous
avoir	VERB	avoir
.	PUNCT	.
Sire	NOUN	seignor
,	PUNCT	,
Nostre	DET	notre
Seigneur	NOUN	seigneur
vous	PRON	vous
garde	NOUN	garde
.	PUNCT	.
Dame	NOUN	dame
,	PUNCT	,
Dieu	PROPN	dieu
vous	PRON	vous
doint	VERB	doner
bonne	ADJ	bon
aventure	NOUN	aventure
.	PUNCT	.
Sire	NOUN	seignor
,	PUNCT	,
vous	PRON	vous
soiez	VERB	estre
le	DET	le
bien	NOUN	bien
venu	VERB	venir
.	PUNCT	.
Dame	NOUN	dame
,	PUNCT	,
coment	VERB	comment
le	DET	le
faitez	VERB	faire
vous	PRON	vous
?	PUNCT	?
Bien	NOUN	bien
,	PUNCT	,
sire	NOUN	seignor
,	PUNCT	,
loué	VERB	louer
soit	VERB	estre
Dieu	PROPN	dieu
.	PUNCT	.
Dame	NOUN	dame
,	PUNCT	,
avez	VERB	avoir
vous	PRON	vous
bonne	ADJ	bon
santé	NOUN	santé
?	PUNCT	?
Oy	ADV	ouïr
,	PUNCT	,
sire	NOUN	seignor
,	PUNCT	,
la	DET	le
vostre	DET	vostre
mercie	NOUN	mercïer
.	PUNCT	.
Dame	NOUN	dame
,	PUNCT	,
il	PRON	il
ne	ADV	ne
a	ADP	a
de	ADP	de
quoy	PRON	quoi
,	PUNCT	,
mais	NOUN	mais
longuement	ADV	longuement
ainsi	ADV	ainsi
vous	PRON	vous
tiegne	VERB	tenir
Dieux	PROPN	dieu
.	PUNCT	.
Sire	NOUN	seignor
,	PUNCT	,
quelles	DET	quel
nouvelles	NOUN	nouvelle
avez	VERB	avoir
vous	PRON	vous
?	PUNCT	?
Dame	NOUN	dame
,	PUNCT	,
mervailleuses	ADJ	merveillier
.	PUNCT	.
Sire	NOUN	seignor
,	PUNCT	,
ou	CCONJ	ou
est	VERB	estre
le	DET	le
roy	NOUN	roi
et	CCONJ	et
la	DET	le
roigne	NOUN	roigne
maintenant	ADV	maintenant
?	PUNCT	?
Par	ADP	par
Dieu	PROPN	dieu
,	PUNCT	,
dame	NOUN	dame
,	PUNCT	,
Dieu	PROPN	dieu
le	DET	le
sçache	NOUN	sachier
,	PUNCT	,
je	PRON	je
ne	ADV	ne
sçay	NOUN	savoir
.	PUNCT	.
Sire	NOUN	seignor
,	PUNCT	,
ou	CCONJ	ou
tiendront	VERB	tenir
ils	PRON	il
leur	DET	leur
Nouel	DET	noel
?	PUNCT	?
Vraiement	NOUN	vraiment
,	PUNCT	,
dame	NOUN	dame
,	PUNCT	,
alme	NOUN	alem
nee	VERB	naistre
ne	ADV	ne
sçait	VERB	savoir
encore	ADV	encore
.	PUNCT	.
Sire	NOUN	seignor
,	PUNCT	,
quant	SCONJ	cant
venistez	VERB	venir
de	ADP	de
le	DET	le
hostel	NOUN	hôtel
?	PUNCT	?
Et	CCONJ	et
coment	VERB	comment
font	VERB	faire
toutz	DET	tout
voz	DET	vostre
amys	NOUN	ami
et	CCONJ	et
amyes	NOUN	ami
?	PUNCT	?
Sire	NOUN	seignor
,	PUNCT	,
ils	PRON	il
sont	VERB	estre
en	ADP	en
bonne	ADJ	bon
santee	VERB	santer
.	PUNCT	.
Sire	NOUN	seignor
,	PUNCT	,
quel	DET	quel
marché	NOUN	marché
a	ADP	a
il	PRON	il
de	ADP	de
blé	NOUN	blé
la	DET	le
?	PUNCT	?
Dame	NOUN	dame
,	PUNCT	,
fourment	NOUN	forment
a	ADP	a
uuyt	VERB	huit
soulds	ADJ	soudre
le	DET	le
quartier	ADJ	quartier
.	PUNCT	.
Et	CCONJ	et
orge	NOUN	orge
le	DET	le
meilleur	ADJ	meilleur
a	ADP	a
quatre	DET	quatre
soulds	ADJ	soudre
le	DET	le
quartier	ADJ	quartier
et	CCONJ	et
trois	DET	trois
deniers	NOUN	denier
,	PUNCT	,
et	CCONJ	et
segle	ADJ	salir
vault	VERB	valoir
atant	VERB	atendre
et	CCONJ	et
feves	NOUN	feve
aussi	ADV	aussi
.	PUNCT	.
Benoit	PROPN	benoiier
soit	VERB	estre
Dieu	PROPN	dieu
,	PUNCT	,
c'	CCONJ	ce
est	VERB	estre
bon	ADJ	bon
marché	NOUN	marché
.	PUNCT	.
Et	CCONJ	et
pois	NOUN	peise
et	CCONJ	et
avoine	NOUN	avoine
vaulent	VERB	valoir
atant	VERB	atendre
.	PUNCT	.
Sire	NOUN	seignor
,	PUNCT	,
combien	NOUN	combien
longuement	ADV	longuement
demourerez	VERB	demeurer
vous	PRON	vous
yci	ADV	ici
?	PUNCT	?
Dame	NOUN	dame
,	PUNCT	,
jusques	ADP	jusque
je	PRON	je
ay	VERB	avoir
eschivé	NOUN	eschavir
mes	DET	mais
bousoignes	NOUN	boushogne
.	PUNCT	.
Sire	NOUN	seignor
,	PUNCT	,
quant	SCONJ	cant
irez	NOUN	aler
vous	PRON	vous
a	ADP	a
l'	DET	le
ostel	NOUN	hôtel
?	PUNCT	?
Sire	NOUN	seignor
,	PUNCT	,
je	PRON	je
vous	PRON	vous
empri	NOUN	empris
,	PUNCT	,
faitez	VERB	faire
mon	DET	mon
messaige	NOUN	message
.	PUNCT	.
Si	ADV	si
ferrey	VERB	ferir
je	PRON	je
,	PUNCT	,
dame	NOUN	dame
,	PUNCT	,
vrayement	NOUN	vraiment
.	PUNCT	.
Ditez	VERB	dire
le	DET	le
moy	PRON	moi
.	PUNCT	.
Je	PRON	je
vous	PRON	vous
empri	NOUN	empris
,	PUNCT	,
saluez	VERB	salüer
moy	PRON	moi
toutz	DET	tout
mes	DET	mais
amys	NOUN	ami
et	CCONJ	et
toutes	DET	tout
mes	DET	mais
amyes	NOUN	ami
.	PUNCT	.
Sire	NOUN	seignor
,	PUNCT	,
voulez	VERB	vouloir
vous	PRON	vous
rien	NOUN	rien
que	SCONJ	que
je	PRON	je
puisse	VERB	pöoir
faire	VERB	faire
?	PUNCT	?
Oy	ADV	ouïr
,	PUNCT	,
dame	NOUN	dame
,	PUNCT	,
ce	PRON	ce
est	VERB	estre
grand	ADJ	grand
euffre	NOUN	asfuitre
,	PUNCT	,
la	DET	le
vostre	DET	vostre
mercy	NOUN	merci
,	PUNCT	,
pour	ADP	pour
moy	PRON	moi
.	PUNCT	.
Sire	NOUN	seignor
,	PUNCT	,
vous	PRON	vous
plaist	NOUN	plaire
il	PRON	il
a	ADP	a
boire	VERB	boire
?	PUNCT	?
Nemy	NOUN	nemi
,	PUNCT	,
dame	NOUN	dame
,	PUNCT	,
il	PRON	il
serroit	VERB	estre
guasté	NOUN	gaster
.	PUNCT	.
Sire	NOUN	seignor
,	PUNCT	,
je	PRON	je
le	DET	le
vous	PRON	vous
en	ADP	en
donerey	VERB	doner
volentiers	ADV	volentiers
et	CCONJ	et
de	ADP	de
bon	ADJ	bon
cuer	NOUN	cuer
.	PUNCT	.
Dame	NOUN	dame
,	PUNCT	,
je	PRON	je
le	DET	le
sçay	NOUN	savoir
bien	NOUN	bien
,	PUNCT	,
Dieu	PROPN	dieu
le	DET	le
vous	PRON	vous
rende	VERB	rendre
.	PUNCT	.
Oy	ADV	ouïr
,	PUNCT	,
sire	NOUN	seignor
,	PUNCT	,
par	ADP	par
ma	DET	mon
foy	NOUN	foi
que	SCONJ	que
mien	ADJ	mien
est	VERB	estre
,	PUNCT	,
vous	PRON	vous
trouverez	VERB	trouver
tout	DET	tout
prest	NOUN	prest
.	PUNCT	.
Dame	NOUN	dame
,	PUNCT	,
grand	ADJ	grand
mercy	NOUN	merci
,	PUNCT	,
ce	PRON	ce
est	VERB	estre
sanz	ADP	sans
ma	DET	mon
desert	NOUN	desert
.	PUNCT	.
Nemy	NOUN	nemi
,	PUNCT	,
sire	NOUN	seignor
,	PUNCT	,
vraiement	NOUN	vraiment
,	PUNCT	,
je	PRON	je
vous	PRON	vous
ay	VERB	avoir
trouvé	VERB	trouver
droit	ADJ	droit
naturel	NOUN	nature
.	PUNCT	.
Dame	NOUN	dame
,	PUNCT	,
Dieux	PROPN	dieu
amende	NOUN	amender
lé	NOUN	lé
faultes	ADJ	faute
.	PUNCT	.
Or	ADV	or
Dieu	PROPN	dieu
vous	PRON	vous
ait	VERB	avoir
en	ADP	en
sa	DET	son
garde	NOUN	garde
.	PUNCT	.
Aultre	DET	autre
maniere	NOUN	manière
de	ADP	de
language	NOUN	lagage
pour	ADP	pour
achetre	VERB	acheter
et	CCONJ	et
vendre	VERB	vendre
.	PUNCT	.
Ditez	VERB	dire
,	PUNCT	,
a	ADP	a
combien	NOUN	combien
cest	DET	cest
cy	ADV	ci
?	PUNCT	?
Ditez	VERB	dire
,	PUNCT	,
coment	VERB	comment
le	DET	le
averey	VERB	avoir
je	PRON	je
?	PUNCT	?
Le	DET	le
vuillez	VERB	voloir
vous	PRON	vous
avoir	VERB	avoir
?	PUNCT	?
Voire	NOUN	voir
,	PUNCT	,
sire	NOUN	seignor
,	PUNCT	,
ditez	VERB	dire
a	ADP	a
un	DET	un
mot	NOUN	mot
.	PUNCT	.
Sire	NOUN	seignor
,	PUNCT	,
vous	PRON	vous
me	PRON	je
donrez	VERB	doner
tant	ADV	tant
pour	ADP	pour
ce	PRON	ce
.	PUNCT	.
Nemy	NOUN	nemi
,	PUNCT	,
sire	NOUN	seignor
,	PUNCT	,
sauve	ADJ	sauve
vostre	DET	vostre
grace	NOUN	grace
,	PUNCT	,
ce	PRON	ce
est	VERB	estre
trop	ADV	trop
.	PUNCT	.
Et	CCONJ	et
que	SCONJ	que
me	PRON	je
donrez	VERB	doner
vous	PRON	vous
donques	ADV	donc
?	PUNCT	?
Ditez	VERB	dire
coment	VERB	comment
le	DET	le
me	PRON	je
donrez	VERB	doner
vous	PRON	vous
a	ADP	a
droit	ADJ	droit
.	PUNCT	.
Vous	PRON	vous
le	DET	le
averez	VERB	averser
a	ADP	a
bon	ADJ	bon
marché	NOUN	marché
.	PUNCT	.
Ditez	VERB	dire
a	ADP	a
un	DET	un
mot	NOUN	mot
et	CCONJ	et
ne	ADV	ne
tarjez	VERB	terjer
plus	ADV	plus
.	PUNCT	.
Par	ADP	par
mon	DET	mon
seurement	NOUN	sûrement
,	PUNCT	,
sire	NOUN	seignor
,	PUNCT	,
vous	PRON	vous
ne	ADV	ne
le	DET	le
averez	VERB	averser
rien	NOUN	rien
mains	NOUN	main
.	PUNCT	.
Sire	NOUN	seignor
,	PUNCT	,
il	PRON	il
ne	ADV	ne
vault	VERB	valoir
pas	NOUN	pas
le	DET	le
argent	NOUN	argent
.	PUNCT	.
Sir	NOUN	seignor
,	PUNCT	,
coment	VERB	comment
le	DET	le
voillez	NOUN	voloir
vous	PRON	vous
avoire	VERB	avoir
?	PUNCT	?
Le	DET	le
averey	VERB	avoir
je	PRON	je
pour	ADP	pour
tant	ADV	tant
d'	ADP	de
argentz	NOUN	argent
?	PUNCT	?
Nemy	NOUN	nemi
,	PUNCT	,
sire	NOUN	seignor
,	PUNCT	,
il	PRON	il
me	PRON	je
couste	NOUN	coute
plus	ADV	plus
.	PUNCT	.
Dites	VERB	dire
en	ADP	en
bone	ADJ	bon
foie	NOUN	foi
coment	VERB	comment
l'	DET	le
avera	VERB	averser
jeo	PRON	je
.	PUNCT	.
Sire	NOUN	seignor
,	PUNCT	,
direy	VERB	dire
je	PRON	je
a	ADP	a
un	DET	un
mot	NOUN	mot
?	PUNCT	?
Voire	NOUN	voir
,	PUNCT	,
pour	ADP	pour
Dieu	PROPN	dieu
.	PUNCT	.
Par	ADP	par
saint	ADJ	saint
Jaque	ADJ	jacque
,	PUNCT	,
vous	PRON	vous
me	PRON	je
donrez	VERB	doner
tant	ADV	tant
.	PUNCT	.
Sire	NOUN	seignor
,	PUNCT	,
a	ADP	a
un	DET	un
mot	NOUN	mot
,	PUNCT	,
prennez	VERB	prendre
ou	CCONJ	ou
laissez	VERB	laisser
.	PUNCT	.
Vraiement	NOUN	vraiment
,	PUNCT	,
vous	PRON	vous
ne	ADV	ne
averez	VERB	averser
plus	ADV	plus
pour	ADP	pour
moy	PRON	moi
.	PUNCT	.
Prennez	VERB	prendre
vostre	DET	vostre
argent	NOUN	argent
si	ADV	si
vous	PRON	vous
vuillez	VERB	voloir
.	PUNCT	.
Ditez	VERB	dire
,	PUNCT	,
n'	ADV	ne
avez	VERB	avoir
vous	PRON	vous
point	NOUN	point
de	ADP	de
meilleur	ADJ	meilleur
a	ADP	a
vendre	VERB	vendre
?	PUNCT	?
Marie	PROPN	marie
,	PUNCT	,
sire	NOUN	seignor
,	PUNCT	,
ce	PRON	ce
est	VERB	estre
tresbon	NOUN	treson
.	PUNCT	.
Et	CCONJ	et
encore	ADV	encore
je	PRON	je
vous	PRON	vous
trouverey	VERB	trouver
tresmeilleur	NOUN	rempler
et	CCONJ	et
tresbonnes	NOUN	tresçonc
denrees	NOUN	dener
.	PUNCT	.
Et	CCONJ	et
a	ADP	a
combien	NOUN	combien
?	PUNCT	?
Sire	NOUN	seignor
,	PUNCT	,
il	PRON	il
vaut	VERB	valoir
centz	DET	cent
solides	NOUN	soudis
.	PUNCT	.
Certez	ADV	certes
,	PUNCT	,
il	PRON	il
est	VERB	estre
trope	NOUN	troper
chere	NOUN	cher
.	PUNCT	.
Sire	NOUN	seignor
,	PUNCT	,
veés	NOUN	vëoir
,	PUNCT	,
j'	PRON	je
ay	VERB	avoir
tresbonne	NOUN	tresonchier
chose	NOUN	chose
pour	ADP	pour
vous	PRON	vous
.	PUNCT	.
Ditez	VERB	dire
,	PUNCT	,
vuillez	VERB	voloir
vous	PRON	vous
acheter	VERB	acheter
cela	DET	cela
?	PUNCT	?
Oy	ADV	ouïr
,	PUNCT	,
dame	NOUN	dame
,	PUNCT	,
ce	PRON	ce
est	VERB	estre
tresbon	NOUN	treson
pour	ADP	pour
nous	PRON	nous
.	PUNCT	.
Ditez	VERB	dire
,	PUNCT	,
coment	VERB	comment
le	DET	le
vuillez	VERB	voloir
vous	PRON	vous
donner	VERB	donner
?	PUNCT	?
Sire	NOUN	seignor
,	PUNCT	,
vous	PRON	vous
me	PRON	je
donnez	VERB	donner
tant	ADV	tant
pour	ADP	pour
cecy	DET	ceci
.	PUNCT	.
Ditez	VERB	dire
,	PUNCT	,
que	SCONJ	que
est	VERB	estre
la	DET	le
derrain	ADP	derrain
mot	NOUN	mot
?	PUNCT	?
Dame	NOUN	dame
,	PUNCT	,
a	ADP	a
un	DET	un
mot	NOUN	mot
,	PUNCT	,
vous	PRON	vous
ne	ADV	ne
l'	DET	le
averez	VERB	averser
mains	NOUN	main
?	PUNCT	?
Certes	ADV	certes
,	PUNCT	,
vous	PRON	vous
le	DET	le
amez	VERB	amer
trop	ADV	trop
chierement	NOUN	chierement
,	PUNCT	,
car	CCONJ	car
il	PRON	il
ne	ADV	ne
vault	VERB	valoir
pas	NOUN	pas
tant	ADV	tant
d'	ADP	de
argent	NOUN	argent
.	PUNCT	.
Sire	NOUN	seignor
,	PUNCT	,
je	PRON	je
vous	PRON	vous
trouverey	VERB	trouver
meilleur	ADJ	meilleur
si	ADV	si
vous	PRON	vous
vuillez	VERB	voloir
.	PUNCT	.
Or	ADV	or
moustrez	VERB	moustrer
moy	PRON	moi
donques	ADV	donc
.	PUNCT	.
Veés	NOUN	vëoir
cy	ADV	ci
bonne	ADJ	bon
chose	NOUN	chose
pour	ADP	pour
vous	PRON	vous
.	PUNCT	.
Or	ADV	or
,	PUNCT	,
de	ADP	de
quel	DET	quel
pris	NOUN	prendre
est	VERB	estre
cest	DET	cest
cy	ADV	ci
?	PUNCT	?
Sire	NOUN	seignor
,	PUNCT	,
vuillez	VERB	voloir
vous	PRON	vous
a	ADP	a
un	DET	un
mot	NOUN	mot
?	PUNCT	?
Vous	PRON	vous
me	PRON	je
donrez	VERB	doner
tant	ADV	tant
pour	ADP	pour
cest	DET	cest
cy	ADV	ci
se	PRON	se
vous	PRON	vous
l'	DET	le
avez	VERB	avoir
.	PUNCT	.
Nemy	NOUN	nemi
,	PUNCT	,
mais	NOUN	mais
je	PRON	je
vous	PRON	vous
donrey	VERB	doner
tant	ADV	tant
pour	ADP	pour
cela	DET	cela
,	PUNCT	,
et	CCONJ	et
tenez	VERB	tenir
un	DET	un
denier	NOUN	denier
en	ADP	en
arres	NOUN	arre
.	PUNCT	.
Certes	ADV	certes
,	PUNCT	,
je	PRON	je
ne	ADV	ne
vous	PRON	vous
donrey	VERB	doner
plus	ADV	plus
.	PUNCT	.
Or	ADV	or
le	DET	le
prennez	VERB	prendre
donques	ADV	donc
en	ADP	en
bon	ADJ	bon
estrein	NOUN	estreindre
.	PUNCT	.
Par	ADP	par
ma	DET	mon
foy	NOUN	foi
,	PUNCT	,
vous	PRON	vous
avez	VERB	avoir
meilleur	ADJ	meilleur
marché	NOUN	marché
que	SCONJ	que
nul	DET	nul
aultre	ADJ	autre
.	PUNCT	.
Et	CCONJ	et
pour	ADP	pour
ce	PRON	ce
faitez	VERB	faire
nous	PRON	nous
venir	VERB	venir
a	ADP	a
boire	VERB	boire
,	PUNCT	,
qar	CCONJ	car
par	ADP	par
ma	DET	mon
foy	NOUN	foi
,	PUNCT	,
vous	PRON	vous
estez	VERB	estre
digne	ADJ	digne
de	ADP	de
le	DET	le
faire	VERB	faire
.	PUNCT	.
Or	ADV	or
,	PUNCT	,
a	ADP	a
Dieu	PROPN	dieu
que	SCONJ	que
vous	PRON	vous
garde	NOUN	garde
.	PUNCT	.
Encore	ADV	encore
un	DET	un
aultre	ADJ	autre
maniere	NOUN	manière
de	ADP	de
language	NOUN	lagage
pour	ADP	pour
saluer	VERB	salüer
les	DET	le
bonnes	ADJ	bon
gens	NOUN	gens
dedens	ADP	dedans
ou	CCONJ	ou
dehors	ADP	defors
ou	CCONJ	ou
en	ADP	en
quel	DET	quel
lieu	NOUN	lieu
q'	SCONJ	que
ils	PRON	il
soient	VERB	estre
.	PUNCT	.
Pour	ADP	pour
ce	PRON	ce
sçachiez	VERB	savoir
:	PUNCT	:
au	ADP.DET	a.le
matin	NOUN	matin
:	PUNCT	:
bon	ADJ	bon
jour	NOUN	jour
,	PUNCT	,
a	ADP	a
remonté	VERB	remonter
:	PUNCT	:
bon	ADJ	bon
vespres	NOUN	vespre
,	PUNCT	,
et	CCONJ	et
a	ADP	a
soir	NOUN	soir
:	PUNCT	:
bonne	ADJ	bon
nuyt	NOUN	nuit
,	PUNCT	,
sicome	NOUN	sicomme
il	PRON	il
s'	DET	soi
ensuyt	VERB	ensuivre
.	PUNCT	.
Mon	DET	mon
seigneur	NOUN	seigneur
,	PUNCT	,
Dieu	PROPN	dieu
vous	PRON	vous
doint	VERB	doner
bon	ADJ	bon
jour	NOUN	jour
.	PUNCT	.
Tu	PRON	tu
soiez	VERB	estre
le	DET	le
bien	NOUN	bien
venu	VERB	venir
,	PUNCT	,
mon	DET	mon
amy	NOUN	ami
.	PUNCT	.
Dont	PRON	dont
vien	NOUN	venir
tu	PRON	tu
,	PUNCT	,
mon	DET	mon
amy	NOUN	ami
?	PUNCT	?
Dont	PRON	dont
je	PRON	je
vien	NOUN	venir
,	PUNCT	,
mon	DET	mon
seigneur	NOUN	seigneur
?	PUNCT	?
Marie	PROPN	marie
,	PUNCT	,
je	PRON	je
vien	NOUN	venir
de	ADP	de
Paris	PROPN	paris
,	PUNCT	,
la	DET	le
ou	CCONJ	ou
vous	PRON	vous
m'	PRON	je
avez	VERB	avoir
envoié	VERB	envoyer
.	PUNCT	.
Et	CCONJ	et
quelles	DET	quel
nouvelles	NOUN	nouvelle
,	PUNCT	,
je	PRON	je
te	PRON	tu
empri	NOUN	empris
?	PUNCT	?
Vraiement	NOUN	vraiment
,	PUNCT	,
je	PRON	je
n'	ADV	ne
ay	VERB	avoir
ouy	VERB	ouïr
nulles	NOUN	nul
que	SCONJ	que
bonnes	ADJ	bon
.	PUNCT	.
Le	DET	le
roy	NOUN	roi
,	PUNCT	,
coment	VERB	comment
le	DET	le
fait	VERB	faire
il	PRON	il
?	PUNCT	?
Par	ADP	par
Dieu	PROPN	dieu
,	PUNCT	,
sire	NOUN	seignor
,	PUNCT	,
la	DET	le
mercy	NOUN	merci
Dieu	PROPN	dieu
,	PUNCT	,
tresbien	NOUN	treinbre
.	PUNCT	.
Et	CCONJ	et
la	DET	le
roigne	NOUN	roigne
aussi	ADV	aussi
?	PUNCT	?
Marie	PROPN	marie
,	PUNCT	,
elle	PRON	elle
est	VERB	estre
en	ADP	en
bon	ADJ	bon
point	NOUN	point
,	PUNCT	,
come	SCONJ	come
j'	PRON	je
ay	VERB	avoir
ouy	VERB	ouïr
.	PUNCT	.
Et	CCONJ	et
ou	CCONJ	ou
vas	VERB	aler
tu	PRON	tu
maintenant	ADV	maintenant
?	PUNCT	?
Si	ADV	si
Dieu	PROPN	dieu
m'	PRON	je
ait	VERB	avoir
,	PUNCT	,
sire	NOUN	seignor
,	PUNCT	,
je	PRON	je
vois	NOUN	aler
a	ADP	a
ma	DET	mon
maison	NOUN	maison
.	PUNCT	.
Voire	NOUN	voir
?	PUNCT	?
Voire	NOUN	voir
,	PUNCT	,
sire	NOUN	seignor
,	PUNCT	,
si	ADV	si
m'	PRON	je
ait	VERB	avoir
Dieux	PROPN	dieu
.	PUNCT	.
Vuils	NOUN	vouloir
tu	PRON	tu
aler	VERB	aler
anuyt	NOUN	enoiier
?	PUNCT	?
Se	SCONJ	se
je	PRON	je
vuil	DET	voloir
aler	VERB	aler
anuyt	NOUN	enoiier
?	PUNCT	?
Je	PRON	je
croy	NOUN	croire
que	SCONJ	que
tu	PRON	tu
te	PRON	tu
moque	NOUN	moube
de	ADP	de
moy	PRON	moi
.	PUNCT	.
Par	ADP	par
saint	ADJ	saint
Jasque	ADJ	jasque
,	PUNCT	,
sire	NOUN	seignor
,	PUNCT	,
non	NOUN	nom
fois	NOUN	fois
,	PUNCT	,
sauve	ADJ	sauve
vostre	DET	vostre
grace	NOUN	grace
.	PUNCT	.
Mais	CCONJ	mais
q'	SCONJ	que
il	PRON	il
ne	ADV	ne
vous	PRON	vous
desplaise	VERB	déplaisser
,	PUNCT	,
sire	NOUN	seignor
,	PUNCT	,
je	PRON	je
songe	NOUN	songier
en	ADP	en
voz	DET	vostre
paroles	NOUN	parole
,	PUNCT	,
pour	ADP	pour
ce	PRON	ce
que	SCONJ	que
je	PRON	je
ne	ADV	ne
puis	NOUN	puis
pas	NOUN	pas
bien	NOUN	bien
ouyr	VERB	ouïr
.	PUNCT	.
Fais	NOUN	faire
,	PUNCT	,
par	ADP	par
saint	ADJ	saint
Marie	PROPN	marie
.	PUNCT	.
Sire	NOUN	seignor
,	PUNCT	,
oy	VERB	öir
.	PUNCT	.
Je	PRON	je
le	DET	le
te	PRON	tu
pardonne	NOUN	pardoner
.	PUNCT	.
Donques	ADV	donc
va	VERB	aler
te	PRON	tu
en	ADP	en
.	PUNCT	.
Dieu	PROPN	dieu
te	PRON	tu
conduye	VERB	conduit
.	PUNCT	.
Or	ADV	or
pour	ADP	pour
saluer	VERB	salüer
les	DET	le
bonnes	ADJ	bon
gens	NOUN	gens
.	PUNCT	.
Dieu	PROPN	dieu
vous	PRON	vous
doint	VERB	doner
bon	ADJ	bon
jour	NOUN	jour
,	PUNCT	,
ma	DET	mon
dame	NOUN	dame
.	PUNCT	.
Dieu	PROPN	dieu
vous	PRON	vous
doint	VERB	doner
bon	ADJ	bon
vespres	NOUN	vespre
,	PUNCT	,
sire	NOUN	seignor
.	PUNCT	.
Dieu	PROPN	dieu
vous	PRON	vous
doint	VERB	doner
bonne	ADJ	bon
nuyt	NOUN	nuit
,	PUNCT	,
ma	DET	mon
damoiselle	NOUN	damoiselle
.	PUNCT	.
Dieu	PROPN	dieu
soit	VERB	estre
ciens	NOUN	cine
.	PUNCT	.
Vous	PRON	vous
soiez	VERB	estre
le	DET	le
bien	NOUN	bien
venu	VERB	venir
,	PUNCT	,
sire	NOUN	seignor
.	PUNCT	.
Damoiselle	PROPN	damoiselle
,	PUNCT	,
Dieu	PROPN	dieu
vous	PRON	vous
doint	VERB	doner
bon	ADJ	bon
jour	NOUN	jour
et	CCONJ	et
bonne	ADJ	bon
estreine	NOUN	estreindre
.	PUNCT	.
Bon	ADJ	bon
jour	NOUN	jour
aiez	VERB	avoir
vous	PRON	vous
,	PUNCT	,
sire	NOUN	seignor
,	PUNCT	,
et	CCONJ	et
bonne	ADJ	bon
santee	VERB	santer
.	PUNCT	.
Dame	NOUN	dame
,	PUNCT	,
ou	CCONJ	ou
est	VERB	estre
le	DET	le
seigneur	NOUN	seigneur
de	ADP	de
ciens	NOUN	cine
?	PUNCT	?
Parquoy	PROPN	parque
demandez	VERB	demander
vous	PRON	vous
,	PUNCT	,
sire	NOUN	seignor
?	PUNCT	?
Marie	PROPN	marie
,	PUNCT	,
je	PRON	je
ne	ADV	ne
le	DET	le
demande	VERB	demander
pour	ADP	pour
nul	DET	nul
mal	NOUN	mal
,	PUNCT	,
mais	NOUN	mais
je	PRON	je
parlasse	VERB	parler
volenters	NOUN	volenté
a	ADP	a
luy	PRON	lui
.	PUNCT	.
Vraiement	NOUN	vraiment
,	PUNCT	,
il	PRON	il
est	VERB	estre
alé	VERB	aler
hors	ADV	hors
de	ADP	de
la	DET	le
ville	NOUN	ville
.	PUNCT	.
Est	VERB	estre
?	PUNCT	?
Par	ADP	par
ma	DET	mon
alme	NOUN	alem
,	PUNCT	,
sire	NOUN	seignor
,	PUNCT	,
ouy	VERB	ouïr
.	PUNCT	.
Mais	CCONJ	mais
pour	ADP	pour
tant	ADV	tant
je	PRON	je
croy	NOUN	croire
q'	SCONJ	que
il	PRON	il
revendra	VERB	revenir
tantost	ADV	tantost
.	PUNCT	.
Fera	VERB	faire
?	PUNCT	?
Je	PRON	je
ne	ADV	ne
sçay	NOUN	savoir
pour	ADP	pour
certain	ADJ	certain
,	PUNCT	,
mais	NOUN	mais
je	PRON	je
croy	NOUN	croire
que	SCONJ	que
si	ADV	si
fera	VERB	faire
.	PUNCT	.
Vuillez	VERB	voloir
vous	PRON	vous
chose	NOUN	chose
que	SCONJ	que
je	PRON	je
luy	PRON	lui
en	ADP	en
puisse	VERB	pöoir
dire	VERB	dire
?	PUNCT	?
Vraiement	NOUN	vraiment
,	PUNCT	,
je	PRON	je
parlasse	VERB	parler
volenters	NOUN	volenté
a	ADP	a
luy	PRON	lui
.	PUNCT	.
Vraiement	NOUN	vraiment
,	PUNCT	,
sire	NOUN	seignor
,	PUNCT	,
il	PRON	il
ne	ADV	ne
y	ADV	y
est	VERB	estre
pas	NOUN	pas
.	PUNCT	.
Sçavez	VERB	savoir
vous	PRON	vous
s'	DET	soi
il	PRON	il
vendra	VERB	vendre
en	ADP	en
piece	NOUN	piece
?	PUNCT	?
Nemy	NOUN	nemi
,	PUNCT	,
sire	NOUN	seignor
,	PUNCT	,
vraiement	NOUN	vraiment
.	PUNCT	.
Ditez	VERB	dire
moy	PRON	moi
vostre	DET	vostre
message	NOUN	message
.	PUNCT	.
A	ADP	a
quoy	PRON	quoi
le	DET	le
vous	PRON	vous
direy	VERB	dire
je	PRON	je
?	PUNCT	?
Il	PRON	il
ne	ADV	ne
vous	PRON	vous
profruit	VERB	profir
rien	NOUN	rien
.	PUNCT	.
Il	PRON	il
me	PRON	je
fault	NOUN	falloir
parler	VERB	parler
a	ADP	a
luy	PRON	lui
de	ADP	de
bouche	NOUN	bouche
.	PUNCT	.
De	ADP	de
part	NOUN	part
Dieu	PROPN	dieu
,	PUNCT	,
sire	NOUN	seignor
.	PUNCT	.
Vuillez	VERB	voloir
vous	PRON	vous
boire	VERB	boire
de	ADP	de
son	DET	son
vin	NOUN	vin
?	PUNCT	?
Nemy	NOUN	nemi
,	PUNCT	,
dame	NOUN	dame
,	PUNCT	,
grant	ADJ	grant
mercy	NOUN	merci
quant	SCONJ	cant
a	ADP	a
present	NOUN	présent
.	PUNCT	.
Je	PRON	je
vous	PRON	vous
prye	NOUN	priier
que	SCONJ	que
vous	PRON	vous
bevez	VERB	bevre
du	ADP.DET	de.le
vin	NOUN	vin
de	ADP	de
ciens	NOUN	cine
.	PUNCT	.
Vraiement	NOUN	vraiment
,	PUNCT	,
le	DET	le
vostre	DET	vostre
mercy	NOUN	merci
,	PUNCT	,
je	PRON	je
n'	ADV	ne
ay	VERB	avoir
point	NOUN	point
mestier	NOUN	mestier
.	PUNCT	.
Par	ADP	par
ma	DET	mon
foy	NOUN	foi
,	PUNCT	,
sire	NOUN	seignor
,	PUNCT	,
vous	PRON	vous
le	DET	le
eussiez	VERB	avoir
tresvolontiers	NOUN	trespler-e-d-onclir
.	PUNCT	.
Et	CCONJ	et
toutzjours	DET	toutouis
serrey	VERB	serrer
a	ADP	a
vostre	DET	vostre
comandement	NOUN	comandement
.	PUNCT	.
Dame	NOUN	dame
,	PUNCT	,
la	DET	le
vostre	DET	vostre
treschier	VERB	trechier
mercy	NOUN	merci
,	PUNCT	,
et	CCONJ	et
pour	ADP	pour
ce	PRON	ce
que	SCONJ	que
je	PRON	je
ne	ADV	ne
le	DET	le
trouve	VERB	trouver
pas	NOUN	pas
ciens	NOUN	cine
,	PUNCT	,
je	PRON	je
vous	PRON	vous
empri	NOUN	empris
que	SCONJ	que
vous	PRON	vous
luy	PRON	lui
diez	VERB	dire
mon	DET	mon
messaige	NOUN	message
.	PUNCT	.
Sire	NOUN	seignor
,	PUNCT	,
se	PRON	se
ferey	VERB	faire
je	PRON	je
de	ADP	de
bon	ADJ	bon
cuer	NOUN	cuer
.	PUNCT	.
Mes	CCONJ	mais
non	NOUN	nom
vous	PRON	vous
desplaise	VERB	déplaisser
,	PUNCT	,
je	PRON	je
ne	ADV	ne
vous	PRON	vous
cognoiz	VERB	congier
point	NOUN	point
.	PUNCT	.
Et	CCONJ	et
pour	ADP	pour
ce	PRON	ce
,	PUNCT	,
s'	DET	soi
il	PRON	il
vous	PRON	vous
plaist	NOUN	plaire
,	PUNCT	,
ditez	VERB	dire
moy	PRON	moi
vostre	DET	vostre
nom	DET	nom
.	PUNCT	.
Par	ADP	par
saint	ADJ	saint
Jaques	PROPN	jacques
,	PUNCT	,
dame	NOUN	dame
,	PUNCT	,
non	NOUN	nom
ferey	VERB	faire
je	PRON	je
,	PUNCT	,
mais	NOUN	mais
a	ADP	a
Dieu	PROPN	dieu
vous	PRON	vous
comande	VERB	comander
.	PUNCT	.
Sire	NOUN	seignor
,	PUNCT	,
a	ADP	a
Dieu	PROPN	dieu
soiez	VERB	estre
vous	PRON	vous
et	CCONJ	et
cætera	VERB	cettre
.	PUNCT	.
Encore	ADV	encore
en	ADP	en
aultre	ADJ	autre
maniere	NOUN	manière
a	ADP	a
parler	VERB	parler
aus	PRON	il
bonnes	ADJ	bon
gens	NOUN	gens
.	PUNCT	.
Sire	NOUN	seignor
,	PUNCT	,
Dieu	PROPN	dieu
vous	PRON	vous
doint	VERB	doner
bon	ADJ	bon
vespres	NOUN	vespre
.	PUNCT	.
Sire	NOUN	seignor
,	PUNCT	,
bon	ADJ	bon
vespres	NOUN	vespre
vous	PRON	vous
doint	VERB	doner
Dieux	PROPN	dieu
et	CCONJ	et
bonne	ADJ	bon
joie	NOUN	joie
.	PUNCT	.
Dame	NOUN	dame
,	PUNCT	,
Dieu	PROPN	dieu
vous	PRON	vous
doint	VERB	doner
bon	ADJ	bon
matin	NOUN	matin
.	PUNCT	.
Sire	NOUN	seignor
,	PUNCT	,
et	CCONJ	et
a	ADP	a
vous	PRON	vous
aussi	ADV	aussi
.	PUNCT	.
Dame	NOUN	dame
,	PUNCT	,
Dieu	PROPN	dieu
vous	PRON	vous
doint	VERB	doner
bonne	ADJ	bon
aventure	NOUN	aventure
.	PUNCT	.
Sire	NOUN	seignor
,	PUNCT	,
Dieu	PROPN	dieu
vous	PRON	vous
garde	NOUN	garde
de	ADP	de
mal	NOUN	mal
.	PUNCT	.
Dame	NOUN	dame
,	PUNCT	,
coment	VERB	comment
faitez	VERB	faire
vous	PRON	vous
?	PUNCT	?
Bien	NOUN	bien
,	PUNCT	,
sire	NOUN	seignor
,	PUNCT	,
a	ADP	a
vostre	DET	vostre
comandement	NOUN	comandement
.	PUNCT	.
En	ADP	en
bonne	ADJ	bon
foy	NOUN	foi
,	PUNCT	,
coment	VERB	comment
vous	PRON	vous
est	VERB	estre
il	PRON	il
?	PUNCT	?
Dieu	PROPN	dieu
mercie	NOUN	mercïer
,	PUNCT	,
bien	NOUN	bien
,	PUNCT	,
sire	NOUN	seignor
;	PUNCT	;
que	SCONJ	que
bien	NOUN	bien
aiez	VERB	avoir
vous	PRON	vous
.	PUNCT	.
Dame	NOUN	dame
,	PUNCT	,
estez	VERB	estre
vous	PRON	vous
en	ADP	en
bon	ADJ	bon
point	NOUN	point
et	CCONJ	et
bonne	ADJ	bon
santee	VERB	santer
?	PUNCT	?
Par	ADP	par
saint	ADJ	saint
Jaques	PROPN	jacques
,	PUNCT	,
sire	NOUN	seignor
,	PUNCT	,
entre	ADP	entre
deux	DET	deux
.	PUNCT	.
Dame	NOUN	dame
,	PUNCT	,
vuillez	VERB	voloir
vous	PRON	vous
rien	NOUN	rien
que	SCONJ	que
je	PRON	je
puisse	VERB	pöoir
?	PUNCT	?
Nemy	NOUN	nemi
,	PUNCT	,
sire	NOUN	seignor
.	PUNCT	.
Il	PRON	il
n'	ADV	ne
a	ADP	a
de	ADP	de
quoy	PRON	quoi
,	PUNCT	,
dame	NOUN	dame
,	PUNCT	,
mais	NOUN	mais
s'	DET	soi
il	PRON	il
vous	PRON	vous
fault	NOUN	falloir
rien	NOUN	rien
,	PUNCT	,
ditez	VERB	dire
hardiment	NOUN	hardime
.	PUNCT	.
Dame	NOUN	dame
,	PUNCT	,
vous	PRON	vous
soiez	VERB	estre
bien	NOUN	bien
trouvee	VERB	trouver
.	PUNCT	.
Vraiement	NOUN	vraiment
,	PUNCT	,
sire	NOUN	seignor
,	PUNCT	,
vous	PRON	vous
soiez	VERB	estre
bien	NOUN	bien
encontré	VERB	encontrer
.	PUNCT	.
Et	CCONJ	et
quelles	DET	quel
nouvelles	NOUN	nouvelle
,	PUNCT	,
sire	NOUN	seignor
?	PUNCT	?
Vraiement	NOUN	vraiment
,	PUNCT	,
dame	NOUN	dame
,	PUNCT	,
tresmervailleuses	ADJ	tressalir
.	PUNCT	.
Et	CCONJ	et
quelles	DET	quel
,	PUNCT	,
je	PRON	je
vous	PRON	vous
emprie	NOUN	emprendre
?	PUNCT	?
Si	ADV	si
me	PRON	je
ait	VERB	avoir
Dieu	PROPN	dieu
,	PUNCT	,
dame	NOUN	dame
,	PUNCT	,
j'	PRON	je
ay	VERB	avoir
ouy	VERB	ouïr
dire	VERB	dire
que	SCONJ	que
le	DET	le
roy	NOUN	roi
d'	ADP	de
Angliterre	PROPN	agleter
est	VERB	estre
osté	VERB	ôter
.	PUNCT	.
Quoy	PRON	coi
,	PUNCT	,
desjoie	VERB	desjoit
?	PUNCT	?
Par	ADP	par
ma	DET	mon
alme	NOUN	alem
,	PUNCT	,
voir	ADJ	voir
.	PUNCT	.
Et	CCONJ	et
les	DET	le
Anglois	PROPN	anglais
n'	ADV	ne
ont	VERB	avoir
ils	PRON	il
point	NOUN	point
de	ADP	de
roy	NOUN	roi
donques	ADV	donc
?	PUNCT	?
Marie	PROPN	marie
,	PUNCT	,
ouy	VERB	ouïr
.	PUNCT	.
Et	CCONJ	et
que	SCONJ	que
celuy	DET	cil
que	SCONJ	que
fust	VERB	estre
duc	NOUN	duc
de	ADP	de
Lancastre	PROPN	lancert
,	PUNCT	,
que	SCONJ	que
est	VERB	estre
nepveu	NOUN	nepeu
a	ADP	a
celluy	DET	cil
que	SCONJ	que
est	VERB	estre
osté	VERB	ôter
.	PUNCT	.
voire	ADJ	voir
?	PUNCT	?
Voire	NOUN	voir
vraiement	NOUN	vraiment
.	PUNCT	.
Et	CCONJ	et
le	DET	le
roygne	NOUN	roigne
,	PUNCT	,
que	SCONJ	que
fera	VERB	faire
elle	PRON	elle
?	PUNCT	?
Par	ADP	par
Dieu	PROPN	dieu
,	PUNCT	,
dame	NOUN	dame
,	PUNCT	,
je	PRON	je
ne	ADV	ne
sçay	NOUN	savoir
.	PUNCT	.
Je	PRON	je
n'	ADV	ne
ay	VERB	avoir
pas	NOUN	pas
esté	VERB	être
en	ADP	en
conceille	NOUN	concelier
.	PUNCT	.
Et	CCONJ	et
le	DET	le
roy	NOUN	roi
d'	ADP	de
Angliterre	PROPN	agleter
,	PUNCT	,
ou	CCONJ	ou
fust	VERB	estre
il	PRON	il
coroné	NOUN	coroner
?	PUNCT	?
A	ADP	a
Westmynstre	NOUN	westhaume
.	PUNCT	.
Fustez	PROPN	estre
vous	PRON	vous
la	DET	le
,	PUNCT	,
donques	ADV	donc
?	PUNCT	?
Marie	PROPN	marie
,	PUNCT	,
oy	VERB	öir
.	PUNCT	.
Il	PRON	il
y	ADV	y
avoit	VERB	avoir
tant	ADV	tant
de	ADP	de
presse	NOUN	presse
que	SCONJ	que
par	ADP	par
un	DET	un
pou	ADV	peu
que	SCONJ	que
ne	ADV	ne
mouru	NOUN	mourir
,	PUNCT	,
quar	CCONJ	car
a	ADP	a
paine	NOUN	peine
je	PRON	je
eschapey	VERB	eschaper
a	ADP	a
vie	NOUN	vie
.	PUNCT	.
Et	CCONJ	et
ou	CCONJ	ou
serra	VERB	serrer
il	PRON	il
a	ADP	a
Nouuel	DET	noule
?	PUNCT	?
Par	ADP	par
ma	DET	mon
foy	NOUN	foi
,	PUNCT	,
je	PRON	je
ne	ADV	ne
sçay	NOUN	savoir
,	PUNCT	,
mais	NOUN	mais
l'	DET	le
en	ADP	en
dit	VERB	dire
q'	SCONJ	que
il	PRON	il
serra	VERB	serrer
en	ADP	en
Escoce	NOUN	escoce
.	PUNCT	.
Que	CCONJ	que
Dieu	PROPN	dieu
l'	DET	le
avant	ADV	avant
de	ADP	de
faire	VERB	faire
bien	NOUN	bien
.	PUNCT	.
Quant	SCONJ	cant
venistez	VERB	venir
vous	PRON	vous
de	ADP	de
l'	DET	le
ostel	NOUN	hôtel
?	PUNCT	?
A	ADP	a
il	PRON	il
grand	ADJ	grand
piece	NOUN	piece
que	SCONJ	que
vous	PRON	vous
ne	ADV	ne
fustez	NOUN	estre
la	DET	le
?	PUNCT	?
Par	ADP	par
saint	ADJ	saint
Jaques	PROPN	jacques
,	PUNCT	,
nemy	NOUN	mener
,	PUNCT	,
il	PRON	il
n'	ADV	ne
a	ADP	a
guieres	NOUN	guire
.	PUNCT	.
Mais	CCONJ	mais
il	PRON	il
y	ADV	y
a	ADP	a
grand	ADJ	grand
piece	NOUN	piece
que	SCONJ	que
je	PRON	je
fu	VERB	estre
a	ADP	a
Paris	PROPN	paris
.	PUNCT	.
Voir	ADJ	voir
?	PUNCT	?
Par	ADP	par
saint	ADJ	saint
Jaques	PROPN	jacques
,	PUNCT	,
oy	VERB	öir
.	PUNCT	.
Je	PRON	je
fu	VERB	estre
piecea	NOUN	piece
.	PUNCT	.
Et	CCONJ	et
en	ADP	en
a	ADP	a
il	PRON	il
la	DET	le
bonnes	ADJ	bon
escoles	NOUN	escole
?	PUNCT	?
Par	ADP	par
ma	DET	mon
foy	NOUN	foi
,	PUNCT	,
oy	VERB	öir
.	PUNCT	.
C'	CCONJ	ce
est	VERB	estre
une	DET	un
grande	ADJ	grand
université	NOUN	unvertion
,	PUNCT	,
et	CCONJ	et
cætera	VERB	cettre
.	PUNCT	.
