Hora	ADV	or
vos	PRON	vos
dic	NOUN	dire
vera	VERB	vëoir
raizun	NOUN	raison
de	ADP	de
Jesú	PROPN	jesir
Christi	PROPN	christier
passïun	NOUN	passer
:	PUNCT	:
los	NOUN	los
sos	NOUN	sou
affanz	NOUN	affant
vol	DET	voloir
remembrar	VERB	remembrer
per	NOUN	per
que	SCONJ	que
cest	DET	cest
mund	NOUN	monde
tot	DET	tot
a	ADP	a
salvad	VERB	salable
.	PUNCT	.
Trenta	PROPN	trente
tres	ADV	très
anz	NOUN	an
et	CCONJ	et
alques	ADV	auques
plus	ADV	plus
,	PUNCT	,
des	ADP.DET	de.le
que	SCONJ	que
carn	NOUN	carn
pres	ADV	près
,	PUNCT	,
in	PRON	in
terra	VERB	terre
fu	VERB	estre
.	PUNCT	.
Per	ADP	per
tot	DET	tot
obred	NOUN	orbre
que	SCONJ	que
verus	ADJ	verole
Deus	PROPN	dieu
,	PUNCT	,
per	NOUN	per
tot	DET	tot
sosteg	NOUN	sot
que	SCONJ	que
hom	NOUN	ome
carnels	NOUN	carnel
.	PUNCT	.
Peccad	VERB	pecac
negun	NOUN	neunc
unque	DET	onque
non	NOUN	nom
fiz	NOUN	fils
,	PUNCT	,
per	NOUN	per
eps	NOUN	espos
los	NOUN	los
nostres	DET	notre
fu	VERB	estre
aucis	PRON	aucui
.	PUNCT	.
La	DET	le
sua	VERB	sol
morz	VERB	morir
vida	VERB	vied
nos	PRON	nos
rend	NOUN	rendre
,	PUNCT	,
sa	DET	son
passïuns	NOUN	passer
toz	DET	tot
nos	PRON	nos
redenps	NOUN	redenser
.	PUNCT	.
Cum	X	comme
aproismed	VERB	apremier
sa	DET	son
passïuns	NOUN	passer
-	PUNCT	-
cho	DET	ce
fu	VERB	estre
nostra	VERB	notre
redemptïons	NOUN	redemprement
-	PUNCT	-
,	PUNCT	,
aproismer	VERB	apremier
vol	DET	voloir
a	ADP	a
la	DET	le
ciutat	VERB	cistate
:	PUNCT	:
afanz	VERB	afant
per	NOUN	per
nos	PRON	nos
susteg	NOUN	suit
mult	ADV	moult
granz	ADJ	grant
.	PUNCT	.
Cum	X	comme
el	ADP.DET	en.le
perveing	NOUN	perverin
a	ADP	a
Betfage	NOUN	bettre
-	PUNCT	-
vil'	NOUN	vil
es	ADP.DET	en.le
desoz	ADP	desoz
mont	NOUN	monde
Olivet	PROPN	olive
-	PUNCT	-
,	PUNCT	,
avant	ADV	avant
dels	NOUN	de.le
sos	NOUN	sou
dos	NOUN	dos
enveied	VERB	envenir
,	PUNCT	,
un	DET	un
asne	NOUN	asne
adducere	VERB	addrecier
se	PRON	se
roved	NOUN	rover
.	PUNCT	.
Cum	X	comme
cel	DET	cel
asnez	VERB	anser
fu	VERB	estre
amenaz	VERB	amener
,	PUNCT	,
de	ADP	de
lor	DET	lor
mantelz	NOUN	mantel
ben	ADJ	bien
l'	DET	le
ant	NOUN	entre
parad	VERB	paradi
:	PUNCT	:
de	ADP	de
lor	DET	lor
mantelz	NOUN	mantel
,	PUNCT	,
de	ADP	de
lor	DET	lor
vestit	VERB	vestir
ben	ADJ	bien
li	DET	le
aprestunt	VERB	aprestuner
o	ADP	o
·ss'	PRON	son
assis	VERB	asseoir
.	PUNCT	.
Per	ADP	per
sua	VERB	sol
grand	ADJ	grand
humilitad	NOUN	humilité
Jesús	PROPN	jesdre
rex	NOUN	rel
magnes	ADJ	mange
sus	DET	sus
monted	VERB	monter
,	PUNCT	,
si	ADV	si
cum	SCONJ	comme
prophetes	NOUN	prophète
anz	NOUN	an
mulz	NOUN	moult
dis	VERB	dire
canted	VERB	chanter
aveien	NOUN	avoiier
de	ADP	de
Jesu	PROPN	jesus
Crist	PROPN	crist
.	PUNCT	.
Anz	NOUN	an
petiz	ADJ	petit
dis	VERB	dire
que	SCONJ	que
cho	DET	ce
fus	NOUN	estre
fait	VERB	faire
,	PUNCT	,
Jesús	PROPN	jesdre
lo	DET	löer
Lazer	VERB	laz
suscitat	ADJ	sustire
,	PUNCT	,
chi	PRON	ci
quatre	DET	quatre
dis	VERB	dire
en	ADP	en
moniment	ADV	monir
jagud	ADJ	jagu
aveie	NOUN	avoiier
toz	DET	tot
pudenz	NOUN	poldre
.	PUNCT	.
Cum	X	comme
co	PRON	co
audid	ADJ	à.ledit
tota	DET	tot
la	DET	le
gent	NOUN	gent
,	PUNCT	,
que	SCONJ	que
Jesús	PROPN	jesdre
ve	NOUN	vëoir
,	PUNCT	,
lo	DET	löer
reis	NOUN	roi
podenz	NOUN	poider
,	PUNCT	,
chi	PRON	ci
eps	NOUN	espos
lo	DET	löer
morz	VERB	morir
fai	VERB	faire
se	PRON	se
revivere	VERB	revevir
,	PUNCT	,
a	ADP	a
grand	ADJ	grand
honor	NOUN	honneur
encontra	VERB	encontre
'xirent	VERB	dire
.	PUNCT	.
Alquant	ADV	alquant
dels	NOUN	de.le
palmes	NOUN	pammer
prendent	VERB	prendre
rames	NOUN	rame
,	PUNCT	,
dels	NOUN	de.le
olivers	NOUN	olivier
alquant	ADV	alquant
las	ADJ	las
branches	NOUN	branche
;	PUNCT	;
encontr'	VERB	encontre
al	ADP.DET	à.le
rei	NOUN	roi
qui	PRON	qui
fez	VERB	faire
lo	DET	löer
cel	DET	cel
,	PUNCT	,
issid	VERB	issir
lo	DET	löer
di	VERB	dire
le	DET	le
poples	NOUN	peuple
lez	DET	lez
.	PUNCT	.
Canten	NOUN	centin
li	DET	le
gran	ADJ	grand
e	CCONJ	et
li	DET	le
petit	ADJ	petit
:	PUNCT	:
«	PUNCT	"
Fili	NOUN	fili
Davít	PROPN	davat
,	PUNCT	,
fili	NOUN	fil
Davít	PROPN	davat
!	PUNCT	!
»	PUNCT	"
Palis	PROPN	pailli
,	PUNCT	,
vestit	VERB	vestir
,	PUNCT	,
palis	NOUN	palir
,	PUNCT	,
mantenls	NOUN	mantel
davant	ADP	davant
extendent	VERB	entredende
a	ADP	a
·ssos	ADJ	sous
pez	NOUN	pais
.	PUNCT	.
Gran	ADJ	grand
folcs	NOUN	fouc
aredre	VERB	ardre
,	PUNCT	,
gran	ADJ	grand
davan	ADP	davant
:	PUNCT	:
gran	ADJ	grand
e	CCONJ	et
petit	ADJ	petit
Deu	PROPN	dieu
van	NOUN	van
laudant	DET	laude
.	PUNCT	.
Ensobre	ADP	ensombre
tot	DET	tot
petiz	ADJ	petit
enfan	NOUN	enfant
osanna	VERB	osenter
semper	VERB	sempre
van	NOUN	van
clamant	NOUN	clamer
.	PUNCT	.
A	ADP	a
la	DET	le
ciptad	VERB	ciptadte
cum	SCONJ	comme
aproismet	VERB	apremier
,	PUNCT	,
et	CCONJ	et
el	ADP.DET	en.le
la	DET	le
vid	VERB	vif
e	CCONJ	et
·lla'	VERB	lailar
sgarded	NOUN	sarddre
,	PUNCT	,
de	ADP	de
son	DET	son
piu	ADV	pieu
cor	NOUN	cor
greu	ADJ	grieu
suspiret	VERB	suspirer
,	PUNCT	,
de	ADP	de
·ssos	ADJ	sous
sanz	ADP	sans
olz	NOUN	outre
fort	ADJ	fort
lagrimez	NOUN	large
.	PUNCT	.
«	PUNCT	"
Hjerussalem	PROPN	guerre-chous
,	PUNCT	,
Hjerussalem	PROPN	guerre-chous
,	PUNCT	,
gai	NOUN	gai
te	PRON	tu
-	PUNCT	-
dis	VERB	dire
el	ADP.DET	en.le
-	PUNCT	-
per	NOUN	per
tos	DET	tout
pechet	NOUN	peché
!	PUNCT	!
Pensar	VERB	penser
non	NOUN	nom
poz	NOUN	post
,	PUNCT	,
pensar	VERB	penser
no	DET	notre
·l	DET	il
vols	PRON	vous
;	PUNCT	;
non	NOUN	nom
t'	PRON	tu
o	ADP	o
permet	VERB	permer
tos	DET	tout
granz	ADJ	grant
orgolz	NOUN	orgueil
.	PUNCT	.
Venrant	VERB	venir
li	DET	le
an	ADP	en
,	PUNCT	,
venrant	VERB	venir
li	DET	le
di	VERB	dire
que	SCONJ	que
·tt'	DET	tait
asaldran	VERB	assalir
toi	PRON	tu
inimic	NOUN	innic
;	PUNCT	;
il	PRON	il
tot	DET	tot
entorn	VERB	entorner
t'	PRON	tu
arberjaran	NOUN	arbergier
et	CCONJ	et
a	ADP	a
terra	VERB	terre
crebantaran	NOUN	crentabre
.	PUNCT	.
Los	NOUN	los
tos	DET	tout
enfanz	NOUN	enfant
qui	PRON	qui
in	PRON	in
te	PRON	tu
sunt	VERB	être
,	PUNCT	,
a	ADP	a
males	NOUN	mal
penas	NOUN	penser
aucidront	ADJ	audricien
;	PUNCT	;
en	ADP	en
tos	DET	tout
belz	ADJ	bel
murs	NOUN	mur
,	PUNCT	,
en	ADP	en
tas	ADJ	taire
maisons	NOUN	maison
pedra	VERB	perdre
·ssubr'	NOUN	sussir
altre	ADJ	autre
non	NOUN	nom
laiseront	VERB	laisser
.	PUNCT	.
Li	DET	le
toi	PRON	tu
caitiu	VERB	catit
per	NOUN	per
totas	DET	tot
genz	NOUN	gent
menad	VERB	mener
en	ADP	en
eren	VERB	erner
a	ADP	a
tormenz	NOUN	torment
,	PUNCT	,
quar	CCONJ	car
eu	VERB	avoir
te	PRON	tu
fiz	NOUN	fils
,	PUNCT	,
nu	ADJ	nu
·m	DET	mon
cognoguist	VERB	conguerion
,	PUNCT	,
salvar	NOUN	sauver
te	PRON	tu
ving	NOUN	venir
,	PUNCT	,
nu	ADJ	nu
·m	DET	mon
receubist	VERB	recevoir
.	PUNCT	.
»	PUNCT	"
Cum	X	comme
cho	DET	ce
ag	NOUN	age
dit	VERB	dire
et	CCONJ	et
percoidat	NOUN	percier
,	PUNCT	,
en	ADP	en
templum	VERB	temple
Deu	PROPN	dieu
semper	VERB	sempre
intret	ADJ	entrer
.	PUNCT	.
Los	NOUN	los
marchedant	VERB	marcendre
quae	CCONJ	ca
in	PRON	in
·trobed	NOUN	trober
,	PUNCT	,
a	ADP	a
grand	ADJ	grand
destreit	NOUN	destrier
fors	ADV	fors
los	NOUN	los
gitez	NOUN	jeter
.	PUNCT	.
Los	NOUN	los
sos	NOUN	sou
talant	NOUN	talent
ta	DET	ton
fort	ADJ	fort
monstred	VERB	montre
que	SCONJ	que
grant	ADJ	grant
pavors	NOUN	pavoir
pres	ADV	près
als	NOUN	aller
Judeus	PROPN	juideux
;	PUNCT	;
de	ADP	de
dobpla	VERB	dobler
corda	VERB	cordre
·lz	DET	liz
vai	VERB	aler
firend	VERB	faire
,	PUNCT	,
tot	DET	tot
lor	DET	lor
marched	NOUN	marche
vai	VERB	aler
desfazend	VERB	defendre
.	PUNCT	.
Felo	NOUN	felon
Judeu	PROPN	judeut
cum	SCONJ	comme
il	PRON	il
cho	DET	ce
vidren	NOUN	vird
,	PUNCT	,
enz	ADV	ens
en	ADP	en
lor	DET	lor
cors	NOUN	cors
grand	ADJ	grand
an	ADP	en
envie	NOUN	envie
;	PUNCT	;
per	NOUN	per
mals	NOUN	mal
conselz	NOUN	conseil
van	NOUN	van
demandan	VERB	demander
nostre	DET	notre
sennior	NOUN	sangier
cum	SCONJ	comme
tradissant	VERB	traindre
.	PUNCT	.
Lo	DET	lot
fel	ADJ	felon
Judes	PROPN	jude
Escarïoth	VERB	escharboit
als	NOUN	aller
Judeus	PROPN	juideux
vengra	VERB	vengre
en	ADP	en
rebost	NOUN	reborder
:	PUNCT	:
«	PUNCT	"
Que	CCONJ	que
m'	PRON	je
en	ADP	en
darez	NOUN	dare
e	CCONJ	et
·l	DET	il
vos	PRON	vos
tradrai	VERB	traire
?	PUNCT	?
Vostres	DET	vostre
talenz	NOUN	talent
ademplirai	VERB	amblerier
.	PUNCT	.
»	PUNCT	"
Trenta	PROPN	trente
deners	ADP	dener
dunc	ADV	donc
li	DET	le
en	ADP	en
promisdrent	VERB	prendre
,	PUNCT	,
son	DET	son
bon	ADJ	bon
sennior	NOUN	sangier
que	SCONJ	que
lo	DET	löer
tradisse	VERB	traite
.	PUNCT	.
Si	ADV	si
chera	VERB	chëor
merz	NOUN	mert
ven	NOUN	venir
si	ADV	si
petit	ADJ	petit
!	PUNCT	!
Hanc	NOUN	hanc
non	NOUN	nom
fud	VERB	deuf
hom	NOUN	ome
qui	PRON	qui
magis	NOUN	magni
l'	DET	le
audis	ADV	audis
.	PUNCT	.
Et	CCONJ	et
a	ADP	a
cel	DET	cel
di	VERB	dire
que	SCONJ	que
dizen	NOUN	dire
Pasches	NOUN	passer
,	PUNCT	,
cum	SCONJ	comme
la	DET	le
cena	VERB	cena
Jesús	PROPN	jesdre
oc	PRON	occ
faita	VERB	faire
,	PUNCT	,
el	ADP.DET	en.le
sus	DET	sus
leved	VERB	lever
del	ADP.DET	de.le
piu	ADV	pieu
manjer	VERB	mangier
,	PUNCT	,
a	ADP	a
·ssos	ADJ	sous
fedels	NOUN	felon
laved	ADJ	laver
lis	NOUN	lis
ped	NOUN	paid
.	PUNCT	.
Et	CCONJ	et
per	NOUN	per
lo	DET	löer
pan	NOUN	pen
et	CCONJ	et
per	NOUN	per
lo	DET	löer
vin	NOUN	vin
fort	ADJ	fort
saccrament	NOUN	sachermer
lor	DET	lor
commandez	VERB	commander
,	PUNCT	,
per	NOUN	per
remembrar	VERB	remembrer
sa	DET	son
passiün	VERB	passer
,	PUNCT	,
que	SCONJ	que
faire	VERB	faire
rova	VERB	rover
a	ADP	a
trestot	DET	trestot
.	PUNCT	.
De	ADP	de
pan	NOUN	pen
et	CCONJ	et
vin	NOUN	vin
sanctificat	VERB	santif-cot
tot	DET	tot
sos	NOUN	sou
fidels	NOUN	fille
i	ADV	i
sacïet	VERB	savoir
,	PUNCT	,
mais	NOUN	mais
que	SCONJ	que
Judes	PROPN	jude
Escharïoh	NOUN	escharboison
,	PUNCT	,
cui	PRON	cui
una	DET	oner
sopa	VERB	sopas
enflet	NOUN	enfler
lo	DET	löer
cor	NOUN	cor
.	PUNCT	.
Judas	PROPN	juder
cum	SCONJ	comme
og	NOUN	ogi
manjed	VERB	mangier
la	DET	le
sopa	VERB	sopas
,	PUNCT	,
dïable	NOUN	dibaut
sen	DET	son
enz	ADV	ens
en	ADP	en
sa	DET	son
gola	VERB	galon
.	PUNCT	.
Semper	NOUN	sempre
leved	VERB	lever
del	ADP.DET	de.le
piu	ADV	pieu
manjer	VERB	mangier
,	PUNCT	,
tot	DET	tot
als	NOUN	aller
Judeus	PROPN	juideux
o	ADP	o
vai	VERB	aler
nuncer	NOUN	noncer
.	PUNCT	.
Jesús	PROPN	jesdre
lo	DET	löer
bons	ADJ	bon
per	NOUN	per
sa	DET	son
pietad	VERB	piedier
tan	NOUN	tendre
dulcement	NOUN	doucement
pres	ADV	près
a	ADP	a
parler	VERB	parler
.	PUNCT	.
Sobre	NOUN	sorbre
son	DET	son
peiz	NOUN	paiier
fez	VERB	faire
condurmir	VERB	condurer
sant	VERB	sentir
Johan	PROPN	jean
,	PUNCT	,
lo	DET	löer
son	DET	son
cher	ADJ	cher
amic	NOUN	ami
.	PUNCT	.
A	ADP	a
cel	DET	cel
sopar	VERB	soparde
un	DET	un
sermon	NOUN	sermon
fiz	NOUN	fils
;	PUNCT	;
chi	PRON	ci
cel	DET	cel
non	NOUN	nom
sab	NOUN	sabe
tal	DET	tal
non	NOUN	nom
audid	ADJ	à.ledit
.	PUNCT	.
Contra	VERB	contre
·ls	DET	il
afanz	VERB	afant
que	SCONJ	que
an	ADP	en
a	ADP	a
padir	VERB	paidre
toz	DET	tot
sos	NOUN	sou
fidels	NOUN	fille
ben	ADJ	bien
en	ADP	en
garnid	VERB	gardin
.	PUNCT	.
Alo	PROPN	aller
sanc	NOUN	sanc
Pedre	VERB	perdre
perchoindad	VERB	percecinoc
que	SCONJ	que
cela	DET	cela
noit	NOUN	noir
lui	PRON	lui
neiara	VERB	néaire
;	PUNCT	;
Pedres	NOUN	parde
forment	ADV	forment
s'	DET	soi
en	ADP	en
adunad	VERB	adonc
,	PUNCT	,
per	NOUN	per
epsa	NOUN	espas
mort	NOUN	mort
no	DET	notre
·l	DET	il
gurpira	VERB	groupier
.	PUNCT	.
Christus	PROPN	christue
Jesús	PROPN	jesdre
den	ADP	dend
s'	DET	soi
en	ADP	en
leved	VERB	lever
,	PUNCT	,
Gehsemani	PROPN	geshainge
-	PUNCT	-
vil'	NOUN	vil
es	ADP.DET	en.le
-	PUNCT	-
n'	ADV	ne
anez	VERB	anez
.	PUNCT	.
Toz	DET	tot
sos	NOUN	sou
fidels	NOUN	fille
seder	VERB	seider
rovet	NOUN	rover
,	PUNCT	,
evan	NOUN	aler
orar	VERB	orar
sols	NOUN	sou
en	ADP	en
anez	VERB	anez
.	PUNCT	.
Granz	ADJ	grant
fu	VERB	estre
li	DET	le
dols	ADJ	doux
,	PUNCT	,
fort	ADJ	fort
marrimenz	NOUN	marrime
,	PUNCT	,
si	ADV	si
condormirent	VERB	condredire
tuit	DET	tot
ades	ADV	adac
;	PUNCT	;
Jesús	PROPN	jesdre
cum	SCONJ	comme
veg	NOUN	vege
,	PUNCT	,
los	NOUN	los
esveled	VERB	esveillier
,	PUNCT	,
trestoz	DET	trestot
orar	VERB	orar
bein	ADJ	bien
los	NOUN	los
manded	VERB	mander
.	PUNCT	.
E	CCONJ	et
dunc	ADV	donc
orar	VERB	orar
cum	SCONJ	comme
el	ADP.DET	en.le
anned	VERB	annat
,	PUNCT	,
si	ADV	si
fort	ADJ	fort
sudor	NOUN	soudre
dunques	ADV	donc
suded	NOUN	sodide
,	PUNCT	,
que	SCONJ	que
cum	SCONJ	comme
lo	DET	löer
sags	NOUN	sag
a	ADP	a
terra	VERB	terre
current	VERB	corir
de	ADP	de
sa	DET	son
sudor	NOUN	soudre
las	ADJ	las
sanctas	NOUN	sancattre
gutes	NOUN	guet
.	PUNCT	.
Al	ADP.DET	à.le
·sos	DET	sou
fidels	NOUN	fille
cum	SCONJ	comme
repadred	VERB	repandre
,	PUNCT	,
tam	NOUN	tamme
benlement	NOUN	benelement
los	NOUN	los
conforted	NOUN	conforter
.	PUNCT	.
Li	DET	le
fel	ADJ	felon
Judes	PROPN	jude
ja	ADV	ja
s'	DET	soi
aproismed	VERB	apremier
ab	NOUN	abe
gran	ADJ	grand
compannie	NOUN	compagne
dels	NOUN	de.le
Judeus	PROPN	juideux
.	PUNCT	.
Jesús	PROPN	jesdre
cum	SCONJ	comme
vidra	VERB	virand
los	NOUN	los
Judeus	PROPN	juideux
,	PUNCT	,
zo	PRON	ost
lor	DET	lor
demandez	VERB	demander
:	PUNCT	:
«	PUNCT	"
Que	CCONJ	que
querent	VERB	querre
?	PUNCT	?
»	PUNCT	"
Il	PRON	il
li	DET	le
respondent	VERB	répondre
tuit	DET	tot
adun	NOUN	aduner
:	PUNCT	:
«	PUNCT	"
Jesúm	PROPN	jesir
querem	NOUN	querre
Nazarenum	PROPN	näaront
!	PUNCT	!
»	PUNCT	"
«	PUNCT	"
Eu	CCONJ	avoir
soi	PRON	soi
aquel	NOUN	à.lequel
!	PUNCT	!
»	PUNCT	"
zo	PRON	ost
dis	VERB	dire
Jesús	PROPN	jesdre
.	PUNCT	.
Tuit	DET	tot
li	DET	le
felun	NOUN	felon
cadegrent	NOUN	cardement
jus	ADV	jus
.	PUNCT	.
Terce	PROPN	terce
vez	VERB	vëoir
lor	DET	lor
o	ADP	o
demanded	VERB	demander
,	PUNCT	,
a	ADP	a
totas	DET	tot
treis	DET	traire
chedent	VERB	chaindre
envers	ADP	envers
.	PUNCT	.
Mais	CCONJ	mais
li	DET	le
felun	NOUN	felon
tuit	DET	tot
trassudad	VERB	trassal
vers	ADP	vers
nostre	DET	notre
don	PRON	dont
son	DET	son
aproismad	VERB	aprendre
.	PUNCT	.
Judas	PROPN	juder
li	DET	le
fel	ADJ	felon
ensenna	VERB	ensemin
fei	NOUN	foi
:	PUNCT	:
«	PUNCT	"
Celui	DET	cel
prendet	VERB	prendre
cui	PRON	cui
bassaerei	VERB	basaise
.	PUNCT	.
»	PUNCT	"
Judas	PROPN	juder
cum	SCONJ	comme
veggra	VERB	veggier
a	ADP	a
Jesúm	PROPN	jesir
,	PUNCT	,
semper	VERB	sempre
li	DET	le
tend	VERB	tendre
lo	DET	löer
son	DET	son
menton	NOUN	menton
;	PUNCT	;
Jesús	PROPN	jesdre
li	DET	le
bons	ADJ	bon
no	DET	notre
·l	DET	il
refuded	VERB	refude
,	PUNCT	,
al	ADP.DET	à.le
tradetur	NOUN	trateur
baisair	VERB	baisier
doned	VERB	doner
.	PUNCT	.
«	PUNCT	"
Amicx	NOUN	amble
-	PUNCT	-
zo	PRON	ost
dis	VERB	dire
Jesús	PROPN	jesdre
lo	DET	löer
bons	ADJ	bon
-	PUNCT	-
per	NOUN	per
que'	CCONJ	que
m	DET	me
trades	NOUN	trait
in	PRON	in
to	PRON	tou
baisol	NOUN	baisel
?	PUNCT	?
Melz	NOUN	metre
ti	PRON	tu
fura	VERB	furer
non	NOUN	nom
fusses	NOUN	estre
naz	NOUN	naz
,	PUNCT	,
que	SCONJ	que
me	PRON	je
tradas	NOUN	traire
per	NOUN	per
cobetad	VERB	cobettre
.	PUNCT	.
»	PUNCT	"
Armand	VERB	armer
esterent	VERB	ester
evirum	ADJ	vermi
,	PUNCT	,
de	ADP	de
totas	DET	tot
part	NOUN	part
presdrent	NOUN	presdre
Jesúm	PROPN	jesir
.	PUNCT	.
No	DET	notre
·s	DET	son
defended	VERB	defendre
ne	ADV	ne
no	DET	notre
·ssusted	NOUN	sudre
;	PUNCT	;
a	ADP	a
la	DET	le
mort	NOUN	mort
vai	VERB	aler
cum	SCONJ	comme
uns	DET	un
anels	NOUN	anel
.	PUNCT	.
Sanct	NOUN	sanc
Pedre	VERB	perdre
sols	NOUN	sou
venjar	VERB	vengier
lo	DET	löer
vol	DET	voloir
;	PUNCT	;
estrais	ADJ	estraire
lo	DET	löer
fer	NOUN	fer
que	SCONJ	que
al	ADP.DET	à.le
laz	ADJ	laz
og	NOUN	ogi
,	PUNCT	,
si	ADV	si
consegued	VERB	conseigneur
u	CCONJ	ou
serv	NOUN	servir
fellon	NOUN	fleun
,	PUNCT	,
la	DET	le
destre	ADJ	destre
aurelia	VERB	aroler
li	DET	le
excos	NOUN	exceu
.	PUNCT	.
Jesús	PROPN	jesdre
li	DET	le
bons	ADJ	bon
ben	ADJ	bien
red	NOUN	red
per	NOUN	per
mal	NOUN	mal
,	PUNCT	,
l'	DET	le
aurelia	VERB	aroler
ad	VERB	avoir
serv	NOUN	servir
semper	VERB	sempre
saned	VERB	sendre
.	PUNCT	.
Lïadens	PROPN	lïedand
mans	NOUN	mans
,	PUNCT	,
cume	SCONJ	comme
ladron	NOUN	lardon
,	PUNCT	,
si	ADV	si
l'	DET	le
ent	CCONJ	entre
menem	ADJ	mener
a	ADP	a
passïun	NOUN	passer
.	PUNCT	.
Donc	ADV	donc
lo	DET	löer
en	ADP	en
gurpissen	NOUN	gurprend
sei	PRON	soi
fedel	NOUN	felon
,	PUNCT	,
cum	SCONJ	comme
el	ADP.DET	en.le
des	ADP.DET	de.le
anz	NOUN	an
diz	NOUN	dire
lor	DET	lor
aveit	VERB	avoir
;	PUNCT	;
sanz	ADP	sans
Pedre	VERB	perdre
sols	NOUN	sou
segwen	ADJ	sage
lo	DET	löer
vai	VERB	aler
,	PUNCT	,
quae	CCONJ	ca
sua	VERB	sol
fin	NOUN	fin
veder	VERB	vedir
voldrat	VERB	voloir
.	PUNCT	.
Anna	PROPN	an
nomnavent	NOUN	nomment
le	DET	le
Judeu	PROPN	judeut
a	ADP	a
cui	PRON	cui
Jesús	PROPN	jesdre
furet	NOUN	être
menez	VERB	mener
.	PUNCT	.
Donc	ADV	donc
s'	DET	soi
adunouent	ADV	adonuter
li	DET	le
felon	ADJ	felon
,	PUNCT	,
veder	VERB	vedir
annouent	VERB	ononer
pres	ADV	près
Jesúm	PROPN	jesir
.	PUNCT	.
De	ADP	de
quant	SCONJ	cant
il	PRON	il
querent	VERB	querre
le	DET	le
forsfait	NOUN	forfait
cum	SCONJ	comme
il	PRON	il
Jesúm	PROPN	jesir
oicisesant	NOUN	ocire
,	PUNCT	,
non	NOUN	nom
fud	VERB	deuf
trovez	VERB	trover
ne	ADV	ne
envenguz	NOUN	envengue
,	PUNCT	,
quar	CCONJ	car
el	ADP.DET	en.le
forsfait	NOUN	forfait
non	NOUN	nom
feist	VERB	faire
nëul	NOUN	nul
.	PUNCT	.
Davant	PROPN	davant
l'	DET	le
ested	VERB	estre
le	DET	le
pontifex	NOUN	pontif
,	PUNCT	,
si	ADV	si
conjuret	VERB	conjurer
per	NOUN	per
ipsum	NOUN	pisque
Deu	PROPN	dieu
que	SCONJ	que
·llor	PRON	leurs
dissest	VERB	dire
per	NOUN	per
pura	VERB	pour
fied	NOUN	feindre
si	ADV	si
vers	ADP	vers
Jesús	PROPN	jesdre
,	PUNCT	,
fils	NOUN	fil
Deu	PROPN	dieu
,	PUNCT	,
est	VERB	estre
il	PRON	il
.	PUNCT	.
«	PUNCT	"
Tu	PRON	tu
eps	NOUN	espos
l'	DET	le
as	VERB	a.le
deit	VERB	devoir
»	PUNCT	"
respon	NOUN	respondre
Jesús	PROPN	jesdre
.	PUNCT	.
Tuit	DET	tot
li	DET	le
fellon	NOUN	fleun
crident	VERB	crideen
adun	NOUN	aduner
:	PUNCT	:
«	PUNCT	"
Maior	PROPN	maire
forsfait	NOUN	forfait
que	SCONJ	que
i	ADV	i
querem	NOUN	querre
?	PUNCT	?
Per	ADP	per
lui	PRON	lui
medeps	ADJ	medes
audit	ADV	à.ledit
l'	DET	le
avem	VERB	avem
.	PUNCT	.
»	PUNCT	"
Lo	DET	lot
·sos	DET	sou
sans	NOUN	sans
ols	NOUN	us
duncques	ADV	donc
cubrirent	VERB	corbire
,	PUNCT	,
a	ADP	a
colejar	VERB	coler
fellon	NOUN	fleun
lo	DET	löer
prisdrent	VERB	prendre
;	PUNCT	;
ensobre	VERB	ensombrer
tot	DET	tot
si	ADV	si
l'	DET	le
escarnissent	VERB	escarnation
:	PUNCT	:
«	PUNCT	"
Di	VERB	dire
nos	PRON	nos
,	PUNCT	,
prophete	NOUN	prophete
,	PUNCT	,
chi	PRON	ci
t'	PRON	tu
o	ADP	o
fisdret	VERB	faire
?	PUNCT	?
»	PUNCT	"
Fors	ADV	fors
en	ADP	en
las	ADJ	las
estras	VERB	estras
estet	VERB	être
Petre	NOUN	perte
;	PUNCT	;
al	ADP.DET	à.le
fog	NOUN	for
l'	DET	le
useire	NOUN	user
l'	DET	le
aeswardevet	VERB	esarable
.	PUNCT	.
De	ADP	de
sa	DET	son
raison	NOUN	raison
si	ADV	si
l'	DET	le
esfreded	VERB	esfrande
que	SCONJ	que
lo	DET	löer
Deu	PROPN	dieu
fil	NOUN	fil
li	DET	le
fai	VERB	faire
neier	VERB	naire
.	PUNCT	.
Anz	NOUN	an
quae	CCONJ	ca
la	DET	le
noit	NOUN	noir
lo	DET	löer
jalz	NOUN	jal
cantes	NOUN	chanter
,	PUNCT	,
terce	NOUN	terce
vez	VERB	vëoir
Petre	NOUN	perte
lo	DET	löer
neiez	VERB	noiz
.	PUNCT	.
Jesús	PROPN	jesdre
li	DET	le
bons	ADJ	bon
lo	DET	löer
reswardet	VERB	restramer
,	PUNCT	,
lui	PRON	lui
recognostre	VERB	recondre
·l	DET	il
semper	VERB	sempre
fiz	NOUN	fils
.	PUNCT	.
Petrus	NOUN	peturt
d'	ADP	de
alo	NOUN	aller
fors	ADV	fors
s'	DET	soi
en	ADP	en
aled	VERB	aler
,	PUNCT	,
amarament	VERB	amerment
mult	ADV	moult
se	PRON	se
ploret	VERB	plorer
,	PUNCT	,
per	NOUN	per
cio	PRON	ci
laissed	VERB	laisser
Deus	PROPN	dieu
se	PRON	se
neier	VERB	naire
;	PUNCT	;
que	SCONJ	que
de	ADP	de
nos	PRON	nos
aiet	VERB	avoir
pïeted	NOUN	pöit
!	PUNCT	!
Cum	X	comme
le	DET	le
matins	NOUN	matin
fud	VERB	deuf
esclairez	VERB	éclairer
,	PUNCT	,
davant	ADP	davant
Pilat	PROPN	pilat
l'	DET	le
en	ADP	en
ant	NOUN	entre
menet	VERB	mener
;	PUNCT	;
fortment	NOUN	fortement
lo	DET	löer
vant	NOUN	vent
il	PRON	il
acusand	ADJ	accuant
,	PUNCT	,
la	DET	le
soa	DET	soe
mort	NOUN	mort
mult	ADV	moult
demandant	VERB	demander
.	PUNCT	.
Pilaz	PROPN	pliat
Erod	PROPN	erdre
l'	DET	le
en	ADP	en
enviet	NOUN	envier
,	PUNCT	,
cui	PRON	cui
des	ADP.DET	de.le
abanz	NOUN	abant
voliet	VERB	voloir
mel	NOUN	mieux
;	PUNCT	;
de	ADP	de
Jesú	PROPN	jesir
Christi	PROPN	christier
passïon	NOUN	passer
am	NOUN	ame
se	PRON	se
paierent	VERB	paiier
a	ADP	a
ciel	NOUN	ciel
jorn	NOUN	jorne
.	PUNCT	.
Lo	DET	lot
fel	ADJ	felon
Herodes	NOUN	erdre
cum	SCONJ	comme
lo	DET	löer
vid	VERB	vif
,	PUNCT	,
mult	ADV	moult
lez	DET	lez
semper	VERB	sempre
en	ADP	en
esdevint	VERB	esfeindre
.	PUNCT	.
De	ADP	de
lui	PRON	lui
long	NOUN	long
temps	NOUN	temps
mult	ADV	moult
a	ADP	a
audit	ADV	à.ledit
,	PUNCT	,
semper	VERB	sempre
pensed	NOUN	penser
vertuz	NOUN	vertu
feisis	VERB	faire
.	PUNCT	.
De	ADP	de
multes	NOUN	moult
vises	NOUN	vis
l'	DET	le
apeled	VERB	apeler
,	PUNCT	,
Jesús	PROPN	jesdre
li	DET	le
bons	ADJ	bon
mot	NOUN	mot
no	DET	notre
·l	DET	il
soned	VERB	sonde
.	PUNCT	.
Judeu	PROPN	judeut
l'	DET	le
acusent	VERB	accuser
,	PUNCT	,
el	ADP.DET	en.le
se	PRON	se
tais	NOUN	taire
;	PUNCT	;
ad	VERB	avoir
un	DET	un
respondre	VERB	respondre
non	NOUN	nom
denat	NOUN	denat
.	PUNCT	.
Dunc	ADV	donc
lo	DET	löer
despeis	NOUN	desper
e	CCONJ	et
l'	DET	le
escarnit	VERB	escarnir
li	DET	le
fel	ADJ	felon
Herodes	NOUN	erdre
en	ADP	en
cel	DET	cel
di	VERB	dire
;	PUNCT	;
blanc	ADJ	blanc
vestiment	NOUN	vestir
si	ADV	si
l'	DET	le
a	ADP	a
vestit	VERB	vestir
,	PUNCT	,
fellon	NOUN	fleun
Pilad	PROPN	pilain
lo	DET	löer
retramist	VERB	retraindre
.	PUNCT	.
Pilaz	PROPN	pliat
que	SCONJ	que
anz	NOUN	an
l'	DET	le
en	ADP	en
vol	DET	voloir
laiser	VERB	laisser
,	PUNCT	,
no	DET	notre
·l	DET	il
consentunt	VERB	consentir
fellun	NOUN	fleun
Judeu	PROPN	judeut
.	PUNCT	.
Vida	VERB	vied
perdonent	VERB	prendre
al	ADP.DET	à.le
ladrun	NOUN	ladru
.	PUNCT	.
«	PUNCT	"
Aucid	PROPN	aucin
,	PUNCT	,
aucid	ADV	aucin
-	PUNCT	-
crident	VERB	crideen
-	PUNCT	-
Jesúm	PROPN	jesir
!	PUNCT	!
»	PUNCT	"
Barrabánt	PROPN	brabard
perdonent	VERB	prendre
la	DET	le
vide	NOUN	vide
,	PUNCT	,
Jesúm	PROPN	jesir
in	PRON	in
alta	VERB	aler
cruz	ADJ	croire
claufisdrent	VERB	claidorde
.	PUNCT	.
«	PUNCT	"
Crucifige	PROPN	crucicitumitre
,	PUNCT	,
crucifige	NOUN	cruciciteur
!	PUNCT	!
»	PUNCT	"
crident	VERB	crideen
Pilat	PROPN	pilat
trestuit	DET	trestot
ensems	ADP	enseme
.	PUNCT	.
«	PUNCT	"
Cum	X	comme
aucidrai	ADJ	aucindre
eu	VERB	avoir
vostre	DET	vostre
rei	NOUN	roi
?	PUNCT	?
-	PUNCT	-
zo	PRON	ost
dis	VERB	dire
Pilaz	PROPN	pliat
-	PUNCT	-
forsfaiz	NOUN	forfait
non	NOUN	nom
es	ADP.DET	en.le
;	PUNCT	;
rumpre	NOUN	rompre
·l	DET	il
farai	VERB	faire
et	CCONJ	et
flagellar	VERB	flageur
,	PUNCT	,
poisses	VERB	peser
laisarai	VERB	laisser
l'	DET	le
en	ADP	en
annar	NOUN	annar
.	PUNCT	.
»	PUNCT	"
Ensems	PROPN	enseme
crident	VERB	crideen
tuit	DET	tot
li	DET	le
fellunt	NOUN	fleundre
entro	ADP	entre
en	ADP	en
cel	DET	cel
en	ADP	en
van	NOUN	van
las	ADJ	las
voz	DET	vostre
:	PUNCT	:
«	PUNCT	"
Si	ADV	si
tu	PRON	tu
laises	NOUN	laisser
viure	NOUN	vire
Jesúm	PROPN	jesir
,	PUNCT	,
non	NOUN	nom
es	ADP.DET	en.le
amics	NOUN	ami
l'	DET	le
emperador	NOUN	empererriz
.	PUNCT	.
»	PUNCT	"
Pilaz	PROPN	pliat
sas	DET	sauf
mans	NOUN	mans
dunques	ADV	donc
laved	ADJ	laver
,	PUNCT	,
que	SCONJ	que
de	ADP	de
sa	DET	son
mort	NOUN	mort
posche	NOUN	puche
·s	DET	son
neger	VERB	nagier
.	PUNCT	.
Ensems	PROPN	enseme
crident	VERB	crideen
tuit	DET	tot
li	DET	le
Judeu	PROPN	judeut
:	PUNCT	:
«	PUNCT	"
Sobre	NOUN	sorbre
nos	PRON	nos
sia	DET	soi
toz	DET	tot
li	DET	le
pechez	NOUN	pechié
!	PUNCT	!
»	PUNCT	"
Pilaz	PROPN	pliat
cum	SCONJ	comme
audid	ADJ	à.ledit
tals	NOUN	tal
raisons	NOUN	raison
,	PUNCT	,
ja	ADV	ja
lor	DET	lor
gurpis	VERB	guirp
nostre	DET	notre
sennior	NOUN	sangier
;	PUNCT	;
donc	ADV	donc
lo	DET	löer
recebent	VERB	recevence
li	DET	le
fellun	NOUN	fleun
,	PUNCT	,
fors	ADV	fors
l'	DET	le
en	ADP	en
conducent	VERB	conduit
en	ADP	en
la	DET	le
cort	NOUN	cort
.	PUNCT	.
De	ADP	de
purpure	NOUN	pourporne
donc	ADV	donc
lo	DET	löer
vestirent	VERB	vestir
et	CCONJ	et
en	ADP	en
sa	DET	son
man	DET	mon
un	DET	un
raus	NOUN	ral
li	DET	le
misdrent	VERB	mettre
;	PUNCT	;
corona	VERB	coroner
prendent	VERB	prendre
de	ADP	de
las	ADJ	las
espines	NOUN	espine
et	CCONJ	et
en	ADP	en
son	DET	son
cab	NOUN	cab
fellun	NOUN	fleun
l'	DET	le
asisdrent	VERB	assiret
.	PUNCT	.
De	ADP	de
davant	ADP	davant
lui	PRON	lui
tuit	DET	tot
a	ADP	a
genolz	NOUN	genoil
si	ADV	si
s'	DET	soi
excrebantent	VERB	excremander
li	DET	le
fellon	NOUN	fleun
;	PUNCT	;
dunc	ADV	donc
lo	DET	löer
saludent	VERB	salir
cum	SCONJ	comme
senior	NOUN	seignor
et	CCONJ	et
ad	VERB	avoir
escarn	NOUN	escarne
emperador	NOUN	empererriz
.	PUNCT	.
Et	CCONJ	et
cum	SCONJ	comme
asez	ADV	assez
l'	DET	le
ont	VERB	avoir
escarnid	VERB	escardin
,	PUNCT	,
dunc	ADV	donc
li	DET	le
vestent	VERB	vestir
son	DET	son
vestiment	NOUN	vestir
,	PUNCT	,
et	CCONJ	et
el	ADP.DET	en.le
medeps	ADJ	medes
si	ADV	si
pres	ADV	près
sa	DET	son
cruz	ADJ	croire
,	PUNCT	,
avan	ADP	avant
toz	DET	tot
vai	VERB	aler
a	ADP	a
pasïun	NOUN	payson
.	PUNCT	.
Femnes	NOUN	femme
lui	PRON	lui
van	NOUN	van
detras	ADJ	detraire
seguan	ADJ	sage
ploran	NOUN	plorer
lo	DET	löer
van	NOUN	van
et	CCONJ	et
gaimentan	NOUN	gaiment
.	PUNCT	.
Jesús	PROPN	jesdre
li	DET	le
pius	ADV	puis
redre	VERB	redre
garder	VERB	garder
,	PUNCT	,
ab	NOUN	abe
les	DET	le
femnes	NOUN	femme
pres	ADV	près
a	ADP	a
parler	VERB	parler
.	PUNCT	.
«	PUNCT	"
Audez	PROPN	aude
,	PUNCT	,
fillies	NOUN	fille
Jerusalém	PROPN	jeurablesse
;	PUNCT	;
per	NOUN	per
me	PRON	je
non	NOUN	nom
vos	PRON	vos
est	VERB	estre
obs	NOUN	obe
plorer	VERB	plorer
;	PUNCT	;
mais	NOUN	mais
per	NOUN	per
vos	PRON	vos
et	CCONJ	et
per	NOUN	per
vostres	DET	vostre
filz	NOUN	fil
plorez	VERB	plorer
assaz	NOUN	assaz
,	PUNCT	,
qu'	SCONJ	que
i	ADV	i
obs	NOUN	obe
vos	PRON	vos
es	ADP.DET	en.le
.	PUNCT	.
»	PUNCT	"
Cum	X	comme
el	ADP.DET	en.le
perveng	NOUN	pervenchir
a	ADP	a
Golgota	PROPN	gougatos
,	PUNCT	,
davan	ADP	davant
la	DET	le
porta	VERB	porter
de	ADP	de
la	DET	le
ciptat	NOUN	cité
,	PUNCT	,
dunc	ADV	donc
lor	DET	lor
gurpit	VERB	gurir
soe	ADJ	suen
chamisae	VERB	chamester
chi	PRON	ci
sens	NOUN	sens
custurae	NOUN	custurer
fo	VERB	foi
faitice	NOUN	faitice
.	PUNCT	.
Il	PRON	il
no	DET	notre
l'	DET	le
auseren	ADJ	auser
deramar	VERB	derampre
,	PUNCT	,
mais	NOUN	mais
chi	PRON	ci
l'	DET	le
aura	VERB	avoir
,	PUNCT	,
sort	NOUN	sort
an	ADP	en
gitad	VERB	jeter
;	PUNCT	;
non	NOUN	nom
fut	VERB	être
partiz	NOUN	partir
sos	NOUN	sou
vestimenz	NOUN	vestir
,	PUNCT	,
zo	PRON	ost
fu	VERB	estre
granz	ADJ	grant
signa	VERB	signer
tot	DET	tot
per	NOUN	per
ver	ADP	ver
.	PUNCT	.
En	ADP	en
huna	VERB	honne
fet	VERB	faire
,	PUNCT	,
huna	VERB	honne
vertet	NOUN	vertir
tuit	DET	tot
soi	PRON	soi
fidel	NOUN	filie
devent	VERB	devant
ester	VERB	ester
;	PUNCT	;
lo	DET	löer
sos	NOUN	sou
regnaz	VERB	rengantre
non	NOUN	nom
es	ADP.DET	en.le
devis	NOUN	devise
,	PUNCT	,
en	ADP	en
caritad	VERB	cartier
toz	DET	tot
es	ADP.DET	en.le
uniz	DET	un
.	PUNCT	.
E	CCONJ	et
dels	NOUN	de.le
feluns	NOUN	felon
qu'	SCONJ	que
eu	VERB	avoir
vos	PRON	vos
dis	VERB	dire
anz	NOUN	an
,	PUNCT	,
lai	NOUN	lai
dei	NOUN	devoir
venir	VERB	venir
o	ADP	o
eu	VERB	avoir
laisai	VERB	laisser
;	PUNCT	;
quar	CCONJ	car
il	PRON	il
lo	DET	löer
fel	ADJ	felon
mesclen	NOUN	mesclon
ab	NOUN	abe
vin	NOUN	vin
,	PUNCT	,
nostrae	DET	notre
senior	NOUN	seignor
lo	DET	löer
tenden	VERB	tendre
il	PRON	il
.	PUNCT	.
Cum	X	comme
l'	DET	le
an	ADP	en
levad	VERB	lever
sus	DET	sus
en	ADP	en
la	DET	le
cruz	ADJ	croire
,	PUNCT	,
dos	NOUN	dos
a	ADP	a
sos	NOUN	sou
laz	ADJ	laz
penden	NOUN	pendre
lasruns	NOUN	larson
:	PUNCT	:
entre	ADP	entre
cels	DET	cel
dos	NOUN	dos
pendent	VERB	pendre
Jesúm	PROPN	jesir
.	PUNCT	.
Il	PRON	il
per	NOUN	per
escarn	NOUN	escarne
o	ADP	o
fan	NOUN	fen
trestot	DET	trestot
.	PUNCT	.
Cum	X	comme
il	PRON	il
l'	DET	le
an	ADP	en
mes	DET	mais
sus	DET	sus
en	ADP	en
la	DET	le
cruz	ADJ	croire
,	PUNCT	,
gran	ADJ	grand
fan	NOUN	fen
escarn	NOUN	escarne
,	PUNCT	,
gran	ADJ	grand
cridaizun	NOUN	criadis
;	PUNCT	;
ensobre	VERB	ensombrer
toz	DET	tot
uns	DET	un
dels	NOUN	de.le
ladruns	ADJ	ladrun
,	PUNCT	,
el	ADP.DET	en.le
escarnie	VERB	escarnation
rei	NOUN	roi
Jesúm	PROPN	jesir
.	PUNCT	.
Respondet	VERB	répondre
l'	DET	le
altre	ADJ	autre
:	PUNCT	:
«	PUNCT	"
Mal	NOUN	mal
i	ADV	i
diz	NOUN	dire
.	PUNCT	.
El	ADP.DET	en.le
mor	NOUN	mor
a	ADP	a
tort	NOUN	tort
,	PUNCT	,
ren	NOUN	rendre
non	NOUN	nom
forsfist	NOUN	forfair
;	PUNCT	;
mais	NOUN	mais
nos	PRON	nos
a	ADP	a
dreit	NOUN	dret
per	NOUN	per
colpas	NOUN	coupe
granz	ADJ	grant
esmes	NOUN	esme
oidi	VERB	oidi
en	ADP	en
cest	DET	cest
ahanz	NOUN	ahant
.	PUNCT	.
»	PUNCT	"
Envers	ADP	envers
Jesúm	PROPN	jesir
sos	NOUN	sou
olz	NOUN	outre
torned	VERB	torner
,	PUNCT	,
si	ADV	si
pïament	NOUN	pöimer
lui	PRON	lui
appelled	VERB	appeler
:	PUNCT	:
«	PUNCT	"
De	ADP	de
me	PRON	je
·t	PUNCT	taire
membres	NOUN	membre
per	NOUN	per
ta	DET	ton
mercet	NOUN	mercer
,	PUNCT	,
cu	CCONJ	ce
tu	PRON	tu
vendras	VERB	venir
,	PUNCT	,
Crist	PROPN	crist
,	PUNCT	,
en	ADP	en
ton	DET	ton
ren	NOUN	rendre
.	PUNCT	.
»	PUNCT	"
Respon	NOUN	response
li	DET	le
bons	ADJ	bon
qui	PRON	qui
non	NOUN	nom
mentid	VERB	mentir
,	PUNCT	,
chi	PRON	ci
en	ADP	en
epsa	NOUN	espas
mort	NOUN	mort
semper	VERB	sempre
fu	VERB	estre
pius	ADV	puis
:	PUNCT	:
«	PUNCT	"
Eu	CCONJ	avoir
t'	PRON	tu
o	ADP	o
promet	VERB	prometre
,	PUNCT	,
oi	VERB	avoir
en	ADP	en
cest	DET	cest
di	VERB	dire
ab	NOUN	abe
me	PRON	je
venras	VERB	venir
in	PRON	in
paradis	NOUN	paradis
.	PUNCT	.
»	PUNCT	"
O	PRON	o
Deus	PROPN	dieu
,	PUNCT	,
vers	ADP	vers
rex	NOUN	rel
,	PUNCT	,
Jesu	PROPN	jesus
Crist	PROPN	crist
,	PUNCT	,
ci	ADV	ci
tal	DET	tal
don	PRON	dont
fais	NOUN	faire
per	NOUN	per
ta	DET	ton
mercit	NOUN	merci
,	PUNCT	,
chi	PRON	ci
per	NOUN	per
huna	VERB	honne
confessïon	NOUN	confession
vide	NOUN	vide
perdones	NOUN	perdre
al	ADP.DET	à.le
ladrun	NOUN	ladru
,	PUNCT	,
nos	PRON	nos
te	PRON	tu
laudam	NOUN	laudement
et	CCONJ	et
noit	NOUN	noir
e	CCONJ	et
di	VERB	dire
,	PUNCT	,
de	ADP	de
nos	PRON	nos
aies	NOUN	avoir
vera	VERB	vëoir
mercit	NOUN	merci
;	PUNCT	;
tu	PRON	tu
nos	PRON	nos
perdone	NOUN	perdre
celz	DET	cel
pecaz	NOUN	pecer
qu'	SCONJ	que
e	CCONJ	et
nos	PRON	nos
vetdest	VERB	vettre
tua	VERB	taure
pietad	VERB	piedier
.	PUNCT	.
Jusque	ADP	jusque
nona	VERB	noner
des	ADP.DET	de.le
lo	DET	löer
meidi	ADJ	maidi
trestot	DET	trestot
cest	DET	cest
mund	NOUN	monde
granz	ADJ	grant
noiz	NOUN	noiz
cubrid	NOUN	curberd
;	PUNCT	;
fui	VERB	estre
lo	DET	löer
solelz	NOUN	soleil
et	CCONJ	et
fui	VERB	estre
la	DET	le
luna	VERB	longue
,	PUNCT	,
post	NOUN	post
que	SCONJ	que
Deu	PROPN	dieu
·ffilz	NOUN	faire
suspensus	ADJ	suppus
fure	NOUN	fure
.	PUNCT	.
Ad	VERB	avoir
epsa	NOUN	espas
nona	VERB	noner
cum	SCONJ	comme
perving	NOUN	perpin
,	PUNCT	,
dunc	ADV	donc
escrided	VERB	écrit
Jesús	PROPN	jesdre
granz	ADJ	grant
criz	NOUN	cri
.	PUNCT	.
Hebraice	NOUN	herbichier
fortment	NOUN	fortement
lo	DET	löer
dis	VERB	dire
:	PUNCT	:
«	PUNCT	"
Helí	PROPN	hel
,	PUNCT	,
Helí	PROPN	hel
,	PUNCT	,
per	NOUN	per
que	SCONJ	que
·m	DET	mon
gulpist	VERB	glais
?	PUNCT	?
»	PUNCT	"
Uns	DET	un
dels	NOUN	de.le
felluns	NOUN	fleun
chi'	PRON	ci
sta	DET	tant
iki	ADV	iqui
,	PUNCT	,
sus	DET	sus
en	ADP	en
la	DET	le
cruz	ADJ	croire
li	DET	le
ten	DET	tendre
l'	DET	le
azit	NOUN	avoir
.	PUNCT	.
Jesús	PROPN	jesdre
fortmen	NOUN	fortement
dunc	ADV	donc
recridet	VERB	récriter
;	PUNCT	;
le	DET	le
spiritus	ADJ	septir
de	ADP	de
lui	PRON	lui
anet	VERB	anet
.	PUNCT	.
Cum	X	comme
de	ADP	de
Jesu	PROPN	jesus
l'	DET	le
anma'	ADP	enmane
n	PUNCT	ne
anet	VERB	anet
,	PUNCT	,
tan	NOUN	tendre
durament	NOUN	durant
terra	VERB	terre
crollet	VERB	croler
,	PUNCT	,
roches	NOUN	roche
fendient	VERB	fendre
,	PUNCT	,
chedent	VERB	chaindre
munt	NOUN	mont
,	PUNCT	,
sepulcra	VERB	sepreucle
sanz	ADP	sans
obrirent	VERB	orbriene
mult	ADV	moult
.	PUNCT	.
Et	CCONJ	et
mult	ADV	moult
corps	NOUN	corps
sanz	ADP	sans
en	ADP	en
sun	DET	son
exut	NOUN	exuvoir
et	CCONJ	et
inter	VERB	inter
omnes	NOUN	oment
sunt	VERB	être
vedud	VERB	vedit
;	PUNCT	;
qui	PRON	qui
in	PRON	in
templum	VERB	temple
Dei	PROPN	dire
cortine	ADJ	cortine
pend	VERB	pendre
,	PUNCT	,
jusche	NOUN	jusque
la	DET	le
terra	VERB	terre
per	NOUN	per
mei	PRON	moi
fend	VERB	fendre
.	PUNCT	.
De	ADP	de
laz	ADJ	laz
la	DET	le
croz	NOUN	crot
estet	VERB	être
Mariae	PROPN	marie
de	ADP	de
cui	PRON	cui
Jesús	PROPN	jesdre
vera	VERB	vëoir
carn	NOUN	carn
prisdret	NOUN	prendre
;	PUNCT	;
cum	SCONJ	comme
cela	DET	cela
carn	NOUN	carn
vidra	VERB	virand
murir	VERB	mourir
,	PUNCT	,
qual	DET	qual
agre	NOUN	agre
dol	NOUN	de.le
,	PUNCT	,
no	DET	notre
·l	DET	il
sab	NOUN	sabe
om	ADP	ome
vius	NOUN	vil
.	PUNCT	.
Ela	PROPN	elle
molt	DET	moult
ben	ADJ	bien
sab	NOUN	sabe
remembrar	VERB	remembrer
de	ADP	de
soa	DET	soe
carn	NOUN	carn
cum	SCONJ	comme
Deus	PROPN	dieu
fu	VERB	estre
naz	NOUN	naz
.	PUNCT	.
Ja	ADV	ja
·l	DET	il
vedes	NOUN	vedir
ela	ADV	elle
si	ADV	si
morir	VERB	morir
,	PUNCT	,
el	ADP.DET	en.le
resurdra	VERB	restrorier
,	PUNCT	,
cho	DET	ce
sab	NOUN	sabe
per	NOUN	per
ver	ADP	ver
.	PUNCT	.
Mais	CCONJ	mais
nem	NOUN	nem
perro	NOUN	perroir
granz	ADJ	grant
fu	VERB	estre
li	DET	le
dols	ADJ	doux
,	PUNCT	,
chi	PRON	ci
traverset	VERB	traverser
per	NOUN	per
lo	DET	löer
son	DET	son
cor	NOUN	cor
;	PUNCT	;
nulz	DET	nul
om	ADP	ome
mortalz	ADJ	mortel
no	DET	notre
·l	DET	il
pod	ADJ	poi
penser	VERB	penser
,	PUNCT	,
sanz	ADP	sans
Symëonz	PROPN	semonir
lo	DET	löer
·i	ADV	il
percogded	NOUN	perdrec
.	PUNCT	.
Joseps	NOUN	jasser
Pilat	PROPN	pilat
mult	ADV	moult
a	ADP	a
preiat	VERB	priier
lo	DET	löer
corps	NOUN	corps
Jesú	PROPN	jesir
qu'	SCONJ	que
el	ADP.DET	en.le
li	DET	le
dones	NOUN	doner
;	PUNCT	;
a	ADP	a
grand	ADJ	grand
honor	NOUN	honneur
el	ADP.DET	en.le
l'	DET	le
en	ADP	en
portet	VERB	porter
,	PUNCT	,
en	ADP	en
sos	NOUN	sou
chamsils	NOUN	champil
l'	DET	le
envolopet	VERB	envoser
.	PUNCT	.
Nicodemus	PROPN	nicoution
de	ADP	de
·ll'	DET	lieu
altra	VERB	autre
part	NOUN	part
mult	ADV	moult
unguement	ADV	ungete
hi	ADV	i
aportat	VERB	aporter
;	PUNCT	;
enter	VERB	entre
mirra	VERB	mirre
et	CCONJ	et
aloén	NOUN	alöer
quasi	PRON	cas
cent	DET	cent
liuras	NOUN	lire
a	ADP	a
doned	VERB	doner
.	PUNCT	.
A	ADP	a
grand	ADJ	grand
honor	NOUN	honneur
de	ADP	de
ces	DET	ce
pimenc	ADJ	pimme
l'	DET	le
aromatizen	NOUN	aromatier
cuschement	NOUN	cuscempser
.	PUNCT	.
Dunc	ADV	donc
lo	DET	löer
pausen	NOUN	paule
el	ADP.DET	en.le
monument	ADV	monumer
o	ADP	o
corps	NOUN	corps
non	NOUN	nom
jag	NOUN	jag
anc	NOUN	ence
a	ADP	a
cel	DET	cel
temps	NOUN	temps
.	PUNCT	.
La	DET	le
soa	DET	soe
madre	NOUN	madre
virgo	NOUN	viroge
fu	VERB	estre
et	CCONJ	et
sen	DET	son
peched	NOUN	pechac
si	ADV	si
portet	VERB	porter
lui	PRON	lui
.	PUNCT	.
Sos	DET	son
munument	NOUN	moument
fure	NOUN	fure
toz	DET	tot
nous	PRON	nous
,	PUNCT	,
anz	NOUN	an
lui	PRON	lui
no	DET	notre
·i	ADV	il
jag	NOUN	jag
unque	DET	onque
nulz	DET	nul
om	ADP	ome
.	PUNCT	.
Non	NOUN	non
fud	VERB	deuf
assaz	NOUN	assaz
anc	NOUN	ence
als	NOUN	aller
felluns	NOUN	fleun
;	PUNCT	;
davant	ADP	davant
Pilat	PROPN	pilat
trestuit	DET	trestot
en	ADP	en
vont	VERB	aler
:	PUNCT	:
«	PUNCT	"
Nos	PRON	nos
te	PRON	tu
praeiam	NOUN	präeil
,	PUNCT	,
per	NOUN	per
ta	DET	ton
mercet	NOUN	mercer
gardes	NOUN	garde
i	ADV	i
met	VERB	metre
,	PUNCT	,
non	NOUN	nom
sia	DET	soi
emblez	VERB	embler
.	PUNCT	.
Quar	CCONJ	car
el	ADP.DET	en.le
zo	PRON	ost
dis	VERB	dire
que	SCONJ	que
resurdra	VERB	restrorier
et	CCONJ	et
al	ADP.DET	à.le
terz	NOUN	terdre
di	VERB	dire
vius	NOUN	vil
pareistra	VERB	pareil
:	PUNCT	:
emblar	VERB	embler
l'	DET	le
auran	ADJ	aler
li	DET	le
soi	PRON	soi
fidel	NOUN	filie
,	PUNCT	,
a	ADP	a
toz	DET	tot
diran	VERB	dire
que	SCONJ	que
revisquet	VERB	réviser
.	PUNCT	.
Granz	ADJ	grant
en	ADP	en
avem	VERB	avem
agud	NOUN	agude
errors	NOUN	erront
,	PUNCT	,
or	NOUN	or
en	ADP	en
aurem	VERB	aurme
pece	NOUN	pece
maiors	NOUN	mairon
.	PUNCT	.
»	PUNCT	"
Armaz	VERB	armer
vassalz	NOUN	vassal
dunc	ADV	donc
lor	DET	lor
liuret	VERB	lire
,	PUNCT	,
lo	DET	löer
monument	ADV	monumer
lor	DET	lor
comandet	VERB	comander
.	PUNCT	.
Christus	PROPN	christue
Jesús	PROPN	jesdre
,	PUNCT	,
qui	PRON	qui
Deus	PROPN	dieu
es	ADP.DET	en.le
vers	ADP	vers
qui	PRON	qui
semper	VERB	sempre
fu	VERB	estre
et	CCONJ	et
semper	VERB	sempre
er	NOUN	en.le
,	PUNCT	,
ja	ADV	ja
fos	ADJ	fol
la	DET	le
charns	NOUN	charn
de	ADP	de
lui	PRON	lui
aucise	NOUN	aucus
,	PUNCT	,
regnet	NOUN	renger
pero	NOUN	peror
cum	SCONJ	comme
anz	NOUN	an
se	PRON	se
fisdret	VERB	faire
.	PUNCT	.
Qua	CCONJ	qua
e	CCONJ	et
·l'	DET	il
enfern	NOUN	enfer
dunc	ADV	donc
asalit	VERB	assalir
,	PUNCT	,
fort	ADJ	fort
Satanán	PROPN	santage
alo	NOUN	aller
venquit	VERB	venir
;	PUNCT	;
per	NOUN	per
soa	DET	soe
mort	NOUN	mort
si	ADV	si
l'	DET	le
a	ADP	a
vencut	VERB	vendre
que	SCONJ	que
contra	VERB	contre
omne	NOUN	ome
non	NOUN	nom
a	ADP	a
vertud	NOUN	vertu
.	PUNCT	.
Etqui	CCONJ	ejouid
era	VERB	estre
li	DET	le
om	ADP	ome
primers	NOUN	prime
e	CCONJ	et
·l	DET	il
soi	PRON	soi
enffant	NOUN	enfant
per	NOUN	per
son	DET	son
pechet	NOUN	peché
;	PUNCT	;
e	CCONJ	et
li	DET	le
petitet	ADJ	petit
e	CCONJ	et
li	DET	le
gran	ADJ	grand
etqui	VERB	ejouid
estevent	VERB	ester
per	NOUN	per
mulz	NOUN	moult
anz	NOUN	an
.	PUNCT	.
Quar	CCONJ	car
anc	NOUN	ence
non	NOUN	nom
fo	VERB	foi
nul	DET	nul
om	ADP	ome
carnals	NOUN	carnal
,	PUNCT	,
en	ADP	en
cel	DET	cel
enfern	NOUN	enfer
non	NOUN	nom
fos	ADJ	fol
anaz	NOUN	an
,	PUNCT	,
usque	DET	usque
vengues	NOUN	venge
qui	PRON	qui
,	PUNCT	,
sens	NOUN	sens
pechet	NOUN	peché
,	PUNCT	,
per	NOUN	per
toz	DET	tot
solses	NOUN	sou
comuna	VERB	communion
lei	NOUN	loi
.	PUNCT	.
Argent	PROPN	argent
ne	ADV	ne
aur	ADP.DET	aler
non	NOUN	nom
i	ADV	i
donat	VERB	doner
mas	DET	mal
que	SCONJ	que
son	DET	son
sang	NOUN	sang
et	CCONJ	et
soa	DET	soe
carn	NOUN	carn
;	PUNCT	;
d'	ADP	de
eg	CCONJ	en.le
cel	DET	cel
enfern	NOUN	enfer
toz	DET	tot
los	NOUN	los
liuret	VERB	lire
,	PUNCT	,
en	ADP	en
paradis	NOUN	paradis
los	NOUN	los
arberget	NOUN	arbère
.	PUNCT	.
Et	CCONJ	et
al	ADP.DET	à.le
terz	NOUN	terdre
di	VERB	dire
lo	DET	löer
mattin	NOUN	mattin
clar	ADJ	clarer
,	PUNCT	,
cum	SCONJ	comme
li	DET	le
soleilz	NOUN	soleil
fo	VERB	foi
esclairaz	NOUN	éclairer
,	PUNCT	,
tres	ADV	très
femnes	NOUN	femme
van	NOUN	van
al	ADP.DET	à.le
monument	ADV	monumer
;	PUNCT	;
molt	DET	moult
cars	NOUN	car
portavent	VERB	porter
unguemenz	NOUN	ungement
.	PUNCT	.
L'	DET	le
angeles	NOUN	angele
Deu	PROPN	dieu
de	ADP	de
cel	DET	cel
dessend	NOUN	dessendre
si	ADV	si
s'	DET	soi
aproismet	VERB	apremier
al	ADP.DET	à.le
monument	ADV	monumer
;	PUNCT	;
tal	DET	tal
a	ADP	a
regard	NOUN	regard
cum	SCONJ	comme
focs	NOUN	fouc
ardenz	ADJ	ardre
et	CCONJ	et
cum	SCONJ	comme
la	DET	le
neus	NOUN	nul
blanc	ADJ	blanc
vestimenz	NOUN	vestir
.	PUNCT	.
En	ADP	en
pas	NOUN	pas
que	SCONJ	que
·l	DET	il
vidren	NOUN	vird
li	DET	le
custod	NOUN	coute
,	PUNCT	,
si	ADV	si
s'	DET	soi
espauriren	NOUN	esparcuille
de	ADP	de
pavor	NOUN	pavoir
,	PUNCT	,
que	SCONJ	que
quaisses	NOUN	casser
morz	VERB	morir
a	ADP	a
terra	VERB	terre
vengren	VERB	vengren
de	ADP	de
gran	ADJ	grand
pavor	NOUN	pavoir
que	SCONJ	que
sobl'	ADJ	sobli
elz	PRON	elle
vengre	NOUN	vengre
.	PUNCT	.
Sus	ADV	sus
en	ADP	en
la	DET	le
peddre	VERB	perdde
l'	DET	le
angel	NOUN	angele
sist	VERB	sëoir
,	PUNCT	,
si	ADV	si
parlet	NOUN	parler
a	ADP	a
las	ADJ	las
femnes	NOUN	femme
,	PUNCT	,
dis	VERB	dire
:	PUNCT	:
«	PUNCT	"
No'	PRON	not
s	CCONJ	se
neient	VERB	néant
ci	ADV	ci
per	NOUN	per
que	SCONJ	que
crement	VERB	crainte
,	PUNCT	,
que	SCONJ	que
Jesúm	PROPN	jesir
Crist	PROPN	crist
ben	ADJ	bien
requeret	VERB	requerre
.	PUNCT	.
Anaz	PROPN	an
en	ADP	en
es	ADP.DET	en.le
et	CCONJ	et
non	NOUN	nom
es	ADP.DET	en.le
ci	ADV	ci
,	PUNCT	,
tot	DET	tot
a	ADP	a
complit	VERB	complit
quun	SCONJ	un
que	SCONJ	que
vos	PRON	vos
dis	VERB	dire
.	PUNCT	.
Venez	VERB	venir
veder	VERB	vedir
lo	DET	löer
loc	NOUN	loc
voiant	VERB	vëoir
o	ADP	o
li	DET	le
sos	NOUN	sou
corps	NOUN	corps
jac	NOUN	jac
des	ADP.DET	de.le
abanz	NOUN	abant
.	PUNCT	.
A	ADP	a
sos	NOUN	sou
fidels	NOUN	fille
tot	DET	tot
annuncaz	NOUN	annoncer
,	PUNCT	,
mas	DET	mal
vos	PRON	vos
Petdrun	NOUN	pettre
no	DET	notre
·i	ADV	il
oblidez	VERB	oblïer
:	PUNCT	:
en	ADP	en
Galilea	PROPN	galleie
avant	ADV	avant
en	ADP	en
vai	VERB	aler
,	PUNCT	,
allo	NOUN	aller
·l	DET	il
vetran	VERB	vertier
o	ADP	o
dit	VERB	dire
lor	DET	lor
ad	VERB	avoir
.	PUNCT	.
»	PUNCT	"
Elles	NOUN	elle
d'	ADP	de
equi	ADV	euc
cum	SCONJ	comme
sunt	VERB	être
tornades	NOUN	torner
,	PUNCT	,
Jesús	PROPN	jesdre
las	ADJ	las
a	ADP	a
senpr'	NOUN	semprendre
encontradas	VERB	encontrer
;	PUNCT	;
dunc	ADV	donc
reconnossent	VERB	reconnaître
lo	DET	löer
senior	NOUN	seignor
,	PUNCT	,
si	ADV	si
l'	DET	le
adorent	VERB	adorer
cum	SCONJ	comme
redemptor	NOUN	redemerdre
.	PUNCT	.
Lo	DET	lot
nostrae	DET	notre
seindrae	VERB	seigneur
en	ADP	en
eps	NOUN	espos
cel	DET	cel
di	VERB	dire
veduz	VERB	vedit
furae	NOUN	furer
veiades	NOUN	vaie
cinc	DET	cinc
.	PUNCT	.
Primera	VERB	primer
·l	DET	il
vit	VERB	vëoir
sancta	VERB	sanctre
Mariae	PROPN	marie
,	PUNCT	,
de	ADP	de
cui	PRON	cui
sep	PRON	seppoir
·dïables	NOUN	dibaut
forsmisdret	NOUN	froser
.	PUNCT	.
Empres	NOUN	empren
lo	DET	löer
vidren	NOUN	vird
celles	DET	cil
duaes	NOUN	dueau
del	ADP.DET	de.le
munument	NOUN	moument
,	PUNCT	,
cum	SCONJ	comme
se	PRON	se
retornent	VERB	retorner
.	PUNCT	.
Petdres	NOUN	pettre
lo	DET	löer
vit	VERB	vëoir
en	ADP	en
eps	NOUN	espos
cel	DET	cel
di	VERB	dire
,	PUNCT	,
ab	NOUN	abe
lui	PRON	lui
parlet	NOUN	parler
si	ADV	si
·l	DET	il
conjaudit	VERB	condaud
.	PUNCT	.
Envers	ADP	envers
lo	DET	löer
vesprae	NOUN	vespre
envers	ADP	envers
lo	DET	löer
ser	NOUN	ser
dunc	ADV	donc
lo	DET	löer
revidren	VERB	revenir
doi	NOUN	devoir
fidel	NOUN	filie
;	PUNCT	;
castel	NOUN	château
Emaus	PROPN	emau
ab	NOUN	abe
elz	PRON	elle
entret	VERB	entrer
,	PUNCT	,
ab	NOUN	abe
elz	PRON	elle
ensemble	ADV	ensemble
si	ADV	si
sopet	VERB	soper
.	PUNCT	.
Ja	ADV	ja
s'	DET	soi
adunent	ADV	adonner
li	DET	le
soi	PRON	soi
fidel	NOUN	filie
,	PUNCT	,
ja	ADV	ja
dicen	VERB	dire
tuit	DET	tot
que	SCONJ	que
vïus	VERB	voir
eret	VERB	estre
;	PUNCT	;
cum	SCONJ	comme
il	PRON	il
menaven	NOUN	meneance
tal	DET	tal
raizon	NOUN	raison
,	PUNCT	,
Jesús	PROPN	jesdre
estet	VERB	être
en	ADP	en
me	PRON	je
·ttrestoz	NOUN	tertté
.	PUNCT	.
«	PUNCT	"
Pax	PROPN	pal
vobis	NOUN	vois
sit	DET	set
-	PUNCT	-
dis	VERB	dire
a	ADP	a
trestoz	DET	trestot
-	PUNCT	-
eu	VERB	avoir
soi	PRON	soi
Jesús	PROPN	jesdre
qui	PRON	qui
passus	VERB	passer
soi	PRON	soi
;	PUNCT	;
vedez	VERB	vedir
mas	DET	mal
mans	NOUN	mans
,	PUNCT	,
vedez	VERB	vedir
mos	DET	mous
peds	NOUN	pais
,	PUNCT	,
vedez	VERB	vedir
mo	DET	je
laz	ADJ	laz
,	PUNCT	,
qu'	SCONJ	que
i	ADV	i
fui	VERB	estre
plages	NOUN	plage
.	PUNCT	.
»	PUNCT	"
Fortment	PROPN	fortement
sun	DET	son
il	PRON	il
espaventat	NOUN	espavaler
,	PUNCT	,
il	PRON	il
li	DET	le
non	NOUN	nom
credent	VERB	crendre
que	SCONJ	que
aia	VERB	avoir
carn	NOUN	carn
;	PUNCT	;
zo	PRON	ost
pensent	ADJ	penser
il	PRON	il
,	PUNCT	,
que	SCONJ	que
enter	VERB	entre
elz	PRON	elle
le	DET	le
spiritus	ADJ	septir
aparegues	VERB	apareigler
.	PUNCT	.
Mel	CCONJ	mieux
e	CCONJ	et
peison	NOUN	paison
equi	ADV	euc
manget	VERB	manger
,	PUNCT	,
en	ADP	en
veritad	VERB	verité
los	NOUN	los
confirmet	VERB	confire
;	PUNCT	;
sa	DET	son
passïon	NOUN	passer
peisons	NOUN	paison
tostaz	NOUN	tôtros
e	CCONJ	et
lo	DET	löer
mels	NOUN	mal
signa	VERB	signer
deïtat	NOUN	dire
.	PUNCT	.
Alques	ADV	auques
vos	PRON	vos
ai	VERB	avoir
deit	VERB	devoir
de	ADP	de
raizon	NOUN	raison
que	SCONJ	que
Jesús	PROPN	jesdre
fez	VERB	faire
pos	NOUN	pos
passïon	NOUN	passer
;	PUNCT	;
tot	DET	tot
no	DET	notre
·l	DET	il
vos	PRON	vos
posc	NOUN	posc
eu	VERB	avoir
ben	ADJ	bien
comptar	VERB	compter
,	PUNCT	,
no	DET	notre
·l	DET	il
pod	ADJ	poi
nul	DET	nul
om	ADP	ome
de	ADP	de
madre	NOUN	madre
naz	NOUN	naz
.	PUNCT	.
A	ADP	a
sos	NOUN	sou
fidels	NOUN	fille
quaranta	VERB	quarante
dis	VERB	dire
per	NOUN	per
mulz	NOUN	moult
semblanz	NOUN	semblant
se	PRON	se
monstret	VERB	montrer
viu	NOUN	vieux
;	PUNCT	;
emsembl'	NOUN	amemble
ab	NOUN	abe
elz	PRON	elle
bec	ADJ	bec
e	CCONJ	et
manjed	VERB	mangier
,	PUNCT	,
de	ADP	de
regnum	VERB	rengondre
Deu	PROPN	dieu
semper	VERB	sempre
parlet	NOUN	parler
.	PUNCT	.
E	CCONJ	et
per	NOUN	per
es	ADP.DET	en.le
mund	NOUN	monde
roa	VERB	roi
·ls	DET	il
allar	VERB	aller
toz	DET	tot
babtizar	NOUN	batre
in	PRON	in
trinitad	NOUN	trindre
;	PUNCT	;
qui	PRON	qui
lui	PRON	lui
credan	NOUN	créden
,	PUNCT	,
cil	DET	cel
erent	VERB	estre
salv	NOUN	sauve
;	PUNCT	;
qui	PRON	qui
no	DET	notre
·l	DET	il
cretran	NOUN	créter
,	PUNCT	,
seran	NOUN	estre
damnat	NOUN	dameder
.	PUNCT	.
Signes	NOUN	seigne
faran	NOUN	farner
li	DET	le
soi	PRON	soi
fidel	NOUN	filie
quals	DET	cal
el	ADP.DET	en.le
abanz	NOUN	abant
faire	VERB	faire
soleit	VERB	soloir
.	PUNCT	.
Lingues	PROPN	langue
noves	NOUN	nove
il	PRON	il
parlaran	NOUN	parler
et	CCONJ	et
dïables	NOUN	dïable
encalceran	VERB	enclarement
.	PUNCT	.
Si	ADV	si
alcuns	DET	aucun
d'	ADP	de
els	PRON	eux
beven	NOUN	bean
veren	ADJ	verne
,	PUNCT	,
non	NOUN	nom
aura	VERB	avoir
mal	NOUN	mal
,	PUNCT	,
zo	PRON	ost
sab	NOUN	sabe
per	NOUN	per
ver	ADP	ver
;	PUNCT	;
sobrae	VERB	sorbre
malabdes	ADJ	maubatre
mans	NOUN	mans
metran	VERB	metre
et	CCONJ	et
sanitad	VERB	sentir
a	ADP	a
toz	DET	tot
rendran	VERB	rendre
.	PUNCT	.
Sus	ADV	sus
en	ADP	en
u	CCONJ	ou
mont	NOUN	monde
donches	NOUN	donc
montat	VERB	monter
que	SCONJ	que
Holivet	PROPN	hollité
numnat	NOUN	nommer
vos	PRON	vos
ai	VERB	avoir
.	PUNCT	.
Levet	VERB	lever
sa	DET	son
man	DET	mon
,	PUNCT	,
si	ADV	si
·ls	DET	il
benedis	NOUN	bender
;	PUNCT	;
vengre	NOUN	vengre
la	DET	le
nuvols	ADJ	nouvel
,	PUNCT	,
si	ADV	si
·l	DET	il
collit	VERB	collit
.	PUNCT	.
E	CCONJ	et
lor	DET	lor
vedent	VERB	vedir
montet	VERB	monter
en	ADP	en
cel	DET	cel
,	PUNCT	,
a	ADP	a
·ddextris	ADJ	de.deditre
Deu	PROPN	dieu
Jesú	PROPN	jesir
·se	PRON	savoir
·sset	VERB	savoir
;	PUNCT	;
etqui	VERB	ejouid
venra	VERB	venir
toz	DET	tot
judicar	VERB	jusdice
,	PUNCT	,
a	ADP	a
toz	DET	tot
rendra	VERB	rendre
e	CCONJ	et
ben	ADJ	bien
e	CCONJ	et
mal	NOUN	mal
.	PUNCT	.
Li	DET	le
soi	PRON	soi
fidel	NOUN	filie
en	ADP	en
son	DET	son
tornet	VERB	torner
;	PUNCT	;
al	ADP.DET	à.le
dezen	ADP	dedenz
jorn	NOUN	jorne
ja	ADV	ja
cum	SCONJ	comme
perveng	NOUN	pervenchir
,	PUNCT	,
Spiritus	ADJ	septir
Sanctus	PROPN	sancut
sobr'	NOUN	sordre
elz	PRON	elle
ched	NOUN	ce
,	PUNCT	,
si	ADV	si
·ls	DET	il
enflamet	NOUN	enflamer
cum	SCONJ	comme
fugs	NOUN	fus
ardenz	ADJ	ardre
.	PUNCT	.
Il	PRON	il
des	ADP.DET	de.le
abanz	NOUN	abant
sunt	VERB	être
aserad	VERB	assairer
,	PUNCT	,
de	ADP	de
Crist	PROPN	crist
non	NOUN	nom
sabent	NOUN	savoir
mot	NOUN	mot
parlar	VERB	parler
;	PUNCT	;
en	ADP	en
pas	NOUN	pas
che	PRON	ce
veng	VERB	vengier
vertuz	NOUN	vertu
de	ADP	de
cel	DET	cel
,	PUNCT	,
il	PRON	il
non	NOUN	nom
dobten	ADJ	dobter
negun	NOUN	neunc
Judeu	PROPN	judeut
.	PUNCT	.
Per	ADP	per
toz	DET	tot
lengatges	NOUN	langage
van	NOUN	van
parlan	NOUN	parler
,	PUNCT	,
las	ADJ	las
virtuz	NOUN	vertu
Crist	PROPN	crist
van	NOUN	van
annuncian	NOUN	annoncin
;	PUNCT	;
no	DET	notre
lor	DET	lor
pod	ADJ	poi
om	ADP	ome
vius	NOUN	vil
contrastar	VERB	contrarter
,	PUNCT	,
signes	NOUN	seigne
fazen	NOUN	faire
per	NOUN	per
podestad	VERB	pouderde
.	PUNCT	.
Espandut	VERB	espandre
sunt	VERB	être
per	NOUN	per
tot	DET	tot
ces	DET	ce
mund	NOUN	monde
,	PUNCT	,
regnum	VERB	rengondre
Dei	PROPN	dire
nuncent	NOUN	nonte
per	NOUN	per
tot	DET	tot
;	PUNCT	;
per	NOUN	per
tot	DET	tot
convertent	VERB	converter
popl'	NOUN	peuple
et	CCONJ	et
gent	NOUN	gent
,	PUNCT	,
Christus	PROPN	christue
Jesús	PROPN	jesdre
per	NOUN	per
tot	DET	tot
ab	NOUN	abe
elz	PRON	elle
.	PUNCT	.
Lo	DET	lot
Satanás	PROPN	santage
dol	NOUN	de.le
en	ADP	en
a	ADP	a
grand	ADJ	grand
,	PUNCT	,
als	NOUN	aller
Deu	PROPN	dieu
fidels	NOUN	fille
fai	VERB	faire
durs	ADJ	dur
afanz	VERB	afant
.	PUNCT	.
Alcanz	PROPN	alagne
en	ADP	en
cruz	ADJ	croire
fai	VERB	faire
los	NOUN	los
levar	VERB	lever
,	PUNCT	,
alquanz	PRON	alquant
d'	ADP	de
espades	NOUN	épaedse
degollar	VERB	dégoler
;	PUNCT	;
e	CCONJ	et
·llos	NOUN	leur
alquanz	PRON	alquant
fai	VERB	faire
escorcer	VERB	escorcher
,	PUNCT	,
alquanz	PRON	alquant
en	ADP	en
fog	NOUN	for
vius	NOUN	vil
trebucher	VERB	trebuchier
,	PUNCT	,
et	CCONJ	et
en	ADP	en
gradilie	ADJ	graillier
·ls	DET	il
fai	VERB	faire
toster	VERB	tostre
,	PUNCT	,
alquanz	PRON	alquant
a	ADP	a
·ppetdres	NOUN	peter
lapider	VERB	laidier
.	PUNCT	.
Lui	PRON	lui
que	SCONJ	que
aiude	NOUN	aude
?	PUNCT	?
Nu	CCONJ	nu
·ls	DET	il
vencera	VERB	venecre
;	PUNCT	;
cum	SCONJ	comme
peis	NOUN	pais
lor	DET	lor
fai	VERB	faire
,	PUNCT	,
il	PRON	il
creisent	VERB	craistre
mais	NOUN	mais
.	PUNCT	.
Lo	DET	lot
cap	NOUN	cap
a	ADP	a
Crist	PROPN	crist
esvegurad	VERB	esvergnier
,	PUNCT	,
per	NOUN	per
tot	DET	tot
es	ADP.DET	en.le
mund	NOUN	monde
es	ADP.DET	en.le
adhoraz	VERB	adormer
.	PUNCT	.
Nos	PRON	nos
cestes	DET	cest
pugnes	NOUN	pung
non	NOUN	nom
avem	VERB	avem
,	PUNCT	,
contra	VERB	contre
nos	PRON	nos
eps	NOUN	espos
pugnar	VERB	porgner
devem	ADP	devoir
;	PUNCT	;
fraindre	VERB	freindre
devem	ADP	devoir
noz	DET	notre
voluntez	NOUN	volonté
,	PUNCT	,
que	SCONJ	que
part	NOUN	part
aiam	NOUN	aimer
ab	NOUN	abe
Deu	PROPN	dieu
fidels	NOUN	fille
.	PUNCT	.
Quar	CCONJ	car
fini	VERB	fin
munz	NOUN	mont
non	NOUN	nom
es	ADP.DET	en.le
mult	ADV	moult
lon	DET	lon
,	PUNCT	,
et	CCONJ	et
regnum	VERB	rengondre
Deu	PROPN	dieu
fortment	NOUN	fortement
es	ADP.DET	en.le
prob	NOUN	pro
;	PUNCT	;
dontre	VERB	dontre
nos	PRON	nos
lez	DET	lez
facam	NOUN	faime
lo	DET	löer
ben	ADJ	bien
,	PUNCT	,
gurpissem	VERB	grusphe
mund	NOUN	monde
et	CCONJ	et
som	DET	son
pechet	NOUN	peché
.	PUNCT	.
Christus	PROPN	christue
Jesús	PROPN	jesdre
,	PUNCT	,
qui	PRON	qui
mans	NOUN	mans
ensus	ADV	ensus
,	PUNCT	,
mercet	NOUN	mercer
aias	NOUN	avoir
de	ADP	de
pechedors	NOUN	pechefor
;	PUNCT	;
en	ADP	en
tals	NOUN	tal
raizons	NOUN	raison
si	ADV	si
a	ADP	a
·mmespraes	NOUN	mempres
,	PUNCT	,
per	NOUN	per
ta	DET	ton
pitad	VERB	pitier
lo	DET	löer
·m	DET	mon
perdones	NOUN	perdre
.	PUNCT	.
Te	PRON	tu
posche	NOUN	puche
retdrae	VERB	reterdre
graciae	VERB	gracier
davant	ADP	davant
to	PRON	tou
paire	NOUN	paire
gloriae	NOUN	glorie
!	PUNCT	!
Sanz	ADP	sans
Spiritum	NOUN	sipition
posche	NOUN	puche
laudar	ADJ	lalorder
et	CCONJ	et
nunc	ADV	nounc
per	NOUN	per
tot	DET	tot
in	PRON	in
secula	VERB	sceller
.	PUNCT	.
