LE	DET	le
LAY	PROPN	laie
DE	ADP	de
TYOLET	ADJ	tolir
C'	CCONJ	ce
est	VERB	estre
le	DET	le
lay	NOUN	lai
de	ADP	de
Tyoulet	PROPN	tolir
.	PUNCT	.
Jadis	PROPN	jadis
au	ADP.DET	a.le
tens	NOUN	tens
q'	SCONJ	que
Artur	PROPN	artur
regna	VERB	renger
,	PUNCT	,
que	SCONJ	que
il	PRON	il
Bretaingne	PROPN	bretagne
governa	VERB	governer
que	SCONJ	que
Engleterre	PROPN	angleterre
ert	VERB	estre
apelee	VERB	apeler
,	PUNCT	,
dont	PRON	dont
n'	ADV	ne
estoit	VERB	estre
mie	ADV	mie
si	ADV	si
puplee	NOUN	pupele
conme	SCONJ	comme
ele	PRON	il
or	NOUN	or
e	CCONJ	et
,	PUNCT	,
ce	PRON	ce
m'	PRON	je
est	VERB	estre
a	ADP	a
vis	NOUN	vis
;	PUNCT	;
mes	DET	mais
Artur	PROPN	artur
,	PUNCT	,
qui	PRON	qui
ert	VERB	estre
de	ADP	de
grant	ADJ	grant
pris	NOUN	prendre
,	PUNCT	,
avoit	VERB	avoir
o	ADP	o
lui	PRON	lui
tex	ADJ	tel
chevaliers	NOUN	chevalier
qui	PRON	qui
molt	DET	moult
erent	VERB	estre
hardiz	ADJ	hardi
e	CCONJ	et
fiers	ADJ	fier
.	PUNCT	.
Encor	ADP	encore
en	ADP	en
i	ADV	i
a	ADP	a
il	PRON	il
assez	ADV	assez
qui	PRON	qui
molt	DET	moult
sont	VERB	estre
preuz	ADJ	pro
e	CCONJ	et
alosez	VERB	aler
,	PUNCT	,
mes	DET	mais
ne	ADV	ne
sont	VERB	estre
pas	NOUN	pas
de	ADP	de
la	DET	le
maniere	NOUN	manière
qu'	SCONJ	que
il	PRON	il
estoient	VERB	estre
du	ADP.DET	de.le
tens	NOUN	tens
ariere	NOUN	arrière
,	PUNCT	,
que	SCONJ	que
li	DET	le
chevalier	NOUN	chevalier
plus	ADV	plus
poissant	ADJ	poissante
,	PUNCT	,
li	DET	le
miedre	VERB	miedre
,	PUNCT	,
li	DET	le
plus	ADV	plus
despendant	VERB	despendre
,	PUNCT	,
soloient	VERB	soloir
molt	DET	moult
par	ADP	par
nuit	NOUN	nuit
errer	VERB	errer
,	PUNCT	,
aventures	NOUN	aventure
querre	VERB	querre
e	CCONJ	et
trover	VERB	trover
,	PUNCT	,
e	CCONJ	et
par	ADP	par
jor	NOUN	jor
ensement	ADV	ensement
erroient	VERB	erroire
,	PUNCT	,
que	SCONJ	que
il	PRON	il
escuier	NOUN	escuier
nen	NOUN	ne
avoient	VERB	avoir
,	PUNCT	,
si	ADV	si
erroient	VERB	erroire
si	ADV	si
toutejor	DET	touter
.	PUNCT	.
Ne	CCONJ	ne
trouvassent	VERB	trouver
meson	NOUN	messon
ne	ADV	ne
tor	NOUN	tor
ou	CCONJ	ou
.II.	DET	deus
ou	CCONJ	ou
.III.	DET	trois
par	ADP	par
aventure	NOUN	aventure
,	PUNCT	,
e	CCONJ	et
ensement	ADV	ensement
par	ADP	par
nuit	NOUN	nuit
oscure	NOUN	oscur
aventures	NOUN	aventure
beles	ADJ	bel
trovoient	VERB	trover
qu'	SCONJ	que
il	PRON	il
disoient	VERB	dire
e	CCONJ	et
racontoient	VERB	rocantir
.	PUNCT	.
A	ADP	a
la	DET	le
cort	NOUN	cort
erent	VERB	estre
racontees	VERB	rocantes
,	PUNCT	,
si	ADV	si
conme	SCONJ	comme
eles	PRON	il
erent	VERB	estre
trovees	VERB	trover
;	PUNCT	;
Li	DET	le
preude	NOUN	preude
clerc	NOUN	clerc
qui	PRON	qui
donc	ADV	donc
estoient	VERB	estre
totes	DET	tot
escrire	VERB	écrire
les	DET	le
fesoient	VERB	faire
;	PUNCT	;
mises	VERB	metre
estoient	VERB	estre
en	ADP	en
latin	DET	lait
e	CCONJ	et
en	ADP	en
escrit	NOUN	écrit
em	ADP	en
parchemin	NOUN	parçonie
,	PUNCT	,
por	ADP	por
ce	PRON	ce
qu'	SCONJ	que
encor	ADV	encore
tel	DET	tel
tens	NOUN	tens
seroit	VERB	estre
que	SCONJ	que
l'	DET	le
en	ADP	en
volentiers	ADV	volentiers
les	DET	le
orroit	VERB	öir
.	PUNCT	.
Or	ADV	or
sont	VERB	estre
dites	VERB	dire
e	CCONJ	et
racontees	VERB	rocantes
,	PUNCT	,
de	ADP	de
latin	DET	lait
en	ADP	en
romanz	NOUN	rompre
trovees	VERB	trover
;	PUNCT	;
Bretons	PROPN	breton
en	ADP	en
firent	VERB	faire
lais	NOUN	laisser
plusors	DET	plusor
,	PUNCT	,
si	ADV	si
con	SCONJ	come
dïent	VERB	dire
nos	PRON	nos
ancessors	NOUN	ancessor
.	PUNCT	.
.I.	DET	un
en	ADP	en
firent	VERB	faire
que	SCONJ	que
vos	PRON	vos
dirai	VERB	dire
,	PUNCT	,
selonc	ADJ	selonc
le	DET	le
conte	NOUN	comte
que	SCONJ	que
je	PRON	je
sai	VERB	savoir
du	ADP.DET	de.le
vallet	NOUN	valet
bel	ADJ	bel
e	CCONJ	et
engingnos	NOUN	engignos
,	PUNCT	,
hardi	ADJ	hardi
e	CCONJ	et
fier	VERB	fïer
e	CCONJ	et
coragos	ADJ	coragos
.	PUNCT	.
Tyolet	PROPN	tolir
estoit	VERB	estre
apelez	VERB	apeler
,	PUNCT	,
de	ADP	de
bestes	NOUN	beste
prendre	VERB	prendre
sot	VERB	savoir
assez	ADV	assez
que	SCONJ	que
par	ADP	par
son	DET	son
sisflé	VERB	soillir
les	DET	le
prenoit	VERB	prendre
,	PUNCT	,
totes	DET	tot
les	DET	le
bestes	NOUN	beste
qu'	SCONJ	que
il	PRON	il
voloit	VERB	voloir
.	PUNCT	.
Une	DET	un
fee	NOUN	fee
ce	PRON	ce
li	DET	le
ora	VERB	oraz
e	CCONJ	et
a	ADP	a
sifler	NOUN	sifler
li	DET	le
enseigna	VERB	enseigne
;	PUNCT	;
Dex	PROPN	dieu
onc	ADV	onc
nule	DET	nul
beste	NOUN	beste
ne	ADV	ne
fist	VERB	faire
qu'	SCONJ	que
il	PRON	il
a	ADP	a
son	DET	son
siflé	NOUN	sifler
ne	ADV	ne
preïst	VERB	prendre
.	PUNCT	.
Une	DET	un
dame	NOUN	dame
sa	DET	son
mere	NOUN	mere
estoit	VERB	estre
qui	PRON	qui
en	ADP	en
.I.	DET	un
bois	NOUN	bois
adés	ADV	adès
manoit	VERB	mener
,	PUNCT	,
.I.	DET	un
chevalier	NOUN	chevalier
ot	VERB	avoir
a	ADP	a
seignor	NOUN	seignor
qui	PRON	qui
mest	VERB	metre
ilec	ADV	illuec
e	CCONJ	et
nuit	NOUN	nuit
e	CCONJ	et
jor	NOUN	jor
;	PUNCT	;
tot	DET	tot
seul	ADJ	sol
en	ADP	en
la	DET	le
forest	NOUN	forest
manoit	VERB	mener
,	PUNCT	,
de	ADP	de
dis	VERB	dire
liues	NOUN	lieue
meson	NOUN	messon
n'	ADV	ne
avoit	VERB	avoir
.	PUNCT	.
Mort	PROPN	mort
est	VERB	estre
,	PUNCT	,
bien	NOUN	bien
ot	VERB	avoir
passé	NOUN	passer
.XV.	DET	quinze
anz	NOUN	an
,	PUNCT	,
e	CCONJ	et
Tyolet	PROPN	tolir
fu	VERB	estre
biaus	ADJ	bel
e	CCONJ	et
granz	ADJ	grant
,	PUNCT	,
mes	DET	mais
onques	ADV	onque
chevalier	NOUN	chevalier
armé	VERB	armer
n'	ADV	ne
ot	VERB	avoir
veü	VERB	vëoir
en	ADP	en
tot	DET	tot
son	DET	son
aé	NOUN	avoir
,	PUNCT	,
ne	ADV	ne
autres	PRON	autre
genz	NOUN	gent
gueres	NOUN	gaire
sovent	ADJ	sovent
n'	ADV	ne
ot	VERB	avoir
il	PRON	il
pas	NOUN	pas
veu	VERB	voir
ensement	ADV	ensement
.	PUNCT	.
El	ADP.DET	en.le
bois	NOUN	bois
o	ADP	o
sa	DET	son
mere	NOUN	mere
manoit	VERB	mener
,	PUNCT	,
onques	ADV	onque
jor	NOUN	jor
fors	ADV	fors
issu	VERB	issir
n'	ADV	ne
avoit	VERB	avoir
,	PUNCT	,
en	ADP	en
la	DET	le
forez	NOUN	forest
ot	VERB	avoir
sejorné	VERB	sejorner
,	PUNCT	,
car	CCONJ	car
sa	DET	son
mere	NOUN	mere
l'	DET	le
ot	VERB	avoir
molt	DET	moult
amé	NOUN	aimer
.	PUNCT	.
Dont	PRON	dont
i	ADV	i
ala	VERB	aler
qant	SCONJ	cant
li	DET	le
plesoit	VERB	plaire
,	PUNCT	,
nul	DET	nul
autre	ADJ	autre
mestier	NOUN	mestier
ne	ADV	ne
faisoit	VERB	faire
.	PUNCT	.
Qant	SCONJ	cant
les	DET	le
bestes	NOUN	beste
sifler	NOUN	sifler
l'	DET	le
ooient	VERB	öir
,	PUNCT	,
tot	DET	tot
erramment	ADV	errement
a	ADP	a
li	DET	le
venoient	VERB	venir
;	PUNCT	;
de	ADP	de
ceus	DET	ceu
que	SCONJ	que
il	PRON	il
voloit	VERB	voloir
,	PUNCT	,
tuoit	VERB	tout
e	CCONJ	et
a	ADP	a
sa	DET	son
mere	NOUN	mere
les	DET	le
portoit	VERB	porter
.	PUNCT	.
De	ADP	de
ce	PRON	ce
vivoit	VERB	vivre
lui	PRON	lui
e	CCONJ	et
sa	DET	son
mere	NOUN	mere
,	PUNCT	,
e	CCONJ	et
il	PRON	il
n'	ADV	ne
avoit	VERB	avoir
ne	ADV	ne
suer	NOUN	seror
ne	ADV	ne
frere	NOUN	frere
;	PUNCT	;
la	DET	le
dame	NOUN	dame
molt	DET	moult
vaillanz	ADJ	valoir
estoit	VERB	estre
,	PUNCT	,
e	CCONJ	et
leaument	ADV	lëaument
se	PRON	se
contenoit	VERB	contenir
.	PUNCT	.
A	ADP	a
son	DET	son
filz	NOUN	fil
.I.	DET	un
jor	NOUN	jor
demanda	VERB	demander
bonement	NOUN	bonnement
,	PUNCT	,
car	CCONJ	car
forment	ADV	forment
l'	DET	le
ama	VERB	amer
,	PUNCT	,
el	ADP.DET	en.le
bois	NOUN	bois
alast	VERB	aler
,	PUNCT	,
.I.	DET	un
cerf	NOUN	cerf
preïst	VERB	prendre
,	PUNCT	,
e	CCONJ	et
il	PRON	il
son	DET	son
conmandement	NOUN	commandement
fist	VERB	faire
.	PUNCT	.
El	ADP.DET	en.le
bois	NOUN	bois
hastivement	NOUN	hastivement
ala	VERB	aler
si	ADV	si
con	SCONJ	come
sa	DET	son
mere	NOUN	mere
conmanda	VERB	commander
.	PUNCT	.
Desq'	ADP	de.le
a	ADP	a
tierce	NOUN	tierce
a	ADP	a
el	ADP.DET	en.le
bois	NOUN	bois
alé	VERB	aler
,	PUNCT	,
beste	NOUN	beste
ne	ADV	ne
cerf	NOUN	cerf
n'	ADV	ne
i	ADV	i
a	ADP	a
trouvé	VERB	trouver
.	PUNCT	.
A	ADP	a
soi	PRON	soi
molt	DET	moult
corrouciez	VERB	corrocier
estoit	VERB	estre
de	ADP	de
ce	PRON	ce
que	SCONJ	que
beste	NOUN	beste
ne	ADV	ne
trouvoit	VERB	trouver
;	PUNCT	;
droit	ADJ	droit
vers	ADP	vers
meson	NOUN	messon
s'	DET	soi
en	ADP	en
volt	VERB	voloir
aler	VERB	aler
,	PUNCT	,
qant	SCONJ	cant
soz	ADP	soz
.I.	DET	un
arbre	NOUN	arbre
vit	VERB	vëoir
ester	VERB	ester
.I.	DET	un
cerf	NOUN	cerf
qui	PRON	qui
ert	VERB	estre
e	CCONJ	et
grant	ADJ	grant
e	CCONJ	et
gras	ADJ	cras
,	PUNCT	,
e	CCONJ	et
il	PRON	il
sifla	NOUN	silat
eneslepas	VERB	enseler
.	PUNCT	.
Li	DET	le
cers	NOUN	cerf
l'	DET	le
oï	VERB	öir
,	PUNCT	,
si	ADV	si
regarda	VERB	regarder
,	PUNCT	,
ne	ADV	ne
l'	DET	le
atendi	VERB	atendre
,	PUNCT	,
ainz	ADV	ainz
s'	DET	soi
en	ADP	en
ala	VERB	aler
;	PUNCT	;
le	DET	le
petit	ADJ	petit
pas	NOUN	pas
du	ADP.DET	de.le
bois	NOUN	bois
issi	VERB	issir
,	PUNCT	,
e	CCONJ	et
Tyolet	PROPN	tolir
tant	ADV	tant
le	DET	le
sevi	VERB	savoir
q'	SCONJ	que
a	ADP	a
une	DET	un
eve	NOUN	aigue
l'	DET	le
a	ADP	a
droit	ADJ	droit
mené	VERB	mener
;	PUNCT	;
le	DET	le
cerf	NOUN	cerf
s'	DET	soi
en	ADP	en
est	VERB	estre
outre	ADP	outre
passé	NOUN	passer
.	PUNCT	.
L'	DET	le
eve	NOUN	aigue
estoit	VERB	estre
grant	ADJ	grant
e	CCONJ	et
ravineuse	NOUN	ravineux
e	CCONJ	et
lee	ADJ	lé
e	CCONJ	et
longue	ADJ	long
e	CCONJ	et
perilleuse	ADJ	perillos
.	PUNCT	.
Li	DET	le
cers	NOUN	cerf
outre	ADP	outre
l'	DET	le
eve	NOUN	aigue
passa	VERB	passer
,	PUNCT	,
e	CCONJ	et
Tyolet	PROPN	tolir
se	PRON	se
regarda	VERB	regarder
tries	NOUN	trien
soi	PRON	soi
,	PUNCT	,
si	ADV	si
vit	VERB	vëoir
venir	VERB	venir
errant	VERB	errer
.I.	DET	un
chevrel	NOUN	chevelur
cras	NOUN	cro
e	CCONJ	et
lonc	ADJ	lonc
e	CCONJ	et
grant	ADJ	grant
.	PUNCT	.
Arestut	PROPN	aresture
soi	PRON	soi
e	CCONJ	et
si	ADV	si
sifla	NOUN	silat
,	PUNCT	,
e	CCONJ	et
li	DET	le
chevreus	NOUN	chevrueil
vers	ADP	vers
lui	PRON	lui
ala	VERB	aler
;	PUNCT	;
sa	DET	son
main	NOUN	main
tendi	VERB	tendre
,	PUNCT	,
illec	ADV	illuec
l'	DET	le
ocist	VERB	ocire
,	PUNCT	,
son	DET	son
costel	NOUN	costel
tret	VERB	traire
,	PUNCT	,
el	ADP.DET	en.le
cors	NOUN	cors
li	DET	le
mist	VERB	metre
.	PUNCT	.
Endementres	ADV	endementre
qu'	SCONJ	que
il	PRON	il
l'	DET	le
escorcha	VERB	escorcher
,	PUNCT	,
e	CCONJ	et
li	DET	le
cers	NOUN	cerf
se	PRON	se
tranfigura	VERB	trenthaudse
qui	PRON	qui
outre	ADP	outre
l'	DET	le
eve	NOUN	aigue
s'	DET	soi
estoit	VERB	estre
mis	VERB	metre
,	PUNCT	,
e	CCONJ	et
.I.	DET	un
chevalier	NOUN	chevalier
resembloit	VERB	resembler
tot	DET	tot
armé	VERB	armer
sor	ADP	sor
l'	DET	le
eve	NOUN	aigue
s'	DET	soi
estoit	VERB	estre
,	PUNCT	,
sor	ADP	sor
.I.	DET	un
cheval	NOUN	cheval
detries	VERB	derit
comé	VERB	coment
,	PUNCT	,
s'	DET	soi
estoit	VERB	estre
com	SCONJ	come
chevalier	NOUN	chevalier
armé	VERB	armer
.	PUNCT	.
Le	DET	le
vallet	NOUN	valet
l'	DET	le
a	ADP	a
aparceü	VERB	apercevoir
,	PUNCT	,
onques	ADV	onque
mes	DET	mais
tel	DET	tel
n'	ADV	ne
avoit	VERB	avoir
veü	VERB	vëoir
;	PUNCT	;
a	ADP	a
merveilles	NOUN	merveille
l'	DET	le
a	ADP	a
esgardé	VERB	esgarder
e	CCONJ	et
longuement	ADV	longuement
l'	DET	le
a	ADP	a
avisé	NOUN	aviser
;	PUNCT	;
de	ADP	de
tel	DET	tel
chose	NOUN	chose
se	PRON	se
merveilloit	VERB	merveillier
car	CCONJ	car
onques	ADV	onque
mes	DET	mais
veu	VERB	voir
n'	ADV	ne
avoit	VERB	avoir
.	PUNCT	.
Ententivement	PROPN	ententemention
l'	DET	le
avisa	VERB	aviser
;	PUNCT	;
le	DET	le
chevalier	NOUN	chevalier
l'	DET	le
aresonna	VERB	aresner
,	PUNCT	,
a	ADP	a
lui	PRON	lui
parla	VERB	parler
premierement	ADV	premierement
,	PUNCT	,
molt	DET	moult
bel	ADJ	bel
e	CCONJ	et
aimablement	NOUN	amaigmement
;	PUNCT	;
demande	VERB	demander
li	DET	le
qui	PRON	qui
il	PRON	il
estoit	VERB	estre
,	PUNCT	,
q'	SCONJ	que
aloit	VERB	aler
querant	VERB	querre
,	PUNCT	,
quel	DET	quel
non	NOUN	nom
avoit	VERB	avoir
.	PUNCT	.
E	CCONJ	et
Tyolet	PROPN	tolir
li	DET	le
respondi	VERB	respondre
,	PUNCT	,
qui	PRON	qui
molt	DET	moult
estoit	VERB	estre
preuz	ADJ	pro
e	CCONJ	et
hardi	ADJ	hardi
,	PUNCT	,
filz	NOUN	fil
a	ADP	a
la	DET	le
veve	NOUN	veve
dame	NOUN	dame
estoit	VERB	estre
qui	PRON	qui
en	ADP	en
la	DET	le
grant	ADJ	grant
forez	NOUN	forest
manoit	VERB	mener
,	PUNCT	,
«	PUNCT	"
e	CCONJ	et
Tyolet	PROPN	tolir
m'	PRON	je
apele	VERB	apeler
l'	DET	le
on	PRON	on
,	PUNCT	,
cil	DET	cel
qui	PRON	qui
nomer	VERB	nomer
veulent	VERB	voloir
mon	DET	mon
non	NOUN	nom
.	PUNCT	.
Or	ADV	or
me	PRON	je
dites	VERB	dire
,	PUNCT	,
se	PRON	se
vos	PRON	vos
savez	VERB	savoir
,	PUNCT	,
qui	PRON	qui
vos	PRON	vos
estes	VERB	estre
,	PUNCT	,
quel	DET	quel
non	NOUN	nom
avez	VERB	avoir
.	PUNCT	.
»	PUNCT	"
E	CCONJ	et
cil	DET	cel
li	DET	le
respondi	VERB	respondre
errant	VERB	errer
qui	PRON	qui
seur	NOUN	soir
la	DET	le
rive	NOUN	rive
fu	VERB	estre
estant	VERB	être
,	PUNCT	,
que	SCONJ	que
chevalier	NOUN	chevalier
ert	VERB	estre
apelé	VERB	apeler
.	PUNCT	.
E	CCONJ	et
Tyolet	PROPN	tolir
a	ADP	a
demandé	VERB	demander
quel	DET	quel
beste	NOUN	beste
chevalier	NOUN	chevalier
estoit	VERB	estre
,	PUNCT	,
ou	CCONJ	ou
conversoit	VERB	converser
e	CCONJ	et
dont	PRON	dont
venoit	VERB	venir
.	PUNCT	.
«	PUNCT	"
Par	ADP	par
foi	NOUN	foi
,	PUNCT	,
fet	VERB	faire
il	PRON	il
,	PUNCT	,
jel	NOUN	je.il
te	PRON	tu
dirai	VERB	dire
,	PUNCT	,
que	SCONJ	que
ja	ADV	ja
mot	NOUN	mot
ne	ADV	ne
t'	PRON	tu
en	ADP	en
mentirai	VERB	mentir
.	PUNCT	.
C'	CCONJ	ce
est	VERB	estre
une	DET	un
beste	NOUN	beste
molt	DET	moult
cremue	NOUN	crüeme
,	PUNCT	,
autres	PRON	autre
bestes	NOUN	beste
prent	VERB	prendre
e	CCONJ	et
menjue	ADJ	menume
,	PUNCT	,
el	ADP.DET	en.le
bois	NOUN	bois
converse	NOUN	converser
molt	DET	moult
souvent	DET	souvent
,	PUNCT	,
e	CCONJ	et
a	ADP	a
plainne	ADJ	plein
terre	NOUN	terre
ensement	ADV	ensement
.	PUNCT	.
-	PUNCT	-
Par	ADP	par
foi	NOUN	foi
,	PUNCT	,
fet	VERB	faire
il	PRON	il
,	PUNCT	,
merveilles	NOUN	merveille
oi	VERB	avoir
.	PUNCT	.
Car	CCONJ	car
onques	ADV	onque
,	PUNCT	,
puis	NOUN	puis
que	SCONJ	que
aler	VERB	aler
soi	PRON	soi
e	CCONJ	et
que	SCONJ	que
par	ADP	par
bois	NOUN	bois
pris	NOUN	prendre
a	ADP	a
aler	VERB	aler
,	PUNCT	,
ainz	ADV	ainz
tel	DET	tel
beste	NOUN	beste
ne	ADV	ne
poi	NOUN	pöoir
trover	VERB	trover
.	PUNCT	.
Si	ADV	si
connois	VERB	connaître
je	PRON	je
ors	NOUN	or
e	CCONJ	et
lions	NOUN	lïon
,	PUNCT	,
e	CCONJ	et
totes	DET	tot
autres	PRON	autre
venoisons	NOUN	venoison
;	PUNCT	;
n'	ADV	ne
a	ADP	a
beste	NOUN	beste
el	ADP.DET	en.le
bois	NOUN	bois
que	SCONJ	que
ne	ADV	ne
connoisse	VERB	connaître
,	PUNCT	,
e	CCONJ	et
que	SCONJ	que
ne	ADV	ne
preigne	ADJ	prendre
sanz	ADP	sans
angoisse	NOUN	angoisse
,	PUNCT	,
ne	ADV	ne
mes	DET	mais
vos	PRON	vos
que	SCONJ	que
ne	ADV	ne
connois	VERB	connaître
mie	ADV	mie
.	PUNCT	.
Molt	ADV	moult
resemblez	VERB	resembler
beste	NOUN	beste
hardie	ADJ	hardi
.	PUNCT	.
Or	ADV	or
me	PRON	je
dites	VERB	dire
,	PUNCT	,
chevalier	NOUN	chevalier
beste	NOUN	beste
,	PUNCT	,
que	SCONJ	que
est	VERB	estre
ice	PRON	ice
sor	ADP	sor
vostre	DET	vostre
teste	NOUN	teste
?	PUNCT	?
E	CCONJ	et
qu'	SCONJ	que
est	VERB	estre
ice	PRON	ice
q'	SCONJ	que
au	ADP.DET	a.le
col	NOUN	col
vos	PRON	vos
pent	VERB	pendre
?	PUNCT	?
roge	NOUN	roge
est	VERB	estre
e	CCONJ	et
si	ADV	si
reluist	VERB	reluisir
forment	ADV	forment
.	PUNCT	.
-	PUNCT	-
Par	ADP	par
foi	NOUN	foi
,	PUNCT	,
fet	VERB	faire
il	PRON	il
,	PUNCT	,
jel	NOUN	je.il
te	PRON	tu
dirai	VERB	dire
,	PUNCT	,
que	SCONJ	que
ja	ADV	ja
de	ADP	de
mot	NOUN	mot
n'	ADV	ne
en	ADP	en
mentirai	VERB	mentir
.	PUNCT	.
C'	CCONJ	ce
est	VERB	estre
une	DET	un
coiffe	NOUN	coife
,	PUNCT	,
hiaume	NOUN	heaume
a	ADP	a
non	NOUN	nom
,	PUNCT	,
si	ADV	si
est	VERB	estre
d'	ADP	de
acier	NOUN	acier
tout	DET	tout
environ	ADP	environ
,	PUNCT	,
e	CCONJ	et
cest	DET	cest
mantel	NOUN	mantel
q'	SCONJ	que
ai	VERB	avoir
afublé	VERB	afubler
,	PUNCT	,
c'	CCONJ	ce
est	VERB	estre
.I.	DET	un
escu	NOUN	escu
a	ADP	a
or	NOUN	or
bendé	VERB	bender
.	PUNCT	.
-	PUNCT	-
E	CCONJ	et
qu'	SCONJ	que
est	VERB	estre
ice	PRON	ice
q'	SCONJ	que
avez	VERB	avoir
vestuz	VERB	vestir
,	PUNCT	,
qui	PRON	qui
si	ADV	si
est	VERB	estre
pertuisiez	NOUN	pertuis
menuz	ADJ	menu
?	PUNCT	?
-	PUNCT	-
Une	DET	un
cote	NOUN	cote
est	VERB	estre
,	PUNCT	,
de	ADP	de
fer	NOUN	fer
ovree	NOUN	ovrer
;	PUNCT	;
hauberc	NOUN	hauberc
est	VERB	estre
par	ADP	par
non	NOUN	nom
apelee	VERB	apeler
.	PUNCT	.
-	PUNCT	-
E	CCONJ	et
qu'	SCONJ	que
est	VERB	estre
ice	PRON	ice
q'	SCONJ	que
avez	VERB	avoir
chaucié	NOUN	chaucier
?	PUNCT	?
Dites	VERB	dire
le	DET	le
moi	PRON	je
par	ADP	par
amistié	NOUN	amitié
.	PUNCT	.
-	PUNCT	-
Chauces	NOUN	chauce
de	ADP	de
fer	NOUN	fer
sont	VERB	estre
apelees	VERB	apeler
;	PUNCT	;
bien	NOUN	bien
sont	VERB	estre
fetes	VERB	faire
e	CCONJ	et
bien	NOUN	bien
ovrees	NOUN	ovrer
.	PUNCT	.
-	PUNCT	-
E	CCONJ	et
ce	PRON	ce
que	SCONJ	que
est	VERB	estre
que	SCONJ	que
ceint	VERB	ceindre
avez	VERB	avoir
?	PUNCT	?
Dites	VERB	dire
le	DET	le
moi	PRON	je
se	PRON	se
vos	PRON	vos
volez	VERB	voloir
.	PUNCT	.
-	PUNCT	-
Espee	NOUN	espee
a	ADP	a
non	NOUN	nom
,	PUNCT	,
molt	DET	moult
par	ADP	par
est	VERB	estre
bele	ADJ	bel
,	PUNCT	,
trenchant	NOUN	trenchier
e	CCONJ	et
dure	ADJ	dur
la	DET	le
lemele	NOUN	lemel
.	PUNCT	.
-	PUNCT	-
Ice	DET	ice
lonc	ADJ	lonc
fust	VERB	estre
que	SCONJ	que
vos	PRON	vos
portez	VERB	porter
?	PUNCT	?
Dites	VERB	dire
le	DET	le
moi	PRON	je
,	PUNCT	,
ne	ADV	ne
me	PRON	je
celez	VERB	celer
.	PUNCT	.
-	PUNCT	-
Veus	NOUN	voir
le	DET	le
savoir	VERB	savoir
?	PUNCT	?
-	PUNCT	-
Oïl	ADV	öil
,	PUNCT	,
par	ADP	par
foi	NOUN	foi
.	PUNCT	.
-	PUNCT	-
Une	DET	un
lance	NOUN	lance
que	SCONJ	que
port	NOUN	port
o	ADP	o
moi	PRON	je
.	PUNCT	.
Or	ADV	or
t'	PRON	tu
en	ADP	en
ai	VERB	avoir
dit	VERB	dire
la	DET	le
verité	NOUN	vérité
de	ADP	de
qanque	PRON	canque
tu	PRON	tu
m'	PRON	je
as	VERB	a.le
demandé	VERB	demander
.	PUNCT	.
-	PUNCT	-
Sire	NOUN	seignor
,	PUNCT	,
fet	VERB	faire
il	PRON	il
,	PUNCT	,
vostre	DET	vostre
merci	NOUN	merci
.	PUNCT	.
Car	CCONJ	car
pleüst	VERB	plaire
Dieu	PROPN	dieu
qui	PRON	qui
ne	ADV	ne
menti	VERB	mentir
,	PUNCT	,
que	SCONJ	que
j'	PRON	je
eusse	VERB	avoir
tiex	ADJ	tel
garnemenz	NOUN	garnement
con	SCONJ	come
vos	PRON	vos
avez	VERB	avoir
,	PUNCT	,
si	ADV	si
biaus	ADJ	bel
,	PUNCT	,
si	ADV	si
genz	NOUN	gent
,	PUNCT	,
tel	DET	tel
cote	NOUN	cote
eüsse	VERB	avoir
,	PUNCT	,
e	CCONJ	et
tel	DET	tel
mantel	NOUN	mantel
con	SCONJ	come
vos	PRON	vos
avez	VERB	avoir
,	PUNCT	,
e	CCONJ	et
tel	DET	tel
chapel	NOUN	chapel
.	PUNCT	.
Or	ADV	or
me	PRON	je
dites	VERB	dire
,	PUNCT	,
chevalier	NOUN	chevalier
beste	NOUN	beste
,	PUNCT	,
por	ADP	por
Deu	PROPN	dieu
,	PUNCT	,
e	CCONJ	et
por	ADP	por
la	DET	le
seue	ADJ	soe
feste	NOUN	fête
,	PUNCT	,
se	PRON	se
il	PRON	il
est	VERB	estre
auques	ADV	auques
de	ADP	de
tiex	ADJ	tel
bestes	NOUN	beste
ne	ADV	ne
de	ADP	de
si	ADV	si
beles	ADJ	bel
con	SCONJ	come
vos	PRON	vos
estes	VERB	estre
.	PUNCT	.
-	PUNCT	-
Oïl	ADV	öil
,	PUNCT	,
fet	VERB	faire
il	PRON	il
,	PUNCT	,
veraiement	NOUN	veraiement
,	PUNCT	,
ja	ADV	ja
,	PUNCT	,
t'	PRON	tu
en	ADP	en
mosterré	VERB	mostrer
plus	ADV	plus
de	ADP	de
cent	DET	cent
.	PUNCT	.
»	PUNCT	"
Ne	CCONJ	ne
demora	VERB	demorer
que	SCONJ	que
un	DET	un
petit	ADJ	petit
,	PUNCT	,
si	ADV	si
conme	SCONJ	comme
li	DET	le
contes	NOUN	comte
nos	PRON	nos
dit	VERB	dire
,	PUNCT	,
que	SCONJ	que
.II.	DET	deus
cenz	DET	cent
chevaliers	NOUN	chevalier
armez	VERB	armer
erroient	VERB	erroire
tres	ADV	très
par	ADP	par
mi	DET	moi
uns	DET	un
prez	NOUN	prest
,	PUNCT	,
qui	PRON	qui
de	ADP	de
la	DET	le
cort	NOUN	cort
au	ADP.DET	a.le
roi	NOUN	roi
venoient	VERB	venir
;	PUNCT	;
son	DET	son
conmandement	NOUN	commandement
fet	VERB	faire
avoient	VERB	avoir
.	PUNCT	.
Une	DET	un
fort	ADJ	fort
meson	NOUN	messon
orent	VERB	avoir
prise	VERB	prendre
e	CCONJ	et
en	ADP	en
feu	NOUN	feu
e	CCONJ	et
en	ADP	en
charbon	NOUN	charbon
mise	VERB	metre
,	PUNCT	,
si	ADV	si
s'	DET	soi
en	ADP	en
repairent	VERB	repairier
tuit	DET	tot
armé	VERB	armer
,	PUNCT	,
en	ADP	en
.III.	DET	trois
eschieles	NOUN	échelle
bien	NOUN	bien
serré	VERB	serrer
.	PUNCT	.
Chevalier	NOUN	chevalier
beste	NOUN	beste
dont	PRON	dont
parla	VERB	parler
a	ADP	a
Tyolet	PROPN	tolir
,	PUNCT	,
e	CCONJ	et
conmanda	VERB	commander
c'	CCONJ	ce
un	DET	un
seul	ADJ	sol
petit	ADJ	petit
avant	ADV	avant
alast	VERB	aler
,	PUNCT	,
outre	ADP	outre
la	DET	le
riviere	NOUN	riviere
gardast	VERB	garder
.	PUNCT	.
Cil	DET	cel
a	ADP	a
fet	VERB	faire
son	DET	son
conmandement	NOUN	commandement
,	PUNCT	,
outre	ADP	outre
regarde	VERB	regarder
isnelement	NOUN	isnelement
,	PUNCT	,
si	ADV	si
voit	VERB	vëoir
errer	VERB	errer
les	DET	le
chevaliers	NOUN	chevalier
trestot	DET	trestot
armez	VERB	armer
sor	ADP	sor
les	DET	le
destriers	NOUN	destrier
.	PUNCT	.
«	PUNCT	"
Par	ADP	par
foi	NOUN	foi
,	PUNCT	,
fet	VERB	faire
il	PRON	il
,	PUNCT	,
or	NOUN	or
voi	NOUN	vëoir
les	DET	le
bestes	NOUN	beste
qui	PRON	qui
totes	DET	tot
ont	VERB	avoir
coiffes	NOUN	coife
es	ADP.DET	en.le
testes	NOUN	teste
.	PUNCT	.
Onques	ADV	onque
mes	DET	mais
tex	ADJ	tel
bestes	NOUN	beste
ne	ADV	ne
vi	VERB	vëoir
,	PUNCT	,
ne	ADV	ne
tiex	ADJ	tel
coiffes	NOUN	coife
con	SCONJ	come
je	PRON	je
voi	NOUN	vëoir
ci	ADV	ci
.	PUNCT	.
Car	CCONJ	car
pleüst	VERB	plaire
or	NOUN	or
Dieu	PROPN	dieu
a	ADP	a
sa	DET	son
feste	NOUN	fête
que	SCONJ	que
je	PRON	je
fusse	NOUN	estre
chevalier	NOUN	chevalier
beste	NOUN	beste
!	PUNCT	!
»	PUNCT	"
Cil	DET	cel
ra	VERB	ravoir
donques	ADV	donc
a	ADP	a
lui	PRON	lui
parlé	VERB	parler
qui	PRON	qui
sor	ADP	sor
la	DET	le
rive	NOUN	rive
estoit	VERB	estre
armé	VERB	armer
:	PUNCT	:
«	PUNCT	"
Seroies	PROPN	estre
tu	PRON	tu
preuz	ADJ	pro
e	CCONJ	et
hardi	ADJ	hardi
?	PUNCT	?
-	PUNCT	-
Oïl	ADV	öil
,	PUNCT	,
par	ADP	par
foi	NOUN	foi
,	PUNCT	,
le	DET	le
vos	PRON	vos
afi	NOUN	afïer
.	PUNCT	.
»	PUNCT	"
Si	ADV	si
li	DET	le
a	ADP	a
dit	VERB	dire
:	PUNCT	:
«	PUNCT	"
Or	ADV	or
t'	PRON	tu
en	ADP	en
iras	NOUN	aller
,	PUNCT	,
e	CCONJ	et
qant	SCONJ	cant
ta	DET	ton
mere	NOUN	mere
reverras	VERB	reverser
e	CCONJ	et
ele	PRON	il
parlera	VERB	parler
a	ADP	a
toi	PRON	tu
,	PUNCT	,
»	PUNCT	"
ele	PRON	il
dira	VERB	dire
:	PUNCT	:
“	PUNCT	“
Biaus	ADJ	bel
filz	NOUN	fil
,	PUNCT	,
di	VERB	dire
moi	PRON	je
de	ADP	de
quoi	PRON	coi
tu	PRON	tu
penses	NOUN	penser
,	PUNCT	,
e	CCONJ	et
que	SCONJ	que
as	VERB	a.le
?	PUNCT	?
”	PUNCT	"
E	CCONJ	et
tu	PRON	tu
li	DET	le
diz	NOUN	dire
eneslepas	VERB	enseler
que	SCONJ	que
tu	PRON	tu
as	VERB	a.le
assez	ADV	assez
a	ADP	a
penser	VERB	penser
,	PUNCT	,
que	SCONJ	que
tu	PRON	tu
vorroies	VERB	voir
resembler	VERB	resembler
chevalier	NOUN	chevalier
beste	NOUN	beste
que	SCONJ	que
veïs	VERB	vëoir
,	PUNCT	,
e	CCONJ	et
por	ADP	por
ce	PRON	ce
eres	NOUN	erer
tu	PRON	tu
pensis	ADJ	penser
.	PUNCT	.
E	CCONJ	et
ele	PRON	il
te	PRON	tu
dira	VERB	dire
briement	NOUN	briembre
que	SCONJ	que
ce	PRON	ce
li	DET	le
poise	VERB	peser
molt	DET	moult
forment	ADV	forment
que	SCONJ	que
tu	PRON	tu
as	VERB	a.le
tel	DET	tel
beste	NOUN	beste
veüe	NOUN	vëoir
,	PUNCT	,
que	SCONJ	que
autre	ADJ	autre
engingne	VERB	engigne
e	CCONJ	et
autre	ADJ	autre
tue	ADJ	tien
.	PUNCT	.
E	CCONJ	et
tu	PRON	tu
li	DET	le
dis	VERB	dire
que	SCONJ	que
par	ADP	par
ta	DET	ton
foi	NOUN	foi
,	PUNCT	,
que	SCONJ	que
male	ADJ	mal
joie	NOUN	joie
avra	VERB	avoir
de	ADP	de
toi	PRON	tu
si	ADV	si
tu	PRON	tu
ne	ADV	ne
puez	NOUN	pöoir
estre	VERB	estre
tel	DET	tel
beste	NOUN	beste
,	PUNCT	,
e	CCONJ	et
tel	DET	tel
coiffe	NOUN	coife
avoir	VERB	avoir
en	ADP	en
ta	DET	ton
teste	NOUN	teste
;	PUNCT	;
e	CCONJ	et
des	ADP.DET	de.le
ce	PRON	ce
qu'	SCONJ	que
ele	PRON	il
ce	PRON	ce
orra	VERB	öir
,	PUNCT	,
isnelement	NOUN	isnelement
t'	PRON	tu
aportera	VERB	aporter
toute	DET	tout
autretele	NOUN	autretele
vesteüre	NOUN	vestëort
,	PUNCT	,
cote	NOUN	cote
e	CCONJ	et
mantel	NOUN	mantel
,	PUNCT	,
coiffe	NOUN	coife
e	CCONJ	et
ceinture	NOUN	ceinture
,	PUNCT	,
e	CCONJ	et
chauces	NOUN	chauce
e	CCONJ	et
lonc	ADJ	lonc
fust	VERB	estre
plané	VERB	planer
,	PUNCT	,
tex	ADJ	tel
con	SCONJ	come
tu	PRON	tu
as	VERB	a.le
ci	ADV	ci
esgardé	VERB	esgarder
.	PUNCT	.
»	PUNCT	"
Atant	ADV	atant
Tyolet	PROPN	tolir
s'	DET	soi
en	ADP	en
depart	NOUN	departir
,	PUNCT	,
qu'	SCONJ	que
en	ADP	en
meson	NOUN	messon
soit	VERB	estre
molt	DET	moult
li	DET	le
est	VERB	estre
tart	ADV	tart
.	PUNCT	.
Puis	NOUN	puis
a	ADP	a
a	ADP	a
sa	DET	son
mere	NOUN	mere
donné	VERB	donner
le	DET	le
chevrel	NOUN	chevelur
qu'	SCONJ	que
il	PRON	il
ot	VERB	avoir
aporté	VERB	aporter
,	PUNCT	,
e	CCONJ	et
s'	DET	soi
aventure	NOUN	aventure
li	DET	le
conta	VERB	conter
tot	DET	tot
ainsi	ADV	ainsi
conme	SCONJ	comme
il	PRON	il
la	DET	le
trova	VERB	trover
.	PUNCT	.
Sa	DET	son
mere	NOUN	mere
li	DET	le
respont	VERB	respondre
briement	NOUN	briembre
que	SCONJ	que
ce	PRON	ce
li	DET	le
poise	VERB	peser
molt	DET	moult
forment	ADV	forment
«	PUNCT	"
que	SCONJ	que
tu	PRON	tu
as	VERB	a.le
tel	DET	tel
beste	NOUN	beste
veüe	NOUN	vëoir
qui	PRON	qui
mainte	DET	maint
autre	ADJ	autre
prent	VERB	prendre
e	CCONJ	et
manjue	NOUN	mangier
.	PUNCT	.
-	PUNCT	-
Par	ADP	par
foi	NOUN	foi
,	PUNCT	,
fet	VERB	faire
il	PRON	il
,	PUNCT	,
or	NOUN	or
est	VERB	estre
ainsi	ADV	ainsi
:	PUNCT	:
si	ADV	si
je	PRON	je
tel	DET	tel
beste	NOUN	beste
con	SCONJ	come
je	PRON	je
vi	VERB	vëoir
ne	ADV	ne
puis	NOUN	puis
estre	VERB	estre
,	PUNCT	,
bien	NOUN	bien
sai	VERB	savoir
e	CCONJ	et
voi	NOUN	vëoir
que	SCONJ	que
male	ADJ	mal
joie	NOUN	joie
avrez	VERB	avoir
de	ADP	de
moi	PRON	je
.	PUNCT	.
»	PUNCT	"
Mes	CCONJ	mais
sa	DET	son
mere	NOUN	mere
,	PUNCT	,
qant	SCONJ	cant
ce	PRON	ce
oï	VERB	öir
,	PUNCT	,
isnelement	NOUN	isnelement
li	DET	le
respondi	VERB	respondre
;	PUNCT	;
totes	DET	tot
les	DET	le
armes	NOUN	arme
que	SCONJ	que
ele	PRON	il
a	ADP	a
isnelement	NOUN	isnelement
li	DET	le
aporta	VERB	aporter
,	PUNCT	,
qui	PRON	qui
son	DET	son
seignor	NOUN	seignor
orent	VERB	avoir
esté	VERB	être
:	PUNCT	:
molt	DET	moult
en	ADP	en
a	ADP	a
bien	NOUN	bien
son	DET	son
filz	NOUN	fil
armé	VERB	armer
.	PUNCT	.
E	CCONJ	et
qant	SCONJ	cant
el	ADP.DET	en.le
cheval	NOUN	cheval
fu	VERB	estre
monté	VERB	monter
,	PUNCT	,
chevalier	NOUN	chevalier
beste	NOUN	beste
a	ADP	a
bien	NOUN	bien
semblé	VERB	sembler
.	PUNCT	.
«	PUNCT	"
Sez	DET	savoir
or	NOUN	or
,	PUNCT	,
biaus	ADJ	bel
filz	NOUN	fil
,	PUNCT	,
que	SCONJ	que
tu	PRON	tu
feras	VERB	faire
?	PUNCT	?
Tot	DET	tot
droit	ADJ	droit
au	ADP.DET	a.le
roi	NOUN	roi
Artur	PROPN	artur
iras	NOUN	aller
,	PUNCT	,
e	CCONJ	et
de	ADP	de
ce	PRON	ce
te	PRON	tu
dirai	VERB	dire
la	DET	le
somme	NOUN	somme
:	PUNCT	:
ne	ADV	ne
t'	PRON	tu
aconpaingnes	NOUN	acompagnier
a	ADP	a
nul	DET	nul
homme	NOUN	homme
ne	ADV	ne
a	ADP	a
fame	NOUN	feme
ne	ADV	ne
donoier	VERB	doner
qui	PRON	qui
commune	ADJ	commun
soit	VERB	estre
de	ADP	de
mestier	NOUN	mestier
.	PUNCT	.
»	PUNCT	"
Atant	ADV	atant
s'	DET	soi
en	ADP	en
est	VERB	estre
de	ADP	de
li	DET	le
torné	VERB	torner
,	PUNCT	,
el	ADP.DET	en.le
l'	DET	le
a	ADP	a
baisié	VERB	baisier
e	CCONJ	et
acolé	VERB	accoler
.	PUNCT	.
Tant	ADV	tant
a	ADP	a
erré	VERB	errer
par	ADP	par
ses	DET	son
jornees	NOUN	jornee
que	SCONJ	que
monz	NOUN	mont
que	SCONJ	que
terres	NOUN	terre
que	SCONJ	que
valees	NOUN	valee
,	PUNCT	,
q'	SCONJ	que
a	ADP	a
la	DET	le
cort	NOUN	cort
le	DET	le
roi	NOUN	roi
est	VERB	estre
venu	VERB	venir
,	PUNCT	,
qui	PRON	qui
cortois	ADJ	cortois
rois	NOUN	roi
e	CCONJ	et
vaillanz	ADJ	valoir
fu	VERB	estre
.	PUNCT	.
Li	DET	le
rois	NOUN	roi
a	ADP	a
son	DET	son
mengier	VERB	mangier
seoit	VERB	sëoir
,	PUNCT	,
servir	VERB	servir
richement	NOUN	richement
se	PRON	se
fesoit	VERB	faire
,	PUNCT	,
e	CCONJ	et
Tyolet	PROPN	tolir
est	VERB	estre
enz	ADV	ens
entrez	VERB	entrer
si	ADV	si
conme	SCONJ	comme
il	PRON	il
vint	VERB	venir
trestot	DET	trestot
armez	VERB	armer
.	PUNCT	.
A	ADP	a
cheval	NOUN	cheval
vint	VERB	venir
devant	ADP	devant
le	DET	le
dois	NOUN	dois
la	DET	le
ou	CCONJ	ou
seoit	VERB	sëoir
Artur	PROPN	artur
le	DET	le
rois	NOUN	roi
.	PUNCT	.
Onques	ADV	onque
.I.	DET	un
mot	NOUN	mot
ne	ADV	ne
li	DET	le
sonna	VERB	sonner
,	PUNCT	,
ne	ADV	ne
noient	VERB	noiier
ne	ADV	ne
l'	DET	le
aresonna	VERB	aresner
.	PUNCT	.
«	PUNCT	"
Amis	NOUN	ami
,	PUNCT	,
fet	VERB	faire
li	DET	le
rois	NOUN	roi
,	PUNCT	,
descendez	VERB	descendre
,	PUNCT	,
e	CCONJ	et
avec	ADP	avec
nos	PRON	nos
mengier	VERB	mangier
venez	VERB	venir
,	PUNCT	,
si	ADV	si
me	PRON	je
dites	VERB	dire
que	SCONJ	que
vos	PRON	vos
querez	VERB	querre
,	PUNCT	,
qui	PRON	qui
vos	PRON	vos
estes	VERB	estre
,	PUNCT	,
quel	DET	quel
non	NOUN	nom
avez	VERB	avoir
.	PUNCT	.
-	PUNCT	-
Par	ADP	par
foi	NOUN	foi
,	PUNCT	,
fet	VERB	faire
il	PRON	il
,	PUNCT	,
jel	NOUN	je.il
vos	PRON	vos
dirai	VERB	dire
,	PUNCT	,
que	SCONJ	que
ja	ADV	ja
ançois	ADV	ainçois
ne	ADV	ne
mengerai	VERB	mangier
.	PUNCT	.
Rois	NOUN	roi
,	PUNCT	,
j'	PRON	je
ai	VERB	avoir
a	ADP	a
non	NOUN	nom
chevalier	NOUN	chevalier
beste	NOUN	beste
,	PUNCT	,
a	ADP	a
mainte	DET	maint
en	ADP	en
ai	VERB	avoir
trenchié	VERB	trenchier
la	DET	le
teste	NOUN	teste
,	PUNCT	,
e	CCONJ	et
Tyolet	PROPN	tolir
m'	PRON	je
apele	VERB	apeler
l'	DET	le
on	PRON	on
.	PUNCT	.
Molt	ADV	moult
sai	VERB	savoir
bien	NOUN	bien
prendre	VERB	prendre
venoison	NOUN	venoison
.	PUNCT	.
Filz	NOUN	fil
sui	VERB	estre
,	PUNCT	,
biau	ADJ	bel
sire	NOUN	seignor
,	PUNCT	,
s'	DET	soi
il	PRON	il
vos	PRON	vos
plest	NOUN	plaire
,	PUNCT	,
a	ADP	a
la	DET	le
veve	NOUN	veve
de	ADP	de
la	DET	le
forest	NOUN	forest
;	PUNCT	;
a	ADP	a
vos	PRON	vos
m'	PRON	je
envoie	VERB	envoiier
certement	ADV	certement
tot	DET	tot
por	ADP	por
aprendre	VERB	aprendre
afetement	NOUN	afaitement
.	PUNCT	.
Sens	NOUN	sens
voil	NOUN	voloir
aprendre	VERB	aprendre
e	CCONJ	et
cortoisie	NOUN	cortoisie
,	PUNCT	,
savoir	VERB	savoir
voil	NOUN	voloir
de	ADP	de
chevalerie	NOUN	chevalerie
,	PUNCT	,
a	ADP	a
tornoier	NOUN	tornoiier
e	CCONJ	et
a	ADP	a
joster	VERB	joster
,	PUNCT	,
a	ADP	a
despendrë	VERB	despendre
,	PUNCT	,
e	CCONJ	et
a	ADP	a
donner	VERB	donner
.	PUNCT	.
Car	CCONJ	car
ainz	ADV	ainz
ne	ADV	ne
fu	VERB	estre
ja	ADV	ja
cort	NOUN	cort
de	ADP	de
roi	NOUN	roi
,	PUNCT	,
ne	ADV	ne
jamés	NOUN	jame
n'	ADV	ne
iert	VERB	estre
si	ADV	si
con	SCONJ	come
je	PRON	je
croi	NOUN	croire
,	PUNCT	,
ou	CCONJ	ou
tant	ADV	tant
ait	VERB	avoir
bien	NOUN	bien
n'	ADV	ne
afetement	NOUN	afaitement
,	PUNCT	,
cortoisie	NOUN	cortoisie
,	PUNCT	,
n'	ADV	ne
ensaingnement	NOUN	ensemble
.	PUNCT	.
Or	ADV	or
,	PUNCT	,
vos	PRON	vos
ai	VERB	avoir
dit	VERB	dire
ce	PRON	ce
que	SCONJ	que
j'	PRON	je
ai	VERB	avoir
quis	VERB	querre
,	PUNCT	,
rois	NOUN	roi
,	PUNCT	,
or	NOUN	or
me	PRON	je
dites	VERB	dire
vostre	DET	vostre
avis	NOUN	avis
.	PUNCT	.
»	PUNCT	"
Li	DET	le
rois	NOUN	roi
li	DET	le
dit	VERB	dire
:	PUNCT	:
«	PUNCT	"
Dan	NOUN	damnedeu
chevalier	NOUN	chevalier
,	PUNCT	,
je	PRON	je
vos	PRON	vos
retien	NOUN	retenir
,	PUNCT	,
venez	VERB	venir
mengier	VERB	mangier
.	PUNCT	.
-	PUNCT	-
Sire	NOUN	seignor
,	PUNCT	,
fet	VERB	faire
il	PRON	il
,	PUNCT	,
vostre	DET	vostre
merci	NOUN	merci
.	PUNCT	.
»	PUNCT	"
Tyolet	PROPN	tolir
donques	ADV	donc
descendi	VERB	descendre
,	PUNCT	,
de	ADP	de
ses	DET	son
armes	NOUN	arme
s'	DET	soi
est	VERB	estre
desarmé	VERB	desarmer
,	PUNCT	,
si	ADV	si
s'	DET	soi
est	VERB	estre
vestu	VERB	vestir
e	CCONJ	et
afublé	VERB	afubler
de	ADP	de
cote	NOUN	cote
e	CCONJ	et
de	ADP	de
mantel	NOUN	mantel
legier	ADJ	legier
,	PUNCT	,
ses	DET	son
mains	NOUN	main
leve	ADJ	lever
,	PUNCT	,
si	ADV	si
va	VERB	aler
mengier	VERB	mangier
.	PUNCT	.
Atant	ADV	atant
es	ADP.DET	en.le
vos	PRON	vos
une	DET	un
pucele	NOUN	pucele
,	PUNCT	,
une	DET	un
orgueilleuse	NOUN	orgoillose
damoisele	NOUN	damoisele
.	PUNCT	.
De	ADP	de
sa	DET	son
biauté	NOUN	biauté
ne	ADV	ne
voil	NOUN	voloir
parler	VERB	parler
.	PUNCT	.
Onques	ADV	onque
Dido	PROPN	dire
,	PUNCT	,
ce	PRON	ce
m'	PRON	je
est	VERB	estre
a	ADP	a
vis	NOUN	vis
,	PUNCT	,
ne	ADV	ne
Elainne	PROPN	elainne
n'	ADV	ne
ot	VERB	avoir
si	ADV	si
cler	ADJ	clair
vis	NOUN	vis
.	PUNCT	.
Fille	NOUN	fille
au	ADP.DET	a.le
roi	NOUN	roi
de	ADP	de
Logres	PROPN	logres
estoit	VERB	estre
,	PUNCT	,
sor	ADP	sor
.I.	DET	un
blanc	ADJ	blanc
palefroi	NOUN	palefroi
seoit	VERB	sëoir
,	PUNCT	,
.I.	DET	un
blanc	ADJ	blanc
brachet	NOUN	brachet
tries	NOUN	trien
soi	PRON	soi
portoit	VERB	porter
;	PUNCT	;
une	DET	un
sonnete	NOUN	sonnete
d'	ADP	de
or	NOUN	or
avoit	VERB	avoir
pendue	VERB	pendeur
au	ADP.DET	a.le
col	NOUN	col
du	ADP.DET	de.le
blanc	ADJ	blanc
brachet	NOUN	brachet
.	PUNCT	.
Molt	ADV	moult
ot	VERB	avoir
le	DET	le
poil	NOUN	peilli
deugié	NOUN	degueil
e	CCONJ	et
net	CCONJ	naistre
.	PUNCT	.
Tot	DET	tot
a	ADP	a
cheval	NOUN	cheval
en	ADP	en
est	VERB	estre
venue	VERB	venir
devant	ADP	devant
le	DET	le
roi	NOUN	roi
,	PUNCT	,
si	ADV	si
le	DET	le
salue	VERB	salüer
.	PUNCT	.
«	PUNCT	"
Rois	NOUN	roi
Artur	PROPN	artur
,	PUNCT	,
sire	NOUN	seignor
,	PUNCT	,
Dex	PROPN	dieu
te	PRON	tu
saut	VERB	salir
,	PUNCT	,
le	DET	le
tot	DET	tot
poissant	ADJ	poissante
qui	PRON	qui
maint	DET	maint
en	ADP	en
haut	ADJ	haut
.	PUNCT	.
-	PUNCT	-
Bele	ADJ	bel
amie	NOUN	ami
,	PUNCT	,
celui	DET	cel
vos	PRON	vos
gart	VERB	garder
qui	PRON	qui
les	DET	le
bons	ADJ	bon
retient	VERB	retenir
a	ADP	a
sa	DET	son
part	NOUN	part
.	PUNCT	.
-	PUNCT	-
Sire	NOUN	seignor
,	PUNCT	,
je	PRON	je
sui	VERB	estre
une	DET	un
meschine	NOUN	meschin
,	PUNCT	,
fille	NOUN	fille
de	ADP	de
roi	NOUN	roi
e	CCONJ	et
de	ADP	de
roïne	NOUN	röine
,	PUNCT	,
e	CCONJ	et
de	ADP	de
Logres	PROPN	logres
est	VERB	estre
rois	NOUN	roi
mon	DET	mon
pere	NOUN	père
,	PUNCT	,
n'	ADV	ne
ont	VERB	avoir
plus	ADV	plus
enfanz	NOUN	enfant
,	PUNCT	,
li	DET	le
ne	ADV	ne
ma	DET	mon
mere	NOUN	mere
.	PUNCT	.
E	CCONJ	et
si	ADV	si
vos	PRON	vos
mandent	VERB	mander
par	ADP	par
amor	NOUN	amor
,	PUNCT	,
conmë	NOUN	comme
a	ADP	a
roi	NOUN	roi
de	ADP	de
grant	ADJ	grant
valor	NOUN	valor
,	PUNCT	,
s'	DET	soi
il	PRON	il
i	ADV	i
a	ADP	a
de	ADP	de
vos	PRON	vos
chevaliers	NOUN	chevalier
nul	DET	nul
qui	PRON	qui
tant	ADV	tant
soit	VERB	estre
hardiz	ADJ	hardi
ne	ADV	ne
fiers	ADJ	fier
,	PUNCT	,
qui	PRON	qui
le	DET	le
blanc	ADJ	blanc
pié	NOUN	pié
du	ADP.DET	de.le
cerf	NOUN	cerf
tranchast	VERB	trenchier
.	PUNCT	.
Biau	ADJ	bel
sire	NOUN	seignor
,	PUNCT	,
celui	DET	cel
me	PRON	je
donnast	VERB	donner
;	PUNCT	;
icelui	DET	cil
a	ADP	a
seignor	NOUN	seignor
prendroie	VERB	prendre
,	PUNCT	,
de	ADP	de
nul	DET	nul
autre	ADJ	autre
cure	NOUN	cure
n'	ADV	ne
avroie	VERB	avoir
.	PUNCT	.
Ja	ADV	ja
nus	DET	nul
hon	NOUN	homme
n'	ADV	ne
avra	VERB	avoir
m'	PRON	je
amistié	NOUN	amitié
,	PUNCT	,
s'	DET	soi
il	PRON	il
ne	ADV	ne
me	PRON	je
donne	VERB	donner
le	DET	le
blanc	ADJ	blanc
pié	NOUN	pié
du	ADP.DET	de.le
cerf	NOUN	cerf
qui	PRON	qui
est	VERB	estre
e	CCONJ	et
bel	ADJ	bel
e	CCONJ	et
grant	ADJ	grant
,	PUNCT	,
e	CCONJ	et
qui	PRON	qui
tant	ADV	tant
a	ADP	a
le	DET	le
poil	NOUN	peilli
luisant	VERB	luisir
por	ADP	por
poi	NOUN	pöoir
qu'	SCONJ	que
il	PRON	il
ne	ADV	ne
semble	NOUN	sembler
doré	VERB	dorer
;	PUNCT	;
de	ADP	de
.VII.	DET	set
lïons	NOUN	lïon
est	VERB	estre
bien	NOUN	bien
gardé	NOUN	garder
.	PUNCT	.
-	PUNCT	-
Par	ADP	par
foi	NOUN	foi
,	PUNCT	,
fet	VERB	faire
il	PRON	il
rois	NOUN	roi
,	PUNCT	,
vos	PRON	vos
creant	VERB	crëante
que	SCONJ	que
iltel	DET	illuet
soit	VERB	estre
le	DET	le
covenant	NOUN	covenant
que	SCONJ	que
cil	DET	cel
a	ADP	a
fame	NOUN	feme
vos	PRON	vos
avra	VERB	avoir
qui	PRON	qui
le	DET	le
pié	NOUN	pié
du	ADP.DET	de.le
cerf	NOUN	cerf
vos	PRON	vos
donra	VERB	doner
.	PUNCT	.
-	PUNCT	-
E	CCONJ	et
je	PRON	je
,	PUNCT	,
dan	NOUN	dend
rois	NOUN	roi
,	PUNCT	,
si	ADV	si
le	DET	le
creant	VERB	crëante
que	SCONJ	que
iltel	DET	illuet
soit	VERB	estre
le	DET	le
covenant	NOUN	covenant
.	PUNCT	.
»	PUNCT	"
Tel	DET	tel
covenant	NOUN	covenant
ont	VERB	avoir
afermé	VERB	afermer
e	CCONJ	et
entr'	ADP	entre
eus	PRON	au
.II.	DET	deus
bien	NOUN	bien
devisé	NOUN	deviser
.	PUNCT	.
En	ADP	en
la	DET	le
sale	NOUN	sale
n'	ADV	ne
ot	VERB	avoir
chevalier	NOUN	chevalier
qui	PRON	qui
de	ADP	de
rien	NOUN	rien
feïst	VERB	faire
a	ADP	a
prisier	NOUN	prisier
,	PUNCT	,
qui	PRON	qui
ne	ADV	ne
deïst	VERB	dire
que	SCONJ	que
il	PRON	il
iroit	VERB	aler
quere	VERB	querre
le	DET	le
cerf	NOUN	cerf
,	PUNCT	,
s'	DET	soi
il	PRON	il
le	DET	le
savoit	VERB	savoir
.	PUNCT	.
«	PUNCT	"
Cest	DET	cest
brachet	NOUN	brachet
,	PUNCT	,
dist	VERB	dire
el	ADP.DET	en.le
,	PUNCT	,
vos	PRON	vos
menra	VERB	mener
la	DET	le
ou	CCONJ	ou
le	DET	le
cerf	NOUN	cerf
converse	NOUN	converser
e	CCONJ	et
va	VERB	aler
.	PUNCT	.
»	PUNCT	"
Lodoër	PROPN	loder
molt	DET	moult
le	DET	le
covoita	VERB	covoitier
,	PUNCT	,
le	DET	le
cerf	NOUN	cerf
querre	VERB	querre
premiers	ADJ	premier
ala	VERB	aler
.	PUNCT	.
Au	ADP.DET	a.le
roi	NOUN	roi
Artu	PROPN	artu
l'	DET	le
a	ADP	a
demandé	VERB	demander
e	CCONJ	et
il	PRON	il
ne	ADV	ne
li	DET	le
a	ADP	a
pas	NOUN	pas
veé	NOUN	vëoir
.	PUNCT	.
Le	DET	le
brachet	NOUN	brachet
prent	VERB	prendre
,	PUNCT	,
si	ADV	si
est	VERB	estre
montez	VERB	monter
,	PUNCT	,
le	DET	le
pié	NOUN	pié
du	ADP.DET	de.le
cerf	NOUN	cerf
est	VERB	estre
querre	VERB	querre
alez	VERB	aler
.	PUNCT	.
Le	DET	le
brachet	NOUN	brachet
qui	PRON	qui
o	ADP	o
lui	PRON	lui
ala	VERB	aler
,	PUNCT	,
droit	ADJ	droit
a	ADP	a
une	DET	un
eve	NOUN	aigue
le	DET	le
mena	VERB	mener
,	PUNCT	,
qui	PRON	qui
molt	DET	moult
estoit	VERB	estre
e	CCONJ	et
grant	ADJ	grant
e	CCONJ	et
lee	ADJ	lé
e	CCONJ	et
noire	ADJ	noir
e	CCONJ	et
hisdeuse	NOUN	hisdise
e	CCONJ	et
enflee	NOUN	enfeler
,	PUNCT	,
qatre	DET	catre
.C.	DET	cent
toises	NOUN	toise
ot	VERB	avoir
de	ADP	de
lé	NOUN	lé
e	CCONJ	et
bien	NOUN	bien
.C.	DET	cent
de	ADP	de
parfondee	VERB	parfont
.	PUNCT	.
E	CCONJ	et
le	DET	le
brachet	NOUN	brachet
en	ADP	en
l'	DET	le
eve	NOUN	aigue
entra	VERB	entrer
;	PUNCT	;
selonc	ADJ	selonc
son	DET	son
sens	NOUN	sens
tres	ADV	très
bien	NOUN	bien
cuida	VERB	cuidier
,	PUNCT	,
que	SCONJ	que
Lodoër	PROPN	loder
enz	ADV	ens
se	PRON	se
meïst	VERB	metre
,	PUNCT	,
mais	NOUN	mais
de	ADP	de
tot	DET	tot
ce	PRON	ce
noient	VERB	noiier
ne	ADV	ne
fist	VERB	faire
.	PUNCT	.
Il	PRON	il
dit	VERB	dire
que	SCONJ	que
il	PRON	il
n'	ADV	ne
i	ADV	i
enterra	VERB	entrer
,	PUNCT	,
car	CCONJ	car
de	ADP	de
morir	VERB	morir
nul	DET	nul
talent	NOUN	talent
n'	ADV	ne
a	ADP	a
;	PUNCT	;
a	ADP	a
soi	PRON	soi
redit	VERB	redire
a	ADP	a
chief	NOUN	chief
de	ADP	de
pose	NOUN	peser
:	PUNCT	:
«	PUNCT	"
qui	PRON	qui
soi	PRON	soi
nen	NOUN	ne
a	ADP	a
,	PUNCT	,
n'	ADV	ne
a	ADP	a
nule	DET	nul
chose	NOUN	chose
.	PUNCT	.
Bon	ADJ	bon
chastel	NOUN	chastel
garde	NOUN	garde
,	PUNCT	,
ce	PRON	ce
m'	PRON	je
est	VERB	estre
vis	NOUN	vis
,	PUNCT	,
qui	PRON	qui
garde	NOUN	garde
qu'	SCONJ	que
il	PRON	il
ne	ADV	ne
soit	VERB	estre
maumis	VERB	maumetre
.	PUNCT	.
»	PUNCT	"
Dont	PRON	dont
s'	DET	soi
en	ADP	en
est	VERB	estre
li	DET	le
brachez	NOUN	brache
issuz	VERB	issir
,	PUNCT	,
a	ADP	a
Lodoër	PROPN	loder
est	VERB	estre
revenuz	VERB	revenir
,	PUNCT	,
e	CCONJ	et
Lodoër	PROPN	loder
si	ADV	si
s'	DET	soi
en	ADP	en
ala	VERB	aler
e	CCONJ	et
le	DET	le
brachet	NOUN	brachet
tries	NOUN	trien
soi	PRON	soi
porta	VERB	porter
.	PUNCT	.
Droit	ADJ	droit
a	ADP	a
la	DET	le
cort	NOUN	cort
en	ADP	en
vint	VERB	venir
errant	VERB	errer
,	PUNCT	,
ou	CCONJ	ou
li	DET	le
barnages	NOUN	barnage
estoit	VERB	estre
grant	ADJ	grant
,	PUNCT	,
le	DET	le
brachet	NOUN	brachet
rent	VERB	rendre
a	ADP	a
la	DET	le
pucele	NOUN	pucele
,	PUNCT	,
qui	PRON	qui
molt	DET	moult
estoit	VERB	estre
cortoise	ADJ	cortois
e	CCONJ	et
bele	ADJ	bel
.	PUNCT	.
Dont	PRON	dont
li	DET	le
a	ADP	a
li	DET	le
rois	NOUN	roi
demandé	VERB	demander
s'	DET	soi
il	PRON	il
avoit	VERB	avoir
le	DET	le
pié	NOUN	pié
aporté	VERB	aporter
,	PUNCT	,
e	CCONJ	et
Lodoër	PROPN	loder
li	DET	le
respondi	VERB	respondre
qu'	SCONJ	que
encor	ADV	encore
en	ADP	en
ert	VERB	estre
autre	ADJ	autre
escharni	VERB	escharnir
.	PUNCT	.
Dont	PRON	dont
l'	DET	le
ont	VERB	avoir
par	ADP	par
la	DET	le
sale	NOUN	sale
gabé	VERB	gaber
,	PUNCT	,
e	CCONJ	et
il	PRON	il
lor	DET	lor
a	ADP	a
le	DET	le
chief	NOUN	chief
crollé	VERB	croler
,	PUNCT	,
si	ADV	si
lor	DET	lor
a	ADP	a
dit	VERB	dire
que	SCONJ	que
il	PRON	il
alassent	VERB	aler
quere	VERB	querre
le	DET	le
pié	NOUN	pié
,	PUNCT	,
si	ADV	si
l'	DET	le
aportassent	VERB	aporter
.	PUNCT	.
Quere	NOUN	querre
le	DET	le
cerf	NOUN	cerf
molt	DET	moult
i	ADV	i
alerent	VERB	aler
e	CCONJ	et
la	DET	le
pucele	NOUN	pucele
demanderent	VERB	demander
.	PUNCT	.
N'	ADV	ne
en	ADP	en
i	ADV	i
ot	VERB	avoir
nul	DET	nul
qui	PRON	qui
la	DET	le
alast	VERB	aler
q'	SCONJ	que
autretel	ADJ	autretel
chançon	NOUN	chançon
ne	ADV	ne
chantast	VERB	chanter
con	SCONJ	come
Lodïer	PROPN	lodier
chanté	VERB	chanter
avoit	VERB	avoir
,	PUNCT	,
qui	PRON	qui
vaillanz	ADJ	valoir
chevaliers	NOUN	chevalier
estoit	VERB	estre
,	PUNCT	,
fors	ADV	fors
seulement	ADV	seulement
.I.	DET	un
chevalier	NOUN	chevalier
qui	PRON	qui
molt	DET	moult
estoit	VERB	estre
preuz	ADJ	pro
e	CCONJ	et
legier	ADJ	legier
;	PUNCT	;
chevalier	NOUN	chevalier
beste	NOUN	beste
ert	VERB	estre
apelé	VERB	apeler
,	PUNCT	,
e	CCONJ	et
Tyolet	PROPN	tolir
estoit	VERB	estre
nommé	VERB	nommer
.	PUNCT	.
Cil	DET	cel
s'	DET	soi
en	ADP	en
est	VERB	estre
droit	ADJ	droit
au	ADP.DET	a.le
roi	NOUN	roi
alé	VERB	aler
,	PUNCT	,
hastivement	NOUN	hastivement
a	ADP	a
demandé	VERB	demander
que	SCONJ	que
cele	DET	cel
gardee	VERB	garder
li	DET	le
soit	VERB	estre
,	PUNCT	,
que	SCONJ	que
le	DET	le
pié	NOUN	pié
blanc	ADJ	blanc
querrë	VERB	querre
iroit	VERB	aler
.	PUNCT	.
Jamés	PROPN	jamme
,	PUNCT	,
ce	PRON	ce
dit	VERB	dire
,	PUNCT	,
ne	ADV	ne
revendra	VERB	revenir
devant	ADP	devant
ice	PRON	ice
que	SCONJ	que
ill	PRON	il
avra	VERB	avoir
le	DET	le
pié	NOUN	pié
blanc	ADJ	blanc
destre	ADJ	destre
au	ADP.DET	a.le
cerf	NOUN	cerf
trenchié	VERB	trenchier
.	PUNCT	.
Li	DET	le
rois	NOUN	roi
li	DET	le
a	ADP	a
donné	VERB	donner
congié	NOUN	congié
,	PUNCT	,
e	CCONJ	et
Tyolet	PROPN	tolir
s'	DET	soi
est	VERB	estre
adoubé	VERB	adouber
e	CCONJ	et
de	ADP	de
ses	DET	son
armes	NOUN	arme
bien	NOUN	bien
armé	VERB	armer
.	PUNCT	.
A	ADP	a
la	DET	le
pucele	NOUN	pucele
dont	PRON	dont
ala	VERB	aler
,	PUNCT	,
son	DET	son
blanc	ADJ	blanc
brachet	NOUN	brachet
requis	VERB	requerre
li	DET	le
a	ADP	a
.	PUNCT	.
El	ADP.DET	en.le
li	DET	le
a	ADP	a
bonement	NOUN	bonnement
baillié	VERB	baillier
,	PUNCT	,
e	CCONJ	et
il	PRON	il
a	ADP	a
pris	NOUN	prendre
de	ADP	de
li	DET	le
congié	NOUN	congié
.	PUNCT	.
Tant	ADV	tant
ont	VERB	avoir
chevauchié	NOUN	chevauchier
e	CCONJ	et
erré	VERB	errer
que	SCONJ	que
andui	PRON	ambedos
sont	VERB	estre
venu	VERB	venir
au	ADP.DET	a.le
gué	NOUN	gué
,	PUNCT	,
a	ADP	a
la	DET	le
grant	ADJ	grant
eve	NOUN	aigue
ravineuse	NOUN	ravineux
qui	PRON	qui
molt	DET	moult
ert	VERB	estre
parfonde	ADJ	parfont
e	CCONJ	et
hisdeuse	NOUN	hisdise
.	PUNCT	.
Le	DET	le
brachet	NOUN	brachet
s'	DET	soi
est	VERB	estre
en	ADP	en
l'	DET	le
eve	NOUN	aigue
mis	VERB	metre
,	PUNCT	,
outre	ADP	outre
s'	DET	soi
en	ADP	en
vet	VERB	aler
,	PUNCT	,
noant	NOUN	noner
totdis	DET	tot
;	PUNCT	;
aprés	ADP	après
lui	PRON	lui
se	PRON	se
met	VERB	metre
Tyolet	PROPN	tolir
,	PUNCT	,
tant	ADV	tant
a	ADP	a
suï	VERB	sui
le	DET	le
blanc	ADJ	blanc
brachet	NOUN	brachet
sor	ADP	sor
son	DET	son
destrier	NOUN	destrier
sor	ADP	sor
coi	PRON	coi
il	PRON	il
sist	VERB	sëoir
que	SCONJ	que
a	ADP	a
la	DET	le
terre	NOUN	terre
fors	ADV	fors
s'	DET	soi
en	ADP	en
ist	VERB	issir
.	PUNCT	.
Dont	PRON	dont
l'	DET	le
a	ADP	a
le	DET	le
brachet	NOUN	brachet
tant	ADV	tant
mené	VERB	mener
que	SCONJ	que
il	PRON	il
li	DET	le
a	ADP	a
le	DET	le
cerf	NOUN	cerf
moustré	VERB	moustrer
.	PUNCT	.
.VII.	DET	set
granz	ADJ	grant
lïons	NOUN	lïon
le	DET	le
cerf	NOUN	cerf
gardoient	VERB	garder
e	CCONJ	et
de	ADP	de
molt	DET	moult
grand	ADJ	grand
amor	NOUN	amor
l'	DET	le
amoient	VERB	amer
.	PUNCT	.
E	CCONJ	et
Tyolet	PROPN	tolir
garde	NOUN	garde
,	PUNCT	,
sel	NOUN	si.il
voit	VERB	vëoir
enmi	ADP	enmi
.I.	DET	un
pré	NOUN	pré
ou	CCONJ	ou
il	PRON	il
paissoit	VERB	paistre
,	PUNCT	,
n'	ADV	ne
i	ADV	i
avoit	VERB	avoir
nul	DET	nul
des	ADP.DET	de.le
.VII.	DET	set
lïons	NOUN	lïon
.	PUNCT	.
Tyolet	PROPN	tolir
fiert	VERB	ferir
des	ADP.DET	de.le
esperons	NOUN	esperon
,	PUNCT	,
devant	ADP	devant
le	DET	le
cerf	NOUN	cerf
le	DET	le
fet	VERB	faire
aler	VERB	aler
.	PUNCT	.
Tyolet	PROPN	tolir
prent	VERB	prendre
lors	ADV	lors
a	ADP	a
sifler	NOUN	sifler
,	PUNCT	,
e	CCONJ	et
li	DET	le
cers	NOUN	cerf
molt	DET	moult
beninement	ADV	benemint
vers	ADP	vers
Tyolet	PROPN	tolir
vient	VERB	venir
erramment	ADV	errement
.	PUNCT	.
E	CCONJ	et
Tyolet	PROPN	tolir
.II.	DET	deus
fois	NOUN	fois
sifla	NOUN	silat
,	PUNCT	,
li	DET	le
cerf	NOUN	cerf
du	ADP.DET	de.le
tot	DET	tot
donc	ADV	donc
s'	DET	soi
aresta	VERB	arester
.	PUNCT	.
S'	DET	se
espee	NOUN	espee
tret	VERB	traire
isnelement	NOUN	isnelement
,	PUNCT	,
du	ADP.DET	de.le
cerf	NOUN	cerf
le	DET	le
blanc	ADJ	blanc
pié	NOUN	pié
destre	ADJ	destre
prent	VERB	prendre
,	PUNCT	,
par	ADP	par
mi	DET	moi
la	DET	le
jointe	NOUN	joindre
li	DET	le
trencha	VERB	trenchier
,	PUNCT	,
dedenz	ADP	dedenz
sa	DET	son
huese	NOUN	huese
le	DET	le
bouta	VERB	bouter
.	PUNCT	.
Le	DET	le
cerf	NOUN	cerf
cria	VERB	crïer
molt	DET	moult
hautement	NOUN	hautement
,	PUNCT	,
e	CCONJ	et
li	DET	le
lïon	NOUN	lïon
tout	DET	tout
erroment	ADV	erronte
grant	ADJ	grant
aleüre	NOUN	alëure
i	ADV	i
sont	VERB	estre
venu	VERB	venir
,	PUNCT	,
Tyolet	PROPN	tolir
ont	VERB	avoir
aparceü	VERB	apercevoir
.	PUNCT	.
Uns	DET	un
des	ADP.DET	de.le
lïons	NOUN	lïon
a	ADP	a
si	ADV	si
navré	VERB	navrer
le	DET	le
cheval	NOUN	cheval
ou	CCONJ	ou
il	PRON	il
sist	VERB	sëoir
armé	VERB	armer
que	SCONJ	que
la	DET	le
destre	ADJ	destre
espaule	NOUN	espaule
devant	ADP	devant
e	CCONJ	et
cuir	NOUN	cuir
e	CCONJ	et
char	NOUN	char
en	ADP	en
va	VERB	aler
portant	VERB	porter
.	PUNCT	.
Qant	SCONJ	cant
Tyolet	PROPN	tolir
a	ADP	a
ce	PRON	ce
veü	VERB	vëoir
,	PUNCT	,
.I.	DET	un
des	ADP.DET	de.le
lions	NOUN	lïon
a	ADP	a
si	ADV	si
feru	VERB	ferir
de	ADP	de
l'	DET	le
espee	NOUN	espee
que	SCONJ	que
il	PRON	il
porta	VERB	porter
,	PUNCT	,
que	SCONJ	que
les	DET	le
ners	NOUN	nerf
du	ADP.DET	de.le
piz	NOUN	piz
li	DET	le
trencha	VERB	trenchier
:	PUNCT	:
de	ADP	de
ce	PRON	ce
lion	NOUN	lïon
n'	ADV	ne
ot	VERB	avoir
il	PRON	il
plus	ADV	plus
guerre	NOUN	guerre
.	PUNCT	.
Son	DET	son
cheval	NOUN	cheval
chiet	VERB	chëoir
soz	ADP	soz
lui	PRON	lui
a	ADP	a
terre	NOUN	terre
,	PUNCT	,
donques	ADV	donc
Tyolet	PROPN	tolir
le	DET	le
guerpi	VERB	guerpir
e	CCONJ	et
li	DET	le
lïon	NOUN	lïon
l'	DET	le
ont	VERB	avoir
assailli	VERB	assalir
.	PUNCT	.
De	ADP	de
totes	DET	tot
parz	NOUN	part
assailli	VERB	assalir
l'	DET	le
ont	VERB	avoir
son	DET	son
bon	ADJ	bon
hauberc	NOUN	hauberc
rompu	VERB	rompre
li	DET	le
ont	VERB	avoir
,	PUNCT	,
la	DET	le
char	NOUN	char
des	ADP.DET	de.le
braz	NOUN	braz
e	CCONJ	et
des	ADP.DET	de.le
costez	NOUN	côté
en	ADP	en
plusors	DET	plusor
leus	NOUN	lieu
est	VERB	estre
si	ADV	si
navrez	VERB	navrer
a	ADP	a
poi	NOUN	pöoir
que	SCONJ	que
il	PRON	il
nel	ADV.PRON	ne.il
devoroient	VERB	devoir
;	PUNCT	;
tote	DET	tot
la	DET	le
char	NOUN	char
li	DET	le
desciroient	VERB	descricier
,	PUNCT	,
mes	DET	mais
il	PRON	il
les	DET	le
a	ADP	a
trestoz	DET	trestot
tuez	ADJ	tier
;	PUNCT	;
a	ADP	a
poi	NOUN	pöoir
ne	ADV	ne
s'	DET	soi
en	ADP	en
est	VERB	estre
delivrez	ADJ	delivrer
.	PUNCT	.
Dejoste	NOUN	desjoter
les	DET	le
lïons	NOUN	lïon
chaï	VERB	chëoir
qui	PRON	qui
malement	ADV	malement
l'	DET	le
orent	VERB	avoir
bailli	VERB	baillie
,	PUNCT	,
e	CCONJ	et
de	ADP	de
son	DET	son
cors	NOUN	cors
si	ADV	si
domagié	VERB	damagier
;	PUNCT	;
ja	ADV	ja
par	ADP	par
li	DET	le
n'	ADV	ne
ert	VERB	estre
mes	DET	mais
redrecié	VERB	redrecier
.	PUNCT	.
Es	ADP.DET	en.le
vos	PRON	vos
errant	VERB	errer
.I.	DET	un
chevalier	NOUN	chevalier
e	CCONJ	et
sist	VERB	sëoir
sor	ADP	sor
.I.	DET	un
ferrant	NOUN	ferrant
destrier	NOUN	destrier
.	PUNCT	.
Arestut	PROPN	aresture
soi	PRON	soi
,	PUNCT	,
si	ADV	si
resgarda	VERB	resardre
,	PUNCT	,
molt	DET	moult
par	ADP	par
le	DET	le
plaint	ADJ	plaindre
e	CCONJ	et
regreta	VERB	regretter
.	PUNCT	.
E	CCONJ	et
Tyolet	PROPN	tolir
les	DET	le
eulz	PRON	eux
ouvri	VERB	ouvrir
,	PUNCT	,
qui	PRON	qui
du	ADP.DET	de.le
travail	NOUN	travail
ert	VERB	estre
endormi	VERB	endormir
,	PUNCT	,
s'	DET	soi
aventure	NOUN	aventure
li	DET	le
a	ADP	a
contee	VERB	conter
,	PUNCT	,
e	CCONJ	et
de	ADP	de
chief	NOUN	chief
en	ADP	en
chief	NOUN	chief
racontee	VERB	raconter
;	PUNCT	;
de	ADP	de
sa	DET	son
huese	NOUN	huese
le	DET	le
pié	NOUN	pié
sacha	VERB	savoir
,	PUNCT	,
e	CCONJ	et
au	ADP.DET	a.le
chevalier	NOUN	chevalier
le	DET	le
bailla	VERB	bailler
.	PUNCT	.
E	CCONJ	et
cil	DET	cel
l'	DET	le
en	ADP	en
a	ADP	a
molt	DET	moult
mercïé	VERB	mercïer
car	CCONJ	car
le	DET	le
pié	NOUN	pié
a	ADP	a
forment	ADV	forment
amé	NOUN	aimer
,	PUNCT	,
de	ADP	de
lui	PRON	lui
prent	VERB	prendre
congié	NOUN	congié
,	PUNCT	,
si	ADV	si
s'	DET	soi
en	ADP	en
va	VERB	aler
.	PUNCT	.
En	ADP	en
la	DET	le
voie	NOUN	voie
se	PRON	se
porpensa	VERB	porpenser
que	SCONJ	que
se	PRON	se
le	DET	le
chevalier	NOUN	chevalier
vivoit	VERB	vivre
qui	PRON	qui
le	DET	le
pié	NOUN	pié
donné	VERB	donner
li	DET	le
avoit	VERB	avoir
se	PRON	se
il	PRON	il
ne	ADV	ne
s'	DET	soi
en	ADP	en
voloit	VERB	voloir
fuir	NOUN	fuir
,	PUNCT	,
que	SCONJ	que
mal	NOUN	mal
l'	DET	le
em	ADP	en
porroit	VERB	pöoir
avenir	VERB	avenir
.	PUNCT	.
Ariere	PROPN	arrière
torne	NOUN	torner
maintenant	ADV	maintenant
.	PUNCT	.
En	ADP	en
pensé	NOUN	penser
a	ADP	a
,	PUNCT	,
e	CCONJ	et
en	ADP	en
talent	NOUN	talent
que	SCONJ	que
le	DET	le
chevalier	NOUN	chevalier
ocirra	VERB	ocire
,	PUNCT	,
jamés	NOUN	jame
ne	ADV	ne
li	DET	le
chalangera	VERB	chalonger
.	PUNCT	.
Par	ADP	par
mi	DET	moi
le	DET	le
cors	NOUN	cors
bien	NOUN	bien
l'	DET	le
asena	VERB	assener
-	PUNCT	-
de	ADP	de
cele	DET	cel
plaie	NOUN	plaie
bien	NOUN	bien
garra	VERB	garir
-	PUNCT	-
bien	NOUN	bien
le	DET	le
cuida	VERB	cuidier
avoir	VERB	avoir
ocis	VERB	ocire
,	PUNCT	,
atant	VERB	atendre
s'	DET	soi
est	VERB	estre
a	ADP	a
la	DET	le
voie	NOUN	voie
mis	VERB	metre
.	PUNCT	.
Tant	ADV	tant
a	ADP	a
son	DET	son
droit	ADJ	droit
chemin	NOUN	chemin
tenu	VERB	tenir
Q'	SCONJ	que
a	ADP	a
la	DET	le
cort	NOUN	cort
le	DET	le
roi	NOUN	roi
est	VERB	estre
venu	VERB	venir
.	PUNCT	.
La	DET	le
pucele	NOUN	pucele
au	ADP.DET	a.le
roi	NOUN	roi
demanda	VERB	demander
,	PUNCT	,
le	DET	le
blanc	ADJ	blanc
pié	NOUN	pié
du	ADP.DET	de.le
cerf	NOUN	cerf
li	DET	le
mostra	VERB	mostrer
;	PUNCT	;
mes	DET	mais
il	PRON	il
n'	ADV	ne
ot	VERB	avoir
pas	NOUN	pas
le	DET	le
blanc	ADJ	blanc
brachet	NOUN	brachet
qui	PRON	qui
au	ADP.DET	a.le
cerf	NOUN	cerf
conduit	NOUN	conduit
Tyolet	PROPN	tolir
:	PUNCT	:
bien	NOUN	bien
le	DET	le
garda	VERB	garder
e	CCONJ	et
main	NOUN	main
e	CCONJ	et
soir	NOUN	soir
;	PUNCT	;
mes	DET	mais
de	ADP	de
ce	PRON	ce
ne	ADV	ne
puet	VERB	pöoir
il	PRON	il
chaloir	NOUN	chaloir
.	PUNCT	.
Cil	DET	cel
qui	PRON	qui
le	DET	le
pié	NOUN	pié
ot	VERB	avoir
aporté	VERB	aporter
,	PUNCT	,
qui	PRON	qui
que	SCONJ	que
l'	DET	le
eüst	VERB	avoir
au	ADP.DET	a.le
cerf	NOUN	cerf
coupé	NOUN	couper
par	ADP	par
covenant	NOUN	covenant
velt	VERB	velte
la	DET	le
pucele	NOUN	pucele
qui	PRON	qui
tant	ADV	tant
par	ADP	par
est	VERB	estre
e	CCONJ	et
noble	ADJ	noble
e	CCONJ	et
bele	ADJ	bel
.	PUNCT	.
Mes	CCONJ	mais
li	DET	le
rois	NOUN	roi
qui	PRON	qui
tant	ADV	tant
sages	ADJ	sage
fu	VERB	estre
,	PUNCT	,
por	ADP	por
Tyolet	PROPN	tolir
qui	PRON	qui
n'	ADV	ne
ert	VERB	estre
venu	VERB	venir
,	PUNCT	,
respit	NOUN	respit
d'	ADP	de
uit	NOUN	avoir
jors	NOUN	jour
li	DET	le
demanda	VERB	demander
;	PUNCT	;
adonc	ADV	adonc
sa	DET	son
cort	NOUN	cort
assemblera	VERB	assemblée
.	PUNCT	.
N'	ADV	ne
i	ADV	i
avoit	VERB	avoir
or	NOUN	or
fors	ADV	fors
sa	DET	son
mesniee	NOUN	maisniee
qui	PRON	qui
molt	DET	moult
ert	VERB	estre
franche	ADJ	france
e	CCONJ	et
enseingniee	ADJ	enseigne
.	PUNCT	.
Dont	PRON	dont
a	ADP	a
cil	DET	cel
le	DET	le
respit	NOUN	respit
donné	VERB	donner
e	CCONJ	et
en	ADP	en
la	DET	le
cort	NOUN	cort
tant	ADV	tant
sejorné	VERB	sejorner
.	PUNCT	.
Mes	CCONJ	mais
Gauvains	PROPN	gauvain
,	PUNCT	,
qui	PRON	qui
tant	ADV	tant
fu	VERB	estre
cortois	ADJ	cortois
e	CCONJ	et
bien	NOUN	bien
apris	VERB	aprendre
en	ADP	en
toutes	DET	tout
lois	NOUN	loi
,	PUNCT	,
est	VERB	estre
alé	VERB	aler
querre	VERB	querre
Tyolet	PROPN	tolir
,	PUNCT	,
car	CCONJ	car
repairié	VERB	repairier
fu	VERB	estre
le	DET	le
brachet	NOUN	brachet
,	PUNCT	,
e	CCONJ	et
il	PRON	il
l'	DET	le
a	ADP	a
avec	ADP	avec
lui	PRON	lui
mené	VERB	mener
.	PUNCT	.
Tost	DET	tost
le	DET	le
brachet	NOUN	brachet
l'	DET	le
a	ADP	a
amené	VERB	amener
qu'	SCONJ	que
il	PRON	il
l'	DET	le
a	ADP	a
trové	VERB	trover
en	ADP	en
pasmoisons	NOUN	pasmoisson
el	ADP.DET	en.le
pré	NOUN	pré
dejoste	VERB	dejoste
les	DET	le
lïons	NOUN	lïon
.	PUNCT	.
Qant	SCONJ	cant
Gauvains	PROPN	gauvain
le	DET	le
chevalier	NOUN	chevalier
voit	VERB	vëoir
e	CCONJ	et
l'	DET	le
ocise	VERB	ocire
que	SCONJ	que
fet	VERB	faire
avoit	VERB	avoir
,	PUNCT	,
molt	DET	moult
plaint	ADJ	plaindre
le	DET	le
vaillant	ADJ	valoir
chevalier	NOUN	chevalier
.	PUNCT	.
Semprés	ADP	semprer
descent	VERB	descendre
de	ADP	de
son	DET	son
destrier	NOUN	destrier
,	PUNCT	,
molt	DET	moult
doucement	NOUN	doucement
l'	DET	le
aresonna	VERB	aresner
.	PUNCT	.
Tyolet	PROPN	tolir
foiblement	ADV	foiblement
parla	VERB	parler
e	CCONJ	et
,	PUNCT	,
neporqant	ADV	neporcant
,	PUNCT	,
de	ADP	de
s'	DET	soi
aventure	NOUN	aventure
li	DET	le
a	ADP	a
conté	VERB	conter
toute	DET	tout
la	DET	le
pure	NOUN	pour
.	PUNCT	.
Atant	ADV	atant
es	ADP.DET	en.le
vos	PRON	vos
une	DET	un
pucele	NOUN	pucele
sor	ADP	sor
une	DET	un
mule	NOUN	mule
gente	ADJ	gent
e	CCONJ	et
bele	ADJ	bel
.	PUNCT	.
Gauvain	PROPN	gauvain
gentement	NOUN	gentement
salua	VERB	salüer
,	PUNCT	,
e	CCONJ	et
Gauvains	PROPN	gauvain
bien	NOUN	bien
rendu	VERB	rendre
li	DET	le
a	ADP	a
,	PUNCT	,
e	CCONJ	et
puis	NOUN	puis
l'	DET	le
a	ADP	a
a	ADP	a
soi	PRON	soi
apelee	VERB	apeler
,	PUNCT	,
estroitement	NOUN	estroitier
l'	DET	le
a	ADP	a
acolee	VERB	acoler
,	PUNCT	,
si	ADV	si
li	DET	le
prie	VERB	priier
molt	DET	moult
doucement	NOUN	doucement
e	CCONJ	et
molt	DET	moult
tres	ADV	très
amiablement	NOUN	ambayement
qu'	SCONJ	que
ele	PRON	il
portast	VERB	porter
cel	DET	cel
chevalier	NOUN	chevalier
qui	PRON	qui
molt	DET	moult
par	ADP	par
fesoit	VERB	faire
a	ADP	a
proisíer	VERB	prisoisser
,	PUNCT	,
a	ADP	a
la	DET	le
noire	ADJ	noir
montaingne	NOUN	montaigne
au	ADP.DET	a.le
miere	NOUN	mier
.	PUNCT	.
E	CCONJ	et
cele	DET	cel
a	ADP	a
fete	VERB	faire
sa	DET	son
proiere	NOUN	priiere
;	PUNCT	;
le	DET	le
chevalier	NOUN	chevalier
en	ADP	en
a	ADP	a
porté	NOUN	porter
e	CCONJ	et
au	ADP.DET	a.le
mire	NOUN	mire
l'	DET	le
a	ADP	a
conmandé	VERB	commander
.	PUNCT	.
De	ADP	de
par	ADP	par
Gauvain	PROPN	gauvain
li	DET	le
conmanda	VERB	commander
,	PUNCT	,
cil	DET	cel
volentiers	ADV	volentiers
receü	NOUN	recevoir
l'	DET	le
a	ADP	a
.	PUNCT	.
De	ADP	de
ses	DET	son
armes	NOUN	arme
l'	DET	le
a	ADP	a
despoillié	VERB	despelir
,	PUNCT	,
sor	ADP	sor
une	DET	un
table	NOUN	table
l'	DET	le
a	ADP	a
couchié	VERB	couchier
,	PUNCT	,
e	CCONJ	et
ses	DET	son
plaies	NOUN	plaie
li	DET	le
a	ADP	a
lavees	VERB	laver
qui	PRON	qui
molt	DET	moult
erent	VERB	estre
ensanglentees	NOUN	ensanglente
.	PUNCT	.
Qant	SCONJ	cant
il	PRON	il
l'	DET	le
a	ADP	a
par	ADP	par
trestout	DET	trestot
curé	VERB	corir
,	PUNCT	,
le	DET	le
sanc	NOUN	sanc
fegié	VERB	ferge
d'	ADP	de
entor	ADP	entor
osté	VERB	ôter
,	PUNCT	,
bien	NOUN	bien
a	ADP	a
veu	VERB	voir
que	SCONJ	que
il	PRON	il
garroit	VERB	garir
,	PUNCT	,
au	ADP.DET	a.le
chief	NOUN	chief
d'	ADP	de
un	DET	un
mois	NOUN	mois
tot	DET	tot
sain	ADJ	sain
seroit	VERB	estre
.	PUNCT	.
Entretant	VERB	entretendre
fu	VERB	estre
Gauvains	PROPN	gauvain
venu	VERB	venir
e	CCONJ	et
en	ADP	en
la	DET	le
sale	NOUN	sale
descendu	VERB	descendre
.	PUNCT	.
Le	DET	le
chevalier	NOUN	chevalier
i	ADV	i
a	ADP	a
trouvé	VERB	trouver
qui	PRON	qui
le	DET	le
blanc	ADJ	blanc
pié	NOUN	pié
ot	VERB	avoir
aporté	VERB	aporter
.	PUNCT	.
Tant	ADV	tant
s'	DET	soi
est	VERB	estre
en	ADP	en
la	DET	le
cort	NOUN	cort
demorez	VERB	demorer
que	SCONJ	que
les	DET	le
vuit	VERB	voloir
jors	NOUN	jour
sont	VERB	estre
trespassez	VERB	trespasser
.	PUNCT	.
Dont	PRON	dont
vint	VERB	venir
au	ADP.DET	a.le
roi	NOUN	roi
,	PUNCT	,
su	NOUN	su
salua	VERB	salüer
,	PUNCT	,
son	DET	son
covenant	NOUN	covenant
li	DET	le
demanda	VERB	demander
que	SCONJ	que
la	DET	le
pucele	NOUN	pucele
ot	VERB	avoir
devisé	NOUN	deviser
e	CCONJ	et
il	PRON	il
endroit	NOUN	endroit
soi	PRON	soi
creanté	VERB	crëanter
,	PUNCT	,
qui	PRON	qui
que	SCONJ	que
le	DET	le
blanc	ADJ	blanc
pié	NOUN	pié
li	DET	le
donroit	VERB	doner
que	SCONJ	que
ele	PRON	il
a	ADP	a
seignor	NOUN	seignor
le	DET	le
prendroit	VERB	prendre
.	PUNCT	.
Li	DET	le
rois	NOUN	roi
dist	VERB	dire
:	PUNCT	:
«	PUNCT	"
Ce	PRON	ce
est	VERB	estre
verité	NOUN	vérité
.	PUNCT	.
»	PUNCT	"
Qant	SCONJ	cant
Gauvains	PROPN	gauvain
ot	VERB	avoir
tot	DET	tot
escouté	NOUN	escouter
,	PUNCT	,
eneslepas	VERB	enseler
avant	ADV	avant
sailli	VERB	salir
,	PUNCT	,
e	CCONJ	et
dist	VERB	dire
au	ADP.DET	a.le
roi	NOUN	roi
:	PUNCT	:
«	PUNCT	"
N'	ADV	ne
est	VERB	estre
pas	NOUN	pas
ainsi	ADV	ainsi
.	PUNCT	.
Se	SCONJ	se
por	ADP	por
ce	PRON	ce
non	NOUN	nom
que	SCONJ	que
je	PRON	je
ne	ADV	ne
doi	NOUN	devoir
ci	ADV	ci
,	PUNCT	,
devant	ADP	devant
vos	PRON	vos
qui	PRON	qui
estes	VERB	estre
roi	NOUN	roi
,	PUNCT	,
desmentir	VERB	desemprent
onques	ADV	onque
chevalier	NOUN	chevalier
,	PUNCT	,
serjant	NOUN	serjant
,	PUNCT	,
garçon	NOUN	garçon
ne	ADV	ne
escuier	NOUN	escuier
,	PUNCT	,
je	PRON	je
deïsse	VERB	dire
qu'	SCONJ	que
il	PRON	il
mespreïst	VERB	mesprendre
;	PUNCT	;
n'	ADV	ne
onques	ADV	onque
du	ADP.DET	de.le
cerf	NOUN	cerf
le	DET	le
pié	NOUN	pié
ne	ADV	ne
prist	VERB	prendre
en	ADP	en
la	DET	le
maniere	NOUN	manière
que	SCONJ	que
il	PRON	il
conte	NOUN	comte
.	PUNCT	.
Molt	ADV	moult
fet	VERB	faire
au	ADP.DET	a.le
chevalier	NOUN	chevalier
grant	ADJ	grant
honte	NOUN	honte
qui	PRON	qui
d'	ADP	de
autrui	PRON	autrui
fet	VERB	faire
se	PRON	se
velt	VERB	velte
loer	VERB	lore
e	CCONJ	et
autrui	PRON	autrui
mantel	NOUN	mantel
afubler	VERB	afubler
e	CCONJ	et
d'	ADP	de
autrui	PRON	autrui
bouzon	NOUN	bouzon
velt	VERB	velte
bien	NOUN	bien
trere	VERB	traire
e	CCONJ	et
loer	VERB	lore
soi	PRON	soi
d'	ADP	de
autrui	PRON	autrui
afere	NOUN	afaire
e	CCONJ	et
par	ADP	par
autrui	PRON	autrui
main	NOUN	main
velt	VERB	velte
joster	VERB	joster
e	CCONJ	et
hors	ADV	hors
du	ADP.DET	de.le
buisson	NOUN	buisson
velt	VERB	velte
trainer	VERB	traine
le	DET	le
serpent	VERB	serpent
qui	PRON	qui
tant	ADV	tant
est	VERB	estre
cremu	VERB	creme
.	PUNCT	.
Or	ADV	or
,	PUNCT	,
si	ADV	si
n'	ADV	ne
i	ADV	i
sera	VERB	estre
ja	ADV	ja
veü	VERB	vëoir
ce	PRON	ce
que	SCONJ	que
vos	PRON	vos
dites	VERB	dire
rien	NOUN	rien
ne	ADV	ne
vaut	VERB	valoir
.	PUNCT	.
Aillors	PROPN	aillors
ferez	VERB	faire
vostrë	DET	vostre
assaut	NOUN	assaut
,	PUNCT	,
aillors	ADV	aillors
porchacier	VERB	porchacier
vos	PRON	vos
irez	NOUN	aler
,	PUNCT	,
la	DET	le
pucele	NOUN	pucele
n'	ADV	ne
emporterez	VERB	emporter
.	PUNCT	.
-	PUNCT	-
Par	ADP	par
foi	NOUN	foi
,	PUNCT	,
fet	VERB	faire
il	PRON	il
,	PUNCT	,
Sire	NOUN	seignor
Gauvain	PROPN	gauvain
,	PUNCT	,
or	NOUN	or
me	PRON	je
tenez	VERB	tenir
vos	PRON	vos
por	ADP	por
vilain	ADJ	vilain
qui	PRON	qui
me	PRON	je
dites	VERB	dire
que	SCONJ	que
n'	ADV	ne
os	DET	oser
porter	VERB	porter
ma	DET	mon
lance	NOUN	lance
en	ADP	en
estor	NOUN	estor
por	ADP	por
joster	VERB	joster
,	PUNCT	,
bien	NOUN	bien
sai	VERB	savoir
trere	VERB	traire
d'	ADP	de
autrui	PRON	autrui
bouzon	NOUN	bouzon
e	CCONJ	et
par	ADP	par
autrui	PRON	autrui
main	NOUN	main
du	ADP.DET	de.le
buisson	NOUN	buisson
le	DET	le
serpent	VERB	serpent
trere	VERB	traire
q'	SCONJ	que
avez	VERB	avoir
dit	VERB	dire
?	PUNCT	?
N'	ADV	ne
est	VERB	estre
nul	DET	nul
,	PUNCT	,
si	ADV	si
con	SCONJ	come
je	PRON	je
croi	NOUN	croire
e	CCONJ	et
cuit	VERB	cuidier
,	PUNCT	,
se	PRON	se
vers	ADP	vers
moi	PRON	je
le	DET	le
voloit	VERB	voloir
prover	VERB	prover
qu'	SCONJ	que
en	ADP	en
champ	NOUN	champ
ne	ADV	ne
m'	PRON	je
en	ADP	en
peüst	VERB	pauvoir
trover	VERB	trover
.	PUNCT	.
»	PUNCT	"
En	ADP	en
ce	PRON	ce
qu'	SCONJ	que
en	ADP	en
cel	DET	cel
estrif	NOUN	estrif
estoient	VERB	estre
,	PUNCT	,
par	ADP	par
la	DET	le
sale	NOUN	sale
gardent	NOUN	garder
,	PUNCT	,
si	ADV	si
voient	VERB	vëoir
Tyolet	PROPN	tolir
,	PUNCT	,
qui	PRON	qui
estoit	VERB	estre
venu	VERB	venir
e	CCONJ	et
hors	ADV	hors
au	ADP.DET	a.le
perron	NOUN	perron
descendu	VERB	descendre
.	PUNCT	.
Li	DET	le
rois	NOUN	roi
contre	ADP	contre
lui	PRON	lui
s'	DET	soi
est	VERB	estre
levez	VERB	lever
,	PUNCT	,
ses	DET	son
braz	NOUN	braz
li	DET	le
a	ADP	a
au	ADP.DET	a.le
col	NOUN	col
getez	VERB	jeter
,	PUNCT	,
puis	NOUN	puis
le	DET	le
baise	VERB	baiser
par	ADP	par
grant	ADJ	grant
amor	NOUN	amor
.	PUNCT	.
Cil	DET	cel
l'	DET	le
encline	VERB	encliner
conme	SCONJ	comme
a	ADP	a
seignor	NOUN	seignor
.	PUNCT	.
Gauvains	PROPN	gauvain
le	DET	le
baise	VERB	baiser
,	PUNCT	,
e	CCONJ	et
Uriain	PROPN	aurinir
,	PUNCT	,
Keu	PROPN	keu
,	PUNCT	,
e	CCONJ	et
Evain	PROPN	avein
,	PUNCT	,
le	DET	le
filz	NOUN	fil
Morgain	PROPN	moragi
,	PUNCT	,
e	CCONJ	et
Lodoier	PROPN	loder
l'	DET	le
ala	VERB	aler
besier	VERB	baisier
e	CCONJ	et
tuit	DET	tot
li	DET	le
autre	ADJ	autre
chevalier	NOUN	chevalier
.	PUNCT	.
Li	DET	le
chevaliers	NOUN	chevalier
,	PUNCT	,
qant	SCONJ	cant
il	PRON	il
ce	PRON	ce
voit	VERB	vëoir
,	PUNCT	,
qui	PRON	qui
la	DET	le
pucele	NOUN	pucele
avoir	VERB	avoir
voloit	VERB	voloir
par	ADP	par
le	DET	le
pié	NOUN	pié
qu'	SCONJ	que
il	PRON	il
ot	VERB	avoir
aporté	VERB	aporter
que	SCONJ	que
Tyolet	PROPN	tolir
li	DET	le
ot	VERB	avoir
donné	VERB	donner
,	PUNCT	,
au	ADP.DET	a.le
roi	NOUN	roi
Artur	PROPN	artur
dont	PRON	dont
reparla	VERB	reparler
e	CCONJ	et
sa	DET	son
requeste	NOUN	requête
demanda	VERB	demander
.	PUNCT	.
Mes	CCONJ	mais
Tyolet	PROPN	tolir
,	PUNCT	,
qant	SCONJ	cant
il	PRON	il
ce	PRON	ce
sot	VERB	savoir
que	SCONJ	que
la	DET	le
pucele	NOUN	pucele
demandot	VERB	demander
,	PUNCT	,
a	ADP	a
lui	PRON	lui
parla	VERB	parler
molt	DET	moult
doucement	NOUN	doucement
,	PUNCT	,
e	CCONJ	et
li	DET	le
demanda	VERB	demander
benement	NOUN	benëer
:	PUNCT	:
«	PUNCT	"
Dan	NOUN	damnedeu
chevaliers	NOUN	chevalier
,	PUNCT	,
dites	VERB	dire
le	DET	le
moi	PRON	je
,	PUNCT	,
tant	ADV	tant
conme	SCONJ	comme
estes	VERB	estre
devant	ADP	devant
le	DET	le
roi	NOUN	roi
,	PUNCT	,
par	ADP	par
quel	DET	quel
reson	NOUN	reson
volez	VERB	voloir
avoir	VERB	avoir
la	DET	le
pucele	NOUN	pucele
,	PUNCT	,
je	PRON	je
voil	NOUN	voloir
savoir	VERB	savoir
.	PUNCT	.
-	PUNCT	-
Par	ADP	par
foi	NOUN	foi
,	PUNCT	,
fet	VERB	faire
il	PRON	il
,	PUNCT	,
je	PRON	je
vos	PRON	vos
dirai	VERB	dire
:	PUNCT	:
por	ADP	por
ce	PRON	ce
que	SCONJ	que
aporté	VERB	aporter
li	DET	le
ai	VERB	avoir
le	DET	le
blanc	ADJ	blanc
pié	NOUN	pié
du	ADP.DET	de.le
cerf	NOUN	cerf
sejorné	VERB	sejorner
;	PUNCT	;
li	DET	le
rois	NOUN	roi
e	CCONJ	et
li	DET	le
l'	DET	le
ont	VERB	avoir
creanté	VERB	crëanter
.	PUNCT	.
-	PUNCT	-
Trenchastes	PROPN	trenchier
vos	PRON	vos
au	ADP.DET	a.le
cerf	NOUN	cerf
le	DET	le
pié	NOUN	pié
?	PUNCT	?
Se	SCONJ	se
ce	PRON	ce
est	VERB	estre
voir	ADJ	voir
,	PUNCT	,
ne	ADV	ne
soit	VERB	estre
noié	VERB	noiier
.	PUNCT	.
-	PUNCT	-
Ouïl	ADJ	ouïr
,	PUNCT	,
fet	VERB	faire
il	PRON	il
,	PUNCT	,
je	PRON	je
l'	DET	le
i	ADV	i
trenchai	VERB	trenchier
e	CCONJ	et
ici	ADV	ici
o	ADP	o
moi	PRON	je
l'	DET	le
aportai	VERB	aporter
.	PUNCT	.
-	PUNCT	-
E	CCONJ	et
les	DET	le
.VII.	DET	set
lïons	NOUN	lïon
qui	PRON	qui
ocist	VERB	ocire
?	PUNCT	?
»	PUNCT	"
Cil	DET	cel
l'	DET	le
esgarda	VERB	esgarder
,	PUNCT	,
nul	DET	nul
mot	NOUN	mot
ne	ADV	ne
dit	VERB	dire
,	PUNCT	,
ainz	ADV	ainz
rogi	NOUN	rogir
molt	DET	moult
e	CCONJ	et
eschaufa	VERB	échauffer
,	PUNCT	,
e	CCONJ	et
Tyolet	PROPN	tolir
dont	PRON	dont
reparla	VERB	reparler
.	PUNCT	.
«	PUNCT	"
Dan	NOUN	damnedeu
chevalier	NOUN	chevalier
,	PUNCT	,
e	CCONJ	et
cil	DET	cel
,	PUNCT	,
qui	PRON	qui
fu	VERB	estre
,	PUNCT	,
qui	PRON	qui
de	ADP	de
l'	DET	le
espee	NOUN	espee
fu	VERB	estre
feru	VERB	ferir
,	PUNCT	,
e	CCONJ	et
qui	PRON	qui
fu	VERB	estre
cil	DET	cel
qui	PRON	qui
l'	DET	le
en	ADP	en
feri	VERB	ferir
?	PUNCT	?
Dites	VERB	dire
le	DET	le
moi	PRON	je
,	PUNCT	,
vostre	DET	vostre
merci	NOUN	merci
.	PUNCT	.
Ce	PRON	ce
m'	PRON	je
est	VERB	estre
a	ADP	a
vis	NOUN	vis
,	PUNCT	,
ce	PRON	ce
fustes	NOUN	estre
vos	PRON	vos
.	PUNCT	.
»	PUNCT	"
Cil	DET	cel
s'	DET	soi
embroncha	VERB	embronchier
,	PUNCT	,
molt	DET	moult
fu	VERB	estre
hontos	NOUN	hontos
.	PUNCT	.
«	PUNCT	"
Mes	CCONJ	mais
ce	PRON	ce
fu	VERB	estre
de	ADP	de
bien	NOUN	bien
fet	VERB	faire
col	NOUN	col
fret	VERB	fraindre
qant	SCONJ	cant
vos	PRON	vos
feïstes	VERB	faire
tel	DET	tel
forfet	NOUN	forfait
.	PUNCT	.
Bonement	PROPN	bonnement
donné	VERB	donner
vos	PRON	vos
avoie	VERB	avoir
le	DET	le
pié	NOUN	pié
q'	SCONJ	que
au	ADP.DET	a.le
cerf	NOUN	cerf
trenchié	VERB	trenchier
avoie	VERB	avoir
,	PUNCT	,
e	CCONJ	et
vos	PRON	vos
tel	DET	tel
loier	VERB	loiier
en	ADP	en
sousistes	VERB	sousser
,	PUNCT	,
pour	ADP	pour
.I.	DET	un
peu	ADV	peu
que	SCONJ	que
ne	ADV	ne
m'	PRON	je
oceïstes	NOUN	ocire
.	PUNCT	.
Mort	PROPN	mort
en	ADP	en
dui	PRON	deus
estre	VERB	estre
voirement	NOUN	voirement
.	PUNCT	.
Je	PRON	je
vos	PRON	vos
donnai	VERB	donner
,	PUNCT	,
or	NOUN	or
m'	PRON	je
en	ADP	en
repent	VERB	repentir
;	PUNCT	;
vostre	DET	vostre
espee	NOUN	espee
que	SCONJ	que
vos	PRON	vos
portastes	NOUN	porter
tres	ADV	très
par	ADP	par
mi	DET	moi
le	DET	le
cors	NOUN	cors
me	PRON	je
boutastes	NOUN	bouter
;	PUNCT	;
tres	ADV	très
bien	NOUN	bien
me	PRON	je
cuidastes	VERB	cuidier
ocirre	VERB	ocire
.	PUNCT	.
Se	SCONJ	se
vos	PRON	vos
ce	PRON	ce
volez	VERB	voloir
escondire	VERB	escondire
de	ADP	de
prover	VERB	prover
voiant	VERB	vëoir
cest	DET	cest
barnage	NOUN	barnage
,	PUNCT	,
au	ADP.DET	a.le
roi	NOUN	roi
Artur	PROPN	artur
en	ADP	en
tent	VERB	tendre
mon	DET	mon
gage	NOUN	gage
.	PUNCT	.
»	PUNCT	"
Cil	DET	cel
entent	VERB	entendre
qu'	SCONJ	que
il	PRON	il
dit	VERB	dire
verité	NOUN	vérité
,	PUNCT	,
du	ADP.DET	de.le
coup	NOUN	coup
li	DET	le
a	ADP	a
merci	NOUN	merci
crié	VERB	crïer
;	PUNCT	;
plus	ADV	plus
doute	ADJ	doute
la	DET	le
mort	NOUN	mort
que	SCONJ	que
la	DET	le
honte	NOUN	honte
,	PUNCT	,
de	ADP	de
rien	NOUN	rien
ne	ADV	ne
contredit	NOUN	contredit
son	DET	son
conte	NOUN	comte
.	PUNCT	.
Devant	ADP	devant
le	DET	le
roi	NOUN	roi
a	ADP	a
lui	PRON	lui
se	PRON	se
rent	VERB	rendre
a	ADP	a
fere	VERB	faire
son	DET	son
conmandement	NOUN	commandement
.	PUNCT	.
E	CCONJ	et
Tyolet	PROPN	tolir
li	DET	le
pardonna	VERB	pardoner
au	ADP.DET	a.le
conseil	NOUN	conseil
que	SCONJ	que
il	PRON	il
puis	NOUN	puis
en	ADP	en
a	ADP	a
du	ADP.DET	de.le
roi	NOUN	roi
e	CCONJ	et
de	ADP	de
toz	DET	tot
ses	DET	son
barons	NOUN	baron
;	PUNCT	;
e	CCONJ	et
cil	DET	cel
l'	DET	le
en	ADP	en
vait	VERB	aler
a	ADP	a
genoillons	NOUN	genoillon
,	PUNCT	,
dont	PRON	dont
l'	DET	le
en	ADP	en
eüst	VERB	avoir
le	DET	le
pié	NOUN	pié
besié	VERB	baisier
qant	SCONJ	cant
Tyolet	PROPN	tolir
l'	DET	le
a	ADP	a
redrecié	VERB	redrecier
,	PUNCT	,
si	ADV	si
l'	DET	le
en	ADP	en
bese	VERB	bes
par	ADP	par
grant	ADJ	grant
amor	NOUN	amor
;	PUNCT	;
n'	ADV	ne
en	ADP	en
oï	VERB	öir
puis	NOUN	puis
parler	VERB	parler
nul	DET	nul
jor	NOUN	jor
.	PUNCT	.
Li	DET	le
chevaliers	NOUN	chevalier
le	DET	le
pié	NOUN	pié
li	DET	le
rent	VERB	rendre
e	CCONJ	et
Tyolet	PROPN	tolir
donques	ADV	donc
le	DET	le
prent	VERB	prendre
si	ADV	si
l'	DET	le
a	ADP	a
donné	VERB	donner
a	ADP	a
la	DET	le
pucele	NOUN	pucele
.	PUNCT	.
Fleur	NOUN	fleur
de	ADP	de
lis	NOUN	lis
ou	CCONJ	ou
rose	NOUN	rose
novele	NOUN	novele
qant	SCONJ	cant
primes	NOUN	prim
nest	VERB	naistre
el	ADP.DET	en.le
tans	NOUN	tens
d'	ADP	de
esté	VERB	être
,	PUNCT	,
trespassoit	VERB	trespasser
ele	PRON	il
de	ADP	de
biauté	NOUN	biauté
.	PUNCT	.
Tyolet	PROPN	tolir
l'	DET	le
a	ADP	a
donc	ADV	donc
demandee	VERB	demander
,	PUNCT	,
li	DET	le
rois	NOUN	roi
Artur	PROPN	artur
li	DET	le
a	ADP	a
donnee	VERB	donner
,	PUNCT	,
e	CCONJ	et
la	DET	le
pucele	NOUN	pucele
l'	DET	le
otroia	VERB	otroiier
;	PUNCT	;
en	ADP	en
son	DET	son
païs	NOUN	päis
donc	ADV	donc
le	DET	le
mena	VERB	mener
.	PUNCT	.
Rois	NOUN	roi
fu	VERB	estre
e	CCONJ	et
ele	PRON	il
fu	VERB	estre
roïne	NOUN	röine
.	PUNCT	.
De	ADP	de
Tyolet	PROPN	tolir
le	DET	le
lai	NOUN	lai
ci	ADV	ci
fine	NOUN	finer
.	PUNCT	.
