LA	DET	le
CHASTELAINE	NOUN	chastelain
DE	ADP	de
VERGI	ADJ	vergier
Une	DET	un
maniere	NOUN	manière
de	ADP	de
gent	NOUN	gent
sont	VERB	estre
qui	PRON	qui
d'	ADP	de
estre	VERB	estre
loial	ADJ	loyal
samblant	NOUN	sambler
font	VERB	faire
et	CCONJ	et
de	ADP	de
si	ADV	si
bien	NOUN	bien
conseil	NOUN	conseil
celer	VERB	celer
qu'	SCONJ	que
il	PRON	il
se	PRON	se
covient	VERB	covenir
en	ADP	en
aus	PRON	il
fïer	VERB	fïer
;	PUNCT	;
et	CCONJ	et
quant	SCONJ	cant
vient	VERB	venir
qu'	SCONJ	que
aucuns	DET	aucun
s'	DET	soi
i	ADV	i
descuevre	VERB	descovrir
tant	ADV	tant
qu'	SCONJ	que
il	PRON	il
sevent	VERB	savoir
l'	DET	le
amor	NOUN	amor
et	CCONJ	et
l'	DET	le
uevre	NOUN	uevre
,	PUNCT	,
si	ADV	si
l'	DET	le
espandent	VERB	espandre
par	ADP	par
le	DET	le
païs	NOUN	päis
,	PUNCT	,
puis	NOUN	puis
en	ADP	en
font	VERB	faire
lor	DET	lor
gas	NOUN	gap
et	CCONJ	et
lor	DET	lor
ris	NOUN	rire
.	PUNCT	.
Si	ADV	si
avient	VERB	avenir
que	SCONJ	que
cil	DET	cel
joie	NOUN	joie
en	ADP	en
pert	VERB	perdre
qui	PRON	qui
le	DET	le
conseil	NOUN	conseil
a	ADP	a
descouvert	VERB	descovrir
,	PUNCT	,
quar	CCONJ	car
,	PUNCT	,
tant	ADV	tant
com	SCONJ	come
l'	DET	le
amor	NOUN	amor
est	VERB	estre
plus	ADV	plus
grant	ADJ	grant
,	PUNCT	,
sont	VERB	estre
plus	ADV	plus
mari	NOUN	mari
li	DET	le
fin	NOUN	fin
amant	NOUN	amender
quant	SCONJ	cant
li	DET	le
uns	DET	un
d'	ADP	de
aus	PRON	il
de	ADP	de
l'	DET	le
autre	ADJ	autre
croit	VERB	croire
qu'	SCONJ	que
il	PRON	il
ait	VERB	avoir
dit	VERB	dire
ce	PRON	ce
que	SCONJ	que
celer	VERB	celer
doit	VERB	devoir
;	PUNCT	;
et	CCONJ	et
sovent	ADJ	sovent
tel	DET	tel
meschief	NOUN	meschif
en	ADP	en
vient	VERB	venir
que	SCONJ	que
l'	DET	le
amor	NOUN	amor
faillir	VERB	falir
en	ADP	en
covient	VERB	covenir
a	ADP	a
grant	ADJ	grant
dolor	NOUN	dolor
et	CCONJ	et
a	ADP	a
vergoingne	NOUN	vergoigne
,	PUNCT	,
si	ADV	si
comme	SCONJ	comme
il	PRON	il
avint	VERB	avenir
en	ADP	en
Borgoingne	PROPN	bourgogne
d'	ADP	de
un	DET	un
chevalier	NOUN	chevalier
preu	ADJ	pro
et	CCONJ	et
hardi	ADJ	hardi
et	CCONJ	et
de	ADP	de
la	DET	le
dame	NOUN	dame
de	ADP	de
Vergi	VERB	vergier
que	SCONJ	que
li	DET	le
chevaliers	NOUN	chevalier
tant	ADV	tant
ama	VERB	amer
que	SCONJ	que
la	DET	le
dame	NOUN	dame
li	DET	le
otria	VERB	otroiier
par	ADP	par
itel	DET	itel
couvenant	VERB	covenir
s'	DET	soi
amor	NOUN	amor
qu'	SCONJ	que
il	PRON	il
seüst	VERB	savoir
qu'	SCONJ	que
a	ADP	a
l'	DET	le
eure	NOUN	erer
et	CCONJ	et
au	ADP.DET	a.le
jor	NOUN	jor
que	SCONJ	que
par	ADP	par
lui	PRON	lui
seroit	VERB	estre
descouverte	VERB	descovrir
lor	DET	lor
amor	NOUN	amor
,	PUNCT	,
que	SCONJ	que
il	PRON	il
avroit	VERB	avoir
perte	NOUN	perte
et	CCONJ	et
de	ADP	de
l'	DET	le
amor	NOUN	amor
et	CCONJ	et
de	ADP	de
l'	DET	le
otroi	VERB	otroiier
qu'	SCONJ	que
ele	PRON	il
li	DET	le
avoit	VERB	avoir
fet	VERB	faire
de	ADP	de
soi	PRON	soi
.	PUNCT	.
Et	CCONJ	et
a	ADP	a
cele	DET	cel
amor	NOUN	amor
otroier	VERB	otroiier
deviserent	VERB	deviser
qu'	SCONJ	que
en	ADP	en
un	DET	un
vergier	NOUN	vergier
li	DET	le
chevaliers	NOUN	chevalier
toz	DET	tot
jors	NOUN	jour
vendroit	VERB	vendre
au	ADP.DET	a.le
terme	NOUN	terme
qu'	SCONJ	que
ele	PRON	il
li	DET	le
metroit	VERB	metre
,	PUNCT	,
ne	ADV	ne
ne	ADV	ne
se	PRON	se
mouvroit	VERB	mouvoir
d'	ADP	de
un	DET	un
anglet	NOUN	angele
de	ADP	de
si	ADV	si
que	SCONJ	que
un	DET	un
petit	ADJ	petit
chienet	VERB	chienet
verroit	VERB	vëoir
par	ADP	par
le	DET	le
vergier	NOUN	vergier
aler	VERB	aler
;	PUNCT	;
et	CCONJ	et
lors	ADV	lors
venist	VERB	venir
sanz	ADP	sans
demorer	VERB	demorer
en	ADP	en
sa	DET	son
chambre	NOUN	chambre
,	PUNCT	,
et	CCONJ	et
si	ADV	si
seüst	VERB	savoir
bien	NOUN	bien
qu'	SCONJ	que
a	ADP	a
cele	DET	cel
eure	NOUN	erer
n'	ADV	ne
i	ADV	i
avroit	VERB	avoir
rien	NOUN	rien
fors	ADV	fors
la	DET	le
dame	NOUN	dame
tant	ADV	tant
seulement	ADV	seulement
.	PUNCT	.
Ainsi	ADV	ainsi
le	DET	le
firent	VERB	faire
longuement	ADV	longuement
,	PUNCT	,
et	CCONJ	et
fu	VERB	estre
lor	DET	lor
amor	NOUN	amor
si	ADV	si
celee	NOUN	celer
que	SCONJ	que
fors	ADV	fors
aus	PRON	il
ne	ADV	ne
le	DET	le
sot	VERB	savoir
riens	NOUN	rien
nee	VERB	naistre
.	PUNCT	.
Li	DET	le
chevaliers	NOUN	chevalier
fu	VERB	estre
biaus	ADJ	bel
et	CCONJ	et
cointes	ADJ	cointe
,	PUNCT	,
et	CCONJ	et
par	ADP	par
sa	DET	son
valor	NOUN	valor
fu	VERB	estre
acointes	NOUN	acointe
du	ADP.DET	de.le
duc	NOUN	duc
qui	PRON	qui
Borgoingne	PROPN	bourgogne
tenoit	VERB	tenir
;	PUNCT	;
et	CCONJ	et
sovent	ADJ	sovent
aloit	VERB	aler
et	CCONJ	et
venoit	VERB	venir
a	ADP	a
la	DET	le
cort	NOUN	cort
,	PUNCT	,
et	CCONJ	et
tant	ADV	tant
i	ADV	i
ala	VERB	aler
que	SCONJ	que
la	DET	le
duchoise	NOUN	duché
l'	DET	le
enama	VERB	enammer
et	CCONJ	et
li	DET	le
fist	VERB	faire
tel	DET	tel
samblant	NOUN	sambler
d'	ADP	de
amors	NOUN	amor
que	SCONJ	que
,	PUNCT	,
s'	DET	soi
il	PRON	il
n'	ADV	ne
eüst	VERB	avoir
le	DET	le
cuer	NOUN	cuer
aillors	ADV	aillors
,	PUNCT	,
bien	NOUN	bien
se	PRON	se
peüst	VERB	pauvoir
apercevoir	VERB	apercevoir
par	ADP	par
samblant	NOUN	sambler
que	SCONJ	que
l'	DET	le
amast	VERB	amer
por	ADP	por
voir	ADJ	voir
.	PUNCT	.
Mes	CCONJ	mais
quel	DET	quel
samblant	NOUN	sambler
qu'	SCONJ	que
el	ADP.DET	en.le
en	ADP	en
feïst	VERB	faire
,	PUNCT	,
li	DET	le
chevaliers	NOUN	chevalier
samblant	NOUN	sambler
n'	ADV	ne
en	ADP	en
fist	VERB	faire
que	SCONJ	que
poi	NOUN	pöoir
ne	ADV	ne
grant	ADJ	grant
s'	DET	soi
aperceüst	VERB	apercevoir
qu'	SCONJ	que
ele	PRON	il
vers	ADP	vers
lui	PRON	lui
amor	NOUN	amor
eüst	VERB	avoir
,	PUNCT	,
et	CCONJ	et
tant	ADV	tant
qu'	SCONJ	que
ele	PRON	il
en	ADP	en
ot	VERB	avoir
grant	ADJ	grant
anui	NOUN	enui
,	PUNCT	,
qu'	SCONJ	que
ele	PRON	il
parla	VERB	parler
un	DET	un
jor	NOUN	jor
a	ADP	a
lui	PRON	lui
et	CCONJ	et
mist	VERB	metre
a	ADP	a
reson	NOUN	reson
par	ADP	par
moz	DET	mot
teus	ADJ	taire
:	PUNCT	:
«	PUNCT	"
Sire	NOUN	seignor
,	PUNCT	,
vous	PRON	vous
estes	VERB	estre
biaus	ADJ	bel
et	CCONJ	et
preus	ADJ	preu
,	PUNCT	,
ce	PRON	ce
dïent	VERB	dire
tuit	DET	tot
,	PUNCT	,
la	DET	le
Dieu	PROPN	dieu
merci	NOUN	merci
:	PUNCT	:
si	ADV	si
avriiez	VERB	avoir
bien	NOUN	bien
deservi	VERB	deservir
d'	ADP	de
avoir	VERB	avoir
amie	NOUN	ami
en	ADP	en
si	ADV	si
haut	ADJ	haut
leu	NOUN	lieu
qu'	SCONJ	que
en	ADP	en
eüssiez	VERB	avoir
honor	NOUN	honneur
et	CCONJ	et
preu	ADJ	pro
,	PUNCT	,
que	SCONJ	que
bien	NOUN	bien
vous	PRON	vous
serroit	VERB	estre
tele	DET	tel
amie	NOUN	ami
.	PUNCT	.
«	PUNCT	"
Ma	DET	mon
dame	NOUN	dame
,	PUNCT	,
fet	VERB	faire
il	PRON	il
,	PUNCT	,
je	PRON	je
n'	ADV	ne
ai	VERB	avoir
mie	ADV	mie
encore	ADV	encore
a	ADP	a
ce	PRON	ce
mise	VERB	metre
m'	PRON	je
entente	ADJ	entente
.	PUNCT	.
-	PUNCT	-
Par	ADP	par
foi	NOUN	foi
,	PUNCT	,
dist	VERB	dire
ele	PRON	il
,	PUNCT	,
longue	ADJ	long
atente	NOUN	attendre
vous	PRON	vous
porroit	VERB	pöoir
nuire	VERB	nuire
,	PUNCT	,
ce	PRON	ce
m'	PRON	je
est	VERB	estre
vis	NOUN	vis
:	PUNCT	:
si	ADV	si
lo	DET	löer
que	SCONJ	que
vous	PRON	vous
soiez	VERB	estre
amis	NOUN	ami
en	ADP	en
un	DET	un
haut	ADJ	haut
leu	NOUN	lieu
,	PUNCT	,
se	PRON	se
vous	PRON	vous
veez	VERB	vëoir
que	SCONJ	que
vous	PRON	vous
i	ADV	i
soiez	VERB	estre
bien	NOUN	bien
amez	VERB	amer
.	PUNCT	.
»	PUNCT	"
Cil	DET	cel
respont	VERB	respondre
:	PUNCT	:
«	PUNCT	"
Ma	DET	mon
dame	NOUN	dame
,	PUNCT	,
par	ADP	par
foi	NOUN	foi
,	PUNCT	,
je	PRON	je
ne	ADV	ne
sai	VERB	savoir
mie	ADV	mie
bien	NOUN	bien
por	ADP	por
qoi	PRON	coi
vous	PRON	vous
le	DET	le
dites	VERB	dire
ne	ADV	ne
que	SCONJ	que
ce	PRON	ce
monte	NOUN	monter
;	PUNCT	;
ne	ADV	ne
je	PRON	je
ne	ADV	ne
sui	VERB	estre
ne	ADV	ne
duc	NOUN	duc
ne	ADV	ne
conte	NOUN	comte
qui	PRON	qui
si	ADV	si
hautement	NOUN	hautement
amer	VERB	amer
doie	VERB	devoir
,	PUNCT	,
ne	ADV	ne
je	PRON	je
n'	ADV	ne
en	ADP	en
sui	VERB	estre
mie	ADV	mie
a	ADP	a
deus	DET	deux
doie	VERB	devoir
d'	ADP	de
amer	VERB	amer
dame	NOUN	dame
si	ADV	si
souveraine	ADJ	souverain
,	PUNCT	,
se	PRON	se
je	PRON	je
bien	NOUN	bien
i	ADV	i
metoie	NOUN	metre
paine	NOUN	peine
.	PUNCT	.
-	PUNCT	-
Si	ADV	si
estes	VERB	estre
,	PUNCT	,
fet	VERB	faire
el	ADP.DET	en.le
,	PUNCT	,
se	PRON	se
devient	VERB	devenir
;	PUNCT	;
mainte	DET	maint
plus	ADV	plus
grant	ADJ	grant
merveille	NOUN	merveille
avient	VERB	avenir
et	CCONJ	et
autele	NOUN	autele
avendra	VERB	avenir
encore	ADV	encore
.	PUNCT	.
Dites	VERB	dire
moi	PRON	je
se	PRON	se
vous	PRON	vous
savez	VERB	savoir
ore	NOUN	ore
se	PRON	se
je	PRON	je
vous	PRON	vous
ai	VERB	avoir
m'	PRON	je
amor	NOUN	amor
donee	VERB	doner
,	PUNCT	,
qui	PRON	qui
sui	VERB	estre
haute	ADJ	haut
dame	NOUN	dame
honoree	NOUN	honorer
.	PUNCT	.
»	PUNCT	"
Et	CCONJ	et
cil	DET	cel
respont	VERB	respondre
isnel	ADJ	isnel
le	DET	le
pas	NOUN	pas
:	PUNCT	:
«	PUNCT	"
Ma	DET	mon
dame	NOUN	dame
,	PUNCT	,
je	PRON	je
ne	ADV	ne
le	DET	le
sai	VERB	savoir
pas	NOUN	pas
;	PUNCT	;
mes	DET	mais
je	PRON	je
voudroie	VERB	voloir
vostre	DET	vostre
amor	NOUN	amor
avoir	VERB	avoir
par	ADP	par
bien	NOUN	bien
et	CCONJ	et
par	ADP	par
honor	NOUN	honneur
.	PUNCT	.
Mes	CCONJ	mais
de	ADP	de
cele	DET	cel
amor	NOUN	amor
Dieus	PROPN	dieu
me	PRON	je
gart	VERB	garder
qu'	SCONJ	que
a	ADP	a
moi	PRON	je
n'	ADV	ne
a	ADP	a
vous	PRON	vous
tort	NOUN	tort
cele	DET	cel
part	NOUN	part
ou	CCONJ	ou
la	DET	le
honte	NOUN	honte
mon	DET	mon
seignor	NOUN	seignor
gise	NOUN	jesir
,	PUNCT	,
qu'	SCONJ	que
a	ADP	a
nul	DET	nul
fuer	NOUN	fuer
ne	ADV	ne
a	ADP	a
nule	DET	nul
guise	NOUN	guise
n'	ADV	ne
enprendroie	VERB	emprendre
tel	DET	tel
mesprison	NOUN	mesprison
comme	SCONJ	comme
de	ADP	de
fere	VERB	faire
traïson	NOUN	träison
si	ADV	si
vilaine	ADJ	vilain
et	CCONJ	et
si	ADV	si
desloial	ADJ	deslëalot
vers	ADP	vers
mon	DET	mon
droit	ADJ	droit
seignor	NOUN	seignor
natural	NOUN	naturel
.	PUNCT	.
-	PUNCT	-
Fi	VERB	fïer
!	PUNCT	!
fet	VERB	faire
cele	DET	cel
qui	PRON	qui
fu	VERB	estre
marie	NOUN	marie
,	PUNCT	,
dans	ADP	dans
musars	NOUN	muser
,	PUNCT	,
et	CCONJ	et
qui	PRON	qui
vous	PRON	vous
en	ADP	en
prie	VERB	priier
?	PUNCT	?
-	PUNCT	-
Ha	INTJ	ha
!	PUNCT	!
ma	DET	mon
dame	NOUN	dame
,	PUNCT	,
por	ADP	por
Dieu	PROPN	dieu
merci	NOUN	merci
,	PUNCT	,
bien	NOUN	bien
le	DET	le
sai	VERB	savoir
,	PUNCT	,
mes	DET	mais
tant	ADV	tant
vous	PRON	vous
en	ADP	en
di	VERB	dire
.	PUNCT	.
»	PUNCT	"
Cele	DET	cel
ne	ADV	ne
tint	VERB	tenir
a	ADP	a
lui	PRON	lui
plus	ADV	plus
plait	NOUN	plait
,	PUNCT	,
mes	DET	mais
grant	ADJ	grant
corouz	NOUN	corroz
et	CCONJ	et
grant	ADJ	grant
deshait	NOUN	deshait
en	ADP	en
ot	VERB	avoir
au	ADP.DET	a.le
cuer	NOUN	cuer
,	PUNCT	,
et	CCONJ	et
si	ADV	si
penssa	VERB	penser
,	PUNCT	,
s'	DET	soi
ele	PRON	il
puet	VERB	pöoir
,	PUNCT	,
bien	NOUN	bien
s'	DET	soi
en	ADP	en
vengera	VERB	vengier
.	PUNCT	.
Si	ADV	si
fu	VERB	estre
ele	PRON	il
forment	ADV	forment
irie	NOUN	irier
:	PUNCT	:
la	DET	le
nuit	NOUN	nuit
,	PUNCT	,
quant	SCONJ	cant
ele	PRON	il
fu	VERB	estre
couchie	VERB	couchier
jouste	NOUN	joute
le	DET	le
duc	NOUN	duc
,	PUNCT	,
a	ADP	a
souspirer	VERB	sospirer
commença	VERB	commencer
et	CCONJ	et
puis	NOUN	puis
a	ADP	a
plorer	VERB	plorer
.	PUNCT	.
Et	CCONJ	et
li	DET	le
dus	NOUN	duc
errant	VERB	errer
li	DET	le
demande	VERB	demander
que	SCONJ	que
c'	CCONJ	ce
est	VERB	estre
qu'	SCONJ	que
ele	PRON	il
a	ADP	a
,	PUNCT	,
et	CCONJ	et
li	DET	le
commande	VERB	commander
qu'	SCONJ	que
ele	PRON	il
li	DET	le
die	VERB	dire
maintenant	ADV	maintenant
:	PUNCT	:
«	PUNCT	"
Certes	ADV	certes
,	PUNCT	,
dist	VERB	dire
ele	PRON	il
,	PUNCT	,
j'	PRON	je
ai	VERB	avoir
duel	NOUN	duel
grant	ADJ	grant
de	ADP	de
ce	PRON	ce
que	SCONJ	que
ne	ADV	ne
set	VERB	savoir
nus	DET	nul
hauz	ADJ	haut
hom	NOUN	ome
qui	PRON	qui
foi	NOUN	foi
li	DET	le
porte	NOUN	porte
ne	ADV	ne
qui	PRON	qui
non	NOUN	nom
,	PUNCT	,
mes	DET	mais
plus	ADV	plus
de	ADP	de
bien	NOUN	bien
et	CCONJ	et
d'	ADP	de
onor	NOUN	onor
font	VERB	faire
a	ADP	a
ceus	DET	ceu
qui	PRON	qui
lor	DET	lor
trahitor	NOUN	träitor
sont	VERB	estre
,	PUNCT	,
et	CCONJ	et
si	ADV	si
ne	ADV	ne
s'	DET	soi
en	ADP	en
aperçoit	VERB	apercevoir
nus	DET	nul
.	PUNCT	.
-	PUNCT	-
Par	ADP	par
foi	NOUN	foi
,	PUNCT	,
dame	NOUN	dame
,	PUNCT	,
fet	VERB	faire
soi	PRON	soi
li	DET	le
dus	NOUN	duc
,	PUNCT	,
je	PRON	je
ne	ADV	ne
sai	VERB	savoir
por	ADP	por
qoi	PRON	coi
vous	PRON	vous
le	DET	le
dites	VERB	dire
;	PUNCT	;
mes	DET	mais
de	ADP	de
tel	DET	tel
chose	NOUN	chose
sui	VERB	estre
je	PRON	je
quites	ADJ	quite
,	PUNCT	,
qu'	SCONJ	que
a	ADP	a
nul	DET	nul
fuer	NOUN	fuer
je	PRON	je
ne	ADV	ne
norriroie	VERB	norrir
trahitor	NOUN	träitor
,	PUNCT	,
se	PRON	se
je	PRON	je
le	DET	le
savoie	VERB	savoir
.	PUNCT	.
-	PUNCT	-
Haez	PROPN	haiser
donc	ADV	donc
,	PUNCT	,
dist	VERB	dire
ele	PRON	il
,	PUNCT	,
celui	DET	cel
(	PUNCT	(
sel	NOUN	si.il
nomma	VERB	nommer
)	PUNCT	)
qui	PRON	qui
ne	ADV	ne
fina	VERB	finer
hui	ADV	ui
de	ADP	de
moi	PRON	je
proier	VERB	priier
au	ADP.DET	a.le
lonc	ADJ	lonc
du	ADP.DET	de.le
jor	NOUN	jor
que	SCONJ	que
je	PRON	je
li	DET	le
donaisse	VERB	doner
m'	PRON	je
amor	NOUN	amor
,	PUNCT	,
et	CCONJ	et
me	PRON	je
dist	VERB	dire
que	SCONJ	que
mout	ADV	mout
a	ADP	a
lonc	ADJ	lonc
tens	NOUN	tens
qu'	SCONJ	que
il	PRON	il
a	ADP	a
esté	VERB	être
en	ADP	en
cest	DET	cest
porpens	NOUN	porpense
:	PUNCT	:
onques	ADV	onque
mes	DET	mais
ne	ADV	ne
le	DET	le
m'	PRON	je
osa	VERB	oser
dire	VERB	dire
.	PUNCT	.
Et	CCONJ	et
je	PRON	je
me	PRON	je
porpenssai	NOUN	porsent-che
,	PUNCT	,
biaus	ADJ	bel
sire	NOUN	seignor
,	PUNCT	,
tantost	ADV	tantost
que	SCONJ	que
je	PRON	je
le	DET	le
vous	PRON	vous
diroie	VERB	dire
.	PUNCT	.
Et	CCONJ	et
si	ADV	si
puet	VERB	pöoir
estre	VERB	estre
chose	NOUN	chose
vraie	ADJ	vrai
qu'	SCONJ	que
il	PRON	il
ait	VERB	avoir
pieça	NOUN	pieçe
a	ADP	a
ce	PRON	ce
penssé	NOUN	penser
;	PUNCT	;
de	ADP	de
ce	PRON	ce
qu'	SCONJ	que
il	PRON	il
a	ADP	a
aillors	ADV	aillors
amé	NOUN	aimer
novele	NOUN	novele
oïe	VERB	öir
n'	ADV	ne
en	ADP	en
avon	NOUN	avoir
.	PUNCT	.
Si	ADV	si
vous	PRON	vous
requier	VERB	requerre
en	ADP	en
guerredon	NOUN	guerredon
que	SCONJ	que
vostre	DET	vostre
honor	NOUN	honneur
si	ADV	si
i	ADV	i
gardoiz	VERB	garder
com	SCONJ	come
vous	PRON	vous
savez	VERB	savoir
que	SCONJ	que
il	PRON	il
est	VERB	estre
droiz	ADJ	droit
.	PUNCT	.
»	PUNCT	"
Li	DET	le
dus	NOUN	duc
,	PUNCT	,
a	ADP	a
cui	PRON	cui
samble	NOUN	samble
mout	ADV	mout
grief	ADJ	grief
,	PUNCT	,
li	DET	le
dist	VERB	dire
:	PUNCT	:
«	PUNCT	"
J'	PRON	je
en	ADP	en
vendrai	VERB	venir
bien	NOUN	bien
a	ADP	a
chief	NOUN	chief
,	PUNCT	,
et	CCONJ	et
mout	ADV	mout
par	ADP	par
tens	NOUN	tens
,	PUNCT	,
si	ADV	si
com	SCONJ	come
je	PRON	je
cuit	VERB	cuidier
.	PUNCT	.
»	PUNCT	"
A	ADP	a
malaise	NOUN	malaise
fu	VERB	estre
cele	DET	cel
nuit	NOUN	nuit
li	DET	le
dus	NOUN	duc
,	PUNCT	,
n'	ADV	ne
onques	ADV	onque
dormir	VERB	dormir
ne	ADV	ne
pot	VERB	pöoir
por	ADP	por
le	DET	le
chevalier	NOUN	chevalier
qu'	SCONJ	que
il	PRON	il
amot	NOUN	amot
,	PUNCT	,
qu'	SCONJ	que
il	PRON	il
croit	VERB	croire
que	SCONJ	que
il	PRON	il
eüst	VERB	avoir
mesfait	NOUN	mesfait
par	ADP	par
droit	ADJ	droit
que	SCONJ	que
s'	DET	soi
amor	NOUN	amor
perdue	VERB	perdre
ait	VERB	avoir
,	PUNCT	,
et	CCONJ	et
por	ADP	por
ce	PRON	ce
toute	DET	tout
nuit	NOUN	nuit
veilla	VERB	veillier
.	PUNCT	.
L'	DET	le
endemain	NOUN	endemain
par	ADP	par
matin	NOUN	matin
leva	VERB	lever
,	PUNCT	,
et	CCONJ	et
fist	VERB	faire
celui	DET	cel
a	ADP	a
soi	PRON	soi
venir	VERB	venir
que	SCONJ	que
sa	DET	son
fame	NOUN	feme
li	DET	le
fet	VERB	faire
haïr	VERB	häir
sanz	ADP	sans
ce	PRON	ce
que	SCONJ	que
de	ADP	de
rien	NOUN	rien
ait	VERB	avoir
mespris	NOUN	mesprendre
.	PUNCT	.
Maintenant	ADV	maintenant
l'	DET	le
a	ADP	a
a	ADP	a
reson	NOUN	reson
mis	VERB	metre
seul	ADJ	sol
a	ADP	a
seul	ADJ	sol
,	PUNCT	,
ne	ADV	ne
furent	VERB	estre
qu'	SCONJ	que
aus	PRON	il
deus	DET	deux
:	PUNCT	:
«	PUNCT	"
Certes	ADV	certes
,	PUNCT	,
dist	VERB	dire
il	PRON	il
,	PUNCT	,
ce	PRON	ce
est	VERB	estre
granz	ADJ	grant
deus	DET	deux
quant	SCONJ	cant
proësce	NOUN	pröece
avez	VERB	avoir
et	CCONJ	et
beauté	NOUN	beauté
,	PUNCT	,
et	CCONJ	et
il	PRON	il
n'	ADV	ne
a	ADP	a
en	ADP	en
vous	PRON	vous
lëauté	NOUN	lëauté
!	PUNCT	!
Si	ADV	si
m'	PRON	je
en	ADP	en
avez	VERB	avoir
mout	ADV	mout
deceü	NOUN	decevoir
,	PUNCT	,
que	SCONJ	que
j'	PRON	je
ai	VERB	avoir
mout	ADV	mout
longuement	ADV	longuement
creü	VERB	croire
que	SCONJ	que
vous	PRON	vous
fussiez	NOUN	estre
de	ADP	de
bone	ADJ	bon
foi	NOUN	foi
loiaus	ADJ	loyal
a	ADP	a
tout	DET	tout
le	DET	le
mains	NOUN	main
vers	ADP	vers
moi	PRON	je
,	PUNCT	,
que	SCONJ	que
j'	PRON	je
ai	VERB	avoir
vers	ADP	vers
vous	PRON	vous
amor	NOUN	amor
eüe	VERB	avoir
.	PUNCT	.
Si	ADV	si
ne	ADV	ne
sai	VERB	savoir
dont	PRON	dont
vous	PRON	vous
est	VERB	estre
venue	VERB	venir
tel	DET	tel
penssee	NOUN	penser
et	CCONJ	et
si	ADV	si
trahitresse	NOUN	traireste
que	SCONJ	que
proïe	VERB	priier
avez	VERB	avoir
la	DET	le
duchesse	NOUN	duchés
et	CCONJ	et
requise	VERB	requerre
de	ADP	de
druërie	ADJ	droiture
;	PUNCT	;
si	ADV	si
avez	VERB	avoir
fet	VERB	faire
grant	ADJ	grant
tricherie	NOUN	trichier
,	PUNCT	,
que	SCONJ	que
plus	ADV	plus
vilaine	ADJ	vilain
n'	ADV	ne
estuet	VERB	estovoir
querre	VERB	querre
.	PUNCT	.
Issiez	VERB	issir
errant	VERB	errer
hors	ADV	hors
de	ADP	de
ma	DET	mon
terre	NOUN	terre
!	PUNCT	!
quar	CCONJ	car
je	PRON	je
vous	PRON	vous
en	ADP	en
congié	NOUN	congié
sanz	ADP	sans
doute	ADJ	doute
et	CCONJ	et
la	DET	le
vous	PRON	vous
vé	VERB	vëoir
et	CCONJ	et
desfent	VERB	defendre
toute	DET	tout
:	PUNCT	:
si	ADV	si
n'	ADV	ne
i	ADV	i
entrez	VERB	entrer
ne	ADV	ne
tant	ADV	tant
ne	ADV	ne
quant	SCONJ	cant
,	PUNCT	,
que	SCONJ	que
,	PUNCT	,
se	PRON	se
je	PRON	je
des	ADP.DET	de.le
ore	NOUN	ore
en	ADP	en
avant	ADV	avant
vous	PRON	vous
i	ADV	i
pooie	NOUN	pöoir
fere	VERB	faire
prendre	VERB	prendre
,	PUNCT	,
sachiez	VERB	savoir
,	PUNCT	,
je	PRON	je
vous	PRON	vous
feroie	VERB	faire
pendre	VERB	pendre
.	PUNCT	.
»	PUNCT	"
Quant	SCONJ	cant
li	DET	le
chevaliers	NOUN	chevalier
ce	PRON	ce
entent	VERB	entendre
,	PUNCT	,
d'	ADP	de
ire	NOUN	ire
et	CCONJ	et
de	ADP	de
mautalent	NOUN	mautalent
esprent	VERB	esprendre
si	ADV	si
que	SCONJ	que
tuit	DET	tot
li	DET	le
tramblent	VERB	tramble
si	ADV	si
membre	NOUN	membre
,	PUNCT	,
que	SCONJ	que
de	ADP	de
s'	DET	soi
amie	NOUN	ami
li	DET	le
remembre	NOUN	remembrer
dont	PRON	dont
il	PRON	il
set	VERB	savoir
qu'	SCONJ	que
il	PRON	il
ne	ADV	ne
puet	VERB	pöoir
joïr	VERB	jöir
se	PRON	se
n'	ADV	ne
est	VERB	estre
par	ADP	par
aler	VERB	aler
et	CCONJ	et
venir	VERB	venir
et	CCONJ	et
par	ADP	par
reperier	VERB	repairier
ou	CCONJ	ou
païs	NOUN	päis
dont	PRON	dont
li	DET	le
dus	NOUN	duc
veut	VERB	vouloir
qu'	SCONJ	que
il	PRON	il
soit	VERB	estre
eschis	NOUN	échis
;	PUNCT	;
et	CCONJ	et
d'	ADP	de
autre	ADJ	autre
part	NOUN	part
li	DET	le
fet	VERB	faire
mout	ADV	mout
mal	NOUN	mal
ce	PRON	ce
qu'	SCONJ	que
a	ADP	a
trahitor	NOUN	träitor
desloial	ADJ	deslëalot
le	DET	le
tient	VERB	tenir
ses	DET	son
sires	NOUN	seignor
et	CCONJ	et
a	ADP	a
tort	NOUN	tort
;	PUNCT	;
si	ADV	si
est	VERB	estre
en	ADP	en
si	ADV	si
grant	ADJ	grant
desconfort	NOUN	desconforter
qu'	SCONJ	que
a	ADP	a
mort	NOUN	mort
se	PRON	se
tient	VERB	tenir
et	CCONJ	et
a	ADP	a
trahi	VERB	träir
.	PUNCT	.
«	PUNCT	"
Sire	NOUN	seignor
,	PUNCT	,
fet	VERB	faire
il	PRON	il
,	PUNCT	,
por	ADP	por
Dieu	PROPN	dieu
merci	NOUN	merci
,	PUNCT	,
ne	ADV	ne
creez	VERB	croire
ja	ADV	ja
ne	ADV	ne
ne	ADV	ne
penssez	NOUN	penser
que	SCONJ	que
je	PRON	je
fusse	NOUN	estre
onques	ADV	onque
si	ADV	si
osez	VERB	oser
:	PUNCT	:
ce	PRON	ce
que	SCONJ	que
me	PRON	je
metez	VERB	metre
a	ADP	a
tort	NOUN	tort
seure	NOUN	seror
je	PRON	je
ne	ADV	ne
penssai	NOUN	penser
ne	ADV	ne
jor	NOUN	jor
ne	ADV	ne
eure	NOUN	erer
;	PUNCT	;
s'	DET	soi
a	ADP	a
mal	NOUN	mal
fet	VERB	faire
qui	PRON	qui
le	DET	le
vous	PRON	vous
a	ADP	a
dit	VERB	dire
.	PUNCT	.
-	PUNCT	-
Ne	CCONJ	ne
vous	PRON	vous
vaut	VERB	valoir
riens	NOUN	rien
li	DET	le
escondit	VERB	escondire
,	PUNCT	,
fet	VERB	faire
li	DET	le
dus	NOUN	duc
,	PUNCT	,
ne	ADV	ne
point	NOUN	point
n'	ADV	ne
en	ADP	en
i	ADV	i
a	ADP	a
:	PUNCT	:
cele	DET	cel
meïsme	ADJ	mëisme
conté	VERB	conter
m'	PRON	je
a	ADP	a
en	ADP	en
quel	DET	quel
maniere	NOUN	manière
et	CCONJ	et
en	ADP	en
quel	DET	quel
guise	NOUN	guise
vous	PRON	vous
l'	DET	le
avez	VERB	avoir
proïe	VERB	priier
et	CCONJ	et
requise	VERB	requerre
,	PUNCT	,
comme	SCONJ	comme
trahitres	NOUN	traire
envious	ADV	envois
;	PUNCT	;
et	CCONJ	et
tel	DET	tel
chose	NOUN	chose
deïstes	VERB	dire
vous	PRON	vous
,	PUNCT	,
puet	VERB	pöoir
estre	VERB	estre
,	PUNCT	,
dont	PRON	dont
ele	PRON	il
se	PRON	se
test	VERB	taire
.	PUNCT	.
-	PUNCT	-
Ma	DET	mon
dame	NOUN	dame
a	ADP	a
dit	VERB	dire
ce	PRON	ce
que	SCONJ	que
li	DET	le
plest	NOUN	plaire
,	PUNCT	,
fet	VERB	faire
cil	DET	cel
qui	PRON	qui
mout	ADV	mout
estoit	VERB	estre
mariz	NOUN	mari
.	PUNCT	.
-	PUNCT	-
Ne	CCONJ	ne
vous	PRON	vous
vaut	VERB	valoir
riens	NOUN	rien
li	DET	le
escondiz	NOUN	escondire
.	PUNCT	.
-	PUNCT	-
Rien	ADJ	rien
ne	ADV	ne
m'	PRON	je
i	ADV	i
vaut	VERB	valoir
que	SCONJ	que
j'	PRON	je
en	ADP	en
deïsse	VERB	dire
,	PUNCT	,
si	ADV	si
n'	ADV	ne
est	VERB	estre
riens	NOUN	rien
que	SCONJ	que
je	PRON	je
n'	ADV	ne
en	ADP	en
feïsse	VERB	faire
par	ADP	par
si	ADV	si
que	SCONJ	que
j'	PRON	je
en	ADP	en
fusse	NOUN	estre
creü	VERB	croire
,	PUNCT	,
quar	CCONJ	car
de	ADP	de
ce	PRON	ce
n'	ADV	ne
i	ADV	i
a	ADP	a
riens	NOUN	rien
eü	VERB	avoir
.	PUNCT	.
-	PUNCT	-
Si	ADV	si
a	ADP	a
,	PUNCT	,
ce	PRON	ce
dist	VERB	dire
li	DET	le
dus	NOUN	duc
,	PUNCT	,
par	ADP	par
m'	PRON	je
ame	NOUN	ame
,	PUNCT	,
»	PUNCT	"
a	ADP	a
cui	PRON	cui
il	PRON	il
sovient	VERB	sovenir
de	ADP	de
sa	DET	son
fame	NOUN	feme
,	PUNCT	,
car	CCONJ	car
bien	NOUN	bien
cuidoit	VERB	cuidier
por	ADP	por
voir	ADJ	voir
savoir	VERB	savoir
que	SCONJ	que
sa	DET	son
fame	NOUN	feme
li	DET	le
deïst	VERB	dire
voir	ADJ	voir
,	PUNCT	,
c'	CCONJ	ce
oncques	ADV	onques
n'	ADV	ne
oï	VERB	öir
que	SCONJ	que
on	PRON	on
parlast	VERB	parler
que	SCONJ	que
cil	DET	cel
en	ADP	en
autre	ADJ	autre
lieu	NOUN	lieu
amast	VERB	amer
.	PUNCT	.
Dont	PRON	dont
dist	VERB	dire
li	DET	le
dus	NOUN	duc
au	ADP.DET	a.le
chevalier	NOUN	chevalier
:	PUNCT	:
«	PUNCT	"
Se	SCONJ	se
vous	PRON	vous
me	PRON	je
volez	VERB	voloir
afïer	VERB	afir
par	ADP	par
vostre	DET	vostre
leal	ADJ	lëal
serement	NOUN	serment
que	SCONJ	que
vous	PRON	vous
me	PRON	je
direz	VERB	dire
vraiement	NOUN	vraiment
ce	PRON	ce
que	SCONJ	que
je	PRON	je
vous	PRON	vous
demanderoie	VERB	demander
,	PUNCT	,
par	ADP	par
vostre	DET	vostre
dit	VERB	dire
certains	ADJ	certain
seroie	VERB	estre
se	PRON	se
vous	PRON	vous
avriiez	VERB	avoir
fet	VERB	faire
ou	CCONJ	ou
non	NOUN	nom
ce	PRON	ce
dont	PRON	dont
j'	PRON	je
ai	VERB	avoir
vers	ADP	vers
vous	PRON	vous
soupeçon	NOUN	soupçon
.	PUNCT	.
»	PUNCT	"
Cil	DET	cel
qui	PRON	qui
tout	DET	tout
covoite	VERB	covoitier
et	CCONJ	et
desire	VERB	desirrer
a	ADP	a
geter	VERB	jeter
son	DET	son
seignor	NOUN	seignor
de	ADP	de
l'	DET	le
ire	NOUN	ire
qu'	SCONJ	que
il	PRON	il
a	ADP	a
envers	ADP	envers
lui	PRON	lui
sanz	ADP	sans
deserte	NOUN	deserte
,	PUNCT	,
et	CCONJ	et
qui	PRON	qui
redoute	VERB	redout
tele	DET	tel
perte	NOUN	perte
comme	SCONJ	comme
de	ADP	de
guerpir	VERB	guerpir
la	DET	le
contree	VERB	contree
ou	CCONJ	ou
cele	DET	cel
est	VERB	estre
qui	PRON	qui
plus	ADV	plus
li	DET	le
agree	NOUN	agreer
,	PUNCT	,
respont	VERB	respondre
qu'	SCONJ	que
il	PRON	il
tout	DET	tout
sanz	ADP	sans
contredit	NOUN	contredit
fera	VERB	faire
ce	PRON	ce
que	SCONJ	que
li	DET	le
dus	NOUN	duc
a	ADP	a
dit	VERB	dire
,	PUNCT	,
qu'	SCONJ	que
il	PRON	il
ne	ADV	ne
pensse	NOUN	penser
ne	ADV	ne
ne	ADV	ne
regarde	VERB	regarder
de	ADP	de
ce	PRON	ce
dont	PRON	dont
li	DET	le
dus	NOUN	duc
se	PRON	se
prent	VERB	prendre
garde	NOUN	garde
,	PUNCT	,
ne	ADV	ne
torment	NOUN	torment
ne	ADV	ne
le	DET	le
lest	VERB	laissier
pensser	VERB	penser
ce	PRON	ce
que	SCONJ	que
li	DET	le
dus	NOUN	duc
veut	VERB	vouloir
demander	VERB	demander
,	PUNCT	,
de	ADP	de
riens	NOUN	rien
fors	ADV	fors
de	ADP	de
cele	DET	cel
proiere	NOUN	priiere
:	PUNCT	:
le	DET	le
serement	NOUN	serment
en	ADP	en
tel	DET	tel
maniere	NOUN	manière
l'	DET	le
en	ADP	en
fist	VERB	faire
,	PUNCT	,
li	DET	le
dus	NOUN	duc
la	DET	le
foi	NOUN	foi
en	ADP	en
prist	VERB	prendre
;	PUNCT	;
et	CCONJ	et
li	DET	le
dus	NOUN	duc
maintenant	ADV	maintenant
li	DET	le
dist	VERB	dire
:	PUNCT	:
«	PUNCT	"
Sachiez	VERB	savoir
par	ADP	par
fine	NOUN	finer
verité	NOUN	vérité
que	SCONJ	que
ce	PRON	ce
que	SCONJ	que
je	PRON	je
vous	PRON	vous
ai	VERB	avoir
amé	NOUN	aimer
ça	ADV	ça
en	ADP	en
arriere	ADV	ariere
de	ADP	de
fin	NOUN	fin
cuer	NOUN	cuer
ne	ADV	ne
me	PRON	je
lesse	VERB	laissier
croire	VERB	croire
a	ADP	a
nul	DET	nul
fuer	NOUN	fuer
de	ADP	de
vous	PRON	vous
tel	DET	tel
mesfet	NOUN	mesfait
ne	ADV	ne
tel	DET	tel
honte	NOUN	honte
comme	SCONJ	comme
la	DET	le
duchoise	NOUN	duché
me	PRON	je
conte	NOUN	comte
;	PUNCT	;
ne	ADV	ne
tant	ADV	tant
ne	ADV	ne
la	DET	le
tenisse	VERB	tenir
a	ADP	a
voire	ADJ	voir
,	PUNCT	,
se	PRON	se
ce	PRON	ce
ne	ADV	ne
le	DET	le
me	PRON	je
feïst	VERB	faire
croire	VERB	croire
et	CCONJ	et
me	PRON	je
meïst	VERB	metre
en	ADP	en
grant	ADJ	grant
doutance	NOUN	doutence
que	SCONJ	que
j'	PRON	je
esgart	NOUN	esgart
vostre	DET	vostre
contenance	NOUN	contenance
et	CCONJ	et
de	ADP	de
cointise	ADJ	cointise
et	CCONJ	et
d'	ADP	de
autre	ADJ	autre
rien	NOUN	rien
,	PUNCT	,
a	ADP	a
qoi	PRON	coi
l'	DET	le
en	ADP	en
puet	VERB	pöoir
savoir	VERB	savoir
mout	ADV	mout
bien	NOUN	bien
que	SCONJ	que
vous	PRON	vous
amez	VERB	amer
ou	CCONJ	ou
que	SCONJ	que
ce	PRON	ce
soit	VERB	estre
;	PUNCT	;
et	CCONJ	et
quant	SCONJ	cant
d'	ADP	de
aillors	ADV	aillors
ne	ADV	ne
s'	DET	soi
aperçoit	VERB	apercevoir
nus	DET	nul
qu'	SCONJ	que
amez	VERB	amer
damoisele	NOUN	damoisele
ou	CCONJ	ou
dame	NOUN	dame
,	PUNCT	,
je	PRON	je
me	PRON	je
pens	NOUN	penser
que	SCONJ	que
ce	PRON	ce
soit	VERB	estre
ma	DET	mon
fame	NOUN	feme
,	PUNCT	,
qui	PRON	qui
me	PRON	je
dist	VERB	dire
que	SCONJ	que
vous	PRON	vous
la	DET	le
proiez	VERB	priier
.	PUNCT	.
Si	ADV	si
ne	ADV	ne
puis	NOUN	puis
estre	VERB	estre
desvoiez	VERB	desvoiier
por	ADP	por
rien	NOUN	rien
que	SCONJ	que
nus	DET	nul
m'	PRON	je
en	ADP	en
puisse	VERB	pöoir
fere	VERB	faire
,	PUNCT	,
que	SCONJ	que
je	PRON	je
croi	NOUN	croire
qu'	SCONJ	que
ainsi	ADV	ainsi
soit	VERB	estre
l'	DET	le
afere	NOUN	afaire
,	PUNCT	,
se	PRON	se
vous	PRON	vous
ne	ADV	ne
me	PRON	je
dites	VERB	dire
qu'	SCONJ	que
aillors	ADV	aillors
amez	VERB	amer
en	ADP	en
tel	DET	tel
leu	NOUN	lieu
par	ADP	par
amors	NOUN	amor
que	SCONJ	que
m'	PRON	je
en	ADP	en
lessiez	VERB	laissier
sanz	ADP	sans
nule	DET	nul
doute	ADJ	doute
savoir	VERB	savoir
en	ADP	en
la	DET	le
verité	NOUN	vérité
toute	DET	tout
.	PUNCT	.
Et	CCONJ	et
se	PRON	se
ce	PRON	ce
fere	VERB	faire
ne	ADV	ne
volez	VERB	voloir
,	PUNCT	,
comme	SCONJ	comme
parjurs	NOUN	parjur
vous	PRON	vous
en	ADP	en
alez	VERB	aler
hors	ADV	hors
de	ADP	de
ma	DET	mon
terre	NOUN	terre
sanz	ADP	sans
deloi	NOUN	deloiier
!	PUNCT	!
»	PUNCT	"
Cil	DET	cel
ne	ADV	ne
set	VERB	savoir
nul	DET	nul
conseil	NOUN	conseil
de	ADP	de
soi	PRON	soi
,	PUNCT	,
que	SCONJ	que
le	DET	le
geu	NOUN	jeu
a	ADP	a
parti	VERB	partir
si	ADV	si
fort	ADJ	fort
que	SCONJ	que
l'	DET	le
un	DET	un
et	CCONJ	et
l'	DET	le
autre	ADJ	autre
tient	VERB	tenir
a	ADP	a
mort	NOUN	mort
;	PUNCT	;
quar	CCONJ	car
,	PUNCT	,
s'	DET	soi
il	PRON	il
dit	VERB	dire
la	DET	le
verité	NOUN	vérité
pure	NOUN	pour
,	PUNCT	,
qu'	SCONJ	que
il	PRON	il
dira	VERB	dire
s'	DET	soi
il	PRON	il
ne	ADV	ne
se	PRON	se
parjure	NOUN	parjure
,	PUNCT	,
a	ADP	a
mort	NOUN	mort
se	PRON	se
tient	VERB	tenir
;	PUNCT	;
s'	DET	soi
il	PRON	il
mesfet	NOUN	mesfait
tant	ADV	tant
qu'	SCONJ	que
il	PRON	il
trespasse	VERB	trespasser
le	DET	le
couvenant	VERB	covenir
que	SCONJ	que
o	ADP	o
sa	DET	son
dame	NOUN	dame
et	CCONJ	et
s'	DET	soi
amie	NOUN	ami
a	ADP	a
,	PUNCT	,
qu'	SCONJ	que
il	PRON	il
est	VERB	estre
seürs	ADJ	sëur
qu'	SCONJ	que
il	PRON	il
la	DET	le
perdra	VERB	perdre
s'	DET	soi
ele	PRON	il
s'	DET	soi
en	ADP	en
puet	VERB	pöoir
apercevoir	VERB	apercevoir
;	PUNCT	;
et	CCONJ	et
s'	DET	soi
il	PRON	il
ne	ADV	ne
dit	VERB	dire
au	ADP.DET	a.le
duc	NOUN	duc
le	DET	le
voir	ADJ	voir
,	PUNCT	,
parjurés	NOUN	parjurer
est	VERB	estre
et	CCONJ	et
foimentie	NOUN	foiment
,	PUNCT	,
et	CCONJ	et
pert	VERB	perdre
le	DET	le
païs	NOUN	päis
et	CCONJ	et
s'	DET	soi
amie	NOUN	ami
;	PUNCT	;
mes	DET	mais
du	ADP.DET	de.le
païs	NOUN	päis
ne	ADV	ne
li	DET	le
chausist	VERB	chastur
,	PUNCT	,
se	PRON	se
s'	DET	soi
amie	NOUN	ami
li	DET	le
remainsist	VERB	remanoir
que	SCONJ	que
sor	ADP	sor
toute	DET	tout
riens	NOUN	rien
perdre	VERB	perdre
crient	VERB	criembre
.	PUNCT	.
Et	CCONJ	et
por	ADP	por
ce	PRON	ce
qu'	SCONJ	que
adés	ADV	adès
li	DET	le
sovient	VERB	sovenir
de	ADP	de
la	DET	le
grant	ADJ	grant
joie	NOUN	joie
et	CCONJ	et
du	ADP.DET	de.le
solaz	NOUN	solaz
qu'	SCONJ	que
il	PRON	il
a	ADP	a
eü	VERB	avoir
entre	ADP	entre
ses	DET	son
braz	NOUN	braz
,	PUNCT	,
si	ADV	si
se	PRON	se
pensse	NOUN	penser
,	PUNCT	,
s'	DET	soi
il	PRON	il
la	DET	le
messert	NOUN	messer
et	CCONJ	et
s'	DET	soi
il	PRON	il
par	ADP	par
son	DET	son
mesfet	NOUN	mesfait
la	DET	le
pert	VERB	perdre
,	PUNCT	,
quant	SCONJ	cant
o	ADP	o
soi	PRON	soi
ne	ADV	ne
l'	DET	le
en	ADP	en
puet	VERB	pöoir
mener	VERB	mener
,	PUNCT	,
comment	ADV	comment
porra	VERB	pöoir
sanz	ADP	sans
li	DET	le
durer	NOUN	durer
.	PUNCT	.
Si	ADV	si
est	VERB	estre
en	ADP	en
tel	DET	tel
point	NOUN	point
autressi	ADV	autresi
com	SCONJ	come
li	DET	le
chastelains	NOUN	chastelain
de	ADP	de
Couci	VERB	coucier
,	PUNCT	,
qui	PRON	qui
au	ADP.DET	a.le
cuer	NOUN	cuer
n'	ADV	ne
avoit	VERB	avoir
s'	DET	soi
amor	NOUN	amor
non	NOUN	nom
,	PUNCT	,
dist	VERB	dire
en	ADP	en
un	DET	un
vers	ADP	vers
d'	ADP	de
une	DET	un
chançon	NOUN	chançon
:	PUNCT	:
Par	ADP	par
Dieu	PROPN	dieu
,	PUNCT	,
Amors	NOUN	amor
,	PUNCT	,
fort	ADJ	fort
m'	PRON	je
est	VERB	estre
a	ADP	a
consirrer	VERB	consirer
du	ADP.DET	de.le
dous	DET	doux
solaz	NOUN	solaz
et	CCONJ	et
de	ADP	de
la	DET	le
compaingnie	NOUN	compagnie
et	CCONJ	et
des	ADP.DET	de.le
samblanz	NOUN	sambler
que	SCONJ	que
m'	PRON	je
i	ADV	i
soloit	VERB	soloir
moustrer	VERB	moustroy
cele	DET	cel
qui	PRON	qui
m'	PRON	je
ert	VERB	estre
et	CCONJ	et
compaingne	NOUN	compagnon
et	CCONJ	et
amie	NOUN	ami
:	PUNCT	:
et	CCONJ	et
quant	SCONJ	cant
regart	NOUN	regart
sa	DET	son
simple	ADJ	simple
cortoisie	NOUN	cortoisie
et	CCONJ	et
les	DET	le
douz	ADJ	douz
mos	DET	mous
qu'	SCONJ	que
a	ADP	a
moi	PRON	je
soloit	VERB	soloir
parler	VERB	parler
,	PUNCT	,
comment	ADV	comment
me	PRON	je
puet	VERB	pöoir
li	DET	le
cuers	NOUN	cuer
ou	CCONJ	ou
cors	NOUN	cors
durer	NOUN	durer
?	PUNCT	?
Quant	SCONJ	cant
il	PRON	il
n'	ADV	ne
en	ADP	en
part	NOUN	part
,	PUNCT	,
certes	ADV	certes
trop	ADV	trop
est	VERB	estre
mauvés	ADJ	mauvais
.	PUNCT	.
Li	DET	le
chevaliers	NOUN	chevalier
en	ADP	en
tele	DET	tel
angoisse	NOUN	angoisse
ne	ADV	ne
set	VERB	savoir
se	PRON	se
le	DET	le
voir	ADJ	voir
li	DET	le
connoisse	VERB	connaître
,	PUNCT	,
ou	CCONJ	ou
il	PRON	il
mente	ADJ	mentir
et	CCONJ	et
lest	VERB	laissier
le	DET	le
païs	NOUN	päis
;	PUNCT	;
et	CCONJ	et
quant	SCONJ	cant
il	PRON	il
est	VERB	estre
ainsi	ADV	ainsi
penssis	ADJ	penser
qu'	SCONJ	que
il	PRON	il
ne	ADV	ne
set	VERB	savoir
li	DET	le
quels	DET	quel
li	DET	le
vaut	VERB	valoir
mieus	ADV	mieux
,	PUNCT	,
l'	DET	le
eve	NOUN	aigue
du	ADP.DET	de.le
cuer	NOUN	cuer
li	DET	le
vient	VERB	venir
aus	PRON	il
ieus	NOUN	il
por	ADP	por
l'	DET	le
angoisse	NOUN	angoisse
qu'	SCONJ	que
il	PRON	il
se	PRON	se
porchace	NOUN	porchacier
,	PUNCT	,
et	CCONJ	et
li	DET	le
descent	VERB	descendre
aval	ADV	aval
la	DET	le
face	VERB	faire
,	PUNCT	,
si	ADV	si
qu'	SCONJ	que
il	PRON	il
en	ADP	en
a	ADP	a
le	DET	le
vis	NOUN	vis
moillié	VERB	moillier
.	PUNCT	.
Li	DET	le
dus	NOUN	duc
n'	ADV	ne
en	ADP	en
ot	VERB	avoir
pas	NOUN	pas
le	DET	le
cuer	NOUN	cuer
lié	ADJ	lié
,	PUNCT	,
qui	PRON	qui
pensse	NOUN	penser
qu'	SCONJ	que
il	PRON	il
i	ADV	i
a	ADP	a
tel	DET	tel
chose	NOUN	chose
que	SCONJ	que
reconnoistre	VERB	reconnaître
ne	ADV	ne
li	DET	le
ose	VERB	oser
.	PUNCT	.
Lors	ADV	lors
dist	VERB	dire
li	DET	le
dus	NOUN	duc
isnel	ADJ	isnel
le	DET	le
pas	NOUN	pas
:	PUNCT	:
«	PUNCT	"
Bien	NOUN	bien
voi	NOUN	vëoir
que	SCONJ	que
ne	ADV	ne
vous	PRON	vous
fïez	VERB	fïer
pas	NOUN	pas
en	ADP	en
moi	PRON	je
tant	ADV	tant
com	SCONJ	come
vous	PRON	vous
devriiez	VERB	devriier
.	PUNCT	.
Cuidiez	VERB	cuidier
vous	PRON	vous
,	PUNCT	,
se	PRON	se
me	PRON	je
disiiez	NOUN	dire
vostre	DET	vostre
conseil	NOUN	conseil
celeement	NOUN	celeement
,	PUNCT	,
que	SCONJ	que
jel	NOUN	je.il
deïsse	VERB	dire
a	ADP	a
nule	DET	nul
gent	NOUN	gent
?	PUNCT	?
Je	PRON	je
me	PRON	je
leroie	NOUN	leier
avant	ADV	avant
sanz	ADP	sans
faute	NOUN	falir
trere	VERB	traire
les	DET	le
denz	ADP	dent
l'	DET	le
un	DET	un
avant	ADV	avant
l'	DET	le
autre	ADJ	autre
.	PUNCT	.
-	PUNCT	-
Ha	INTJ	ha
!	PUNCT	!
fet	VERB	faire
cil	DET	cel
,	PUNCT	,
por	ADP	por
Dieu	PROPN	dieu
merci	NOUN	merci
,	PUNCT	,
sire	NOUN	seignor
je	PRON	je
ne	ADV	ne
sai	VERB	savoir
que	SCONJ	que
je	PRON	je
doie	VERB	devoir
dire	VERB	dire
ne	ADV	ne
que	SCONJ	que
je	PRON	je
puisse	VERB	pöoir
devenir	VERB	devenir
;	PUNCT	;
mes	DET	mais
je	PRON	je
voudroie	VERB	voloir
mieus	ADV	mieux
morir	VERB	morir
que	SCONJ	que
perdre	VERB	perdre
ce	PRON	ce
que	SCONJ	que
je	PRON	je
perdroie	VERB	perdre
se	PRON	se
le	DET	le
voir	ADJ	voir
dit	VERB	dire
vous	PRON	vous
en	ADP	en
avoie	VERB	avoir
;	PUNCT	;
quar	CCONJ	car
s'	DET	soi
il	PRON	il
estoit	VERB	estre
de	ADP	de
li	DET	le
seü	VERB	savoir
que	SCONJ	que
l'	DET	le
eüsse	VERB	avoir
reconneü	VERB	reconnaître
a	ADP	a
jor	NOUN	jor
qui	PRON	qui
fust	VERB	estre
a	ADP	a
mon	DET	mon
vivant	VERB	vivre
.	PUNCT	.
.	PUNCT	.
.	PUNCT	.
!	PUNCT	!
»	PUNCT	"
Lors	ADV	lors
dist	VERB	dire
li	DET	le
dus	NOUN	duc
:	PUNCT	:
Je	PRON	je
vous	PRON	vous
creant	VERB	crëante
seur	NOUN	soir
le	DET	le
cors	NOUN	cors
et	CCONJ	et
l'	DET	le
ame	NOUN	ame
de	ADP	de
moi	PRON	je
et	CCONJ	et
sor	ADP	sor
l'	DET	le
amor	NOUN	amor
et	CCONJ	et
sor	ADP	sor
la	DET	le
foi	NOUN	foi
que	SCONJ	que
je	PRON	je
vous	PRON	vous
doi	NOUN	devoir
sor	ADP	sor
vostre	DET	vostre
hommage	NOUN	hommage
,	PUNCT	,
que	SCONJ	que
ja	ADV	ja
en	ADP	en
trestout	DET	trestot
mon	DET	mon
eage	NOUN	egai
n'	ADV	ne
en	ADP	en
ert	VERB	estre
a	ADP	a
creature	NOUN	créature
nee	VERB	naistre
par	ADP	par
moi	PRON	je
novele	NOUN	novele
racontee	VERB	raconter
ne	ADV	ne
samblant	NOUN	sambler
fet	VERB	faire
grant	ADJ	grant
ne	ADV	ne
petit	ADJ	petit
.	PUNCT	.
»	PUNCT	"
Et	CCONJ	et
cil	DET	cel
en	ADP	en
plorant	VERB	plorer
li	DET	le
a	ADP	a
dit	VERB	dire
:	PUNCT	:
«	PUNCT	"
Sire	NOUN	seignor
,	PUNCT	,
jel	NOUN	je.il
vous	PRON	vous
dirai	VERB	dire
ainsi	ADV	ainsi
;	PUNCT	;
j'	PRON	je
aim	VERB	aimer
vostre	DET	vostre
niece	NOUN	niece
de	ADP	de
Vergi	VERB	vergier
,	PUNCT	,
et	CCONJ	et
ele	PRON	il
moi	PRON	je
,	PUNCT	,
tant	ADV	tant
c'	CCONJ	ce
on	PRON	on
puet	VERB	pöoir
plus	ADV	plus
.	PUNCT	.
-	PUNCT	-
Or	ADV	or
me	PRON	je
dites	VERB	dire
donc	ADV	donc
,	PUNCT	,
fet	VERB	faire
li	DET	le
dus	NOUN	duc
,	PUNCT	,
quant	SCONJ	cant
vous	PRON	vous
volez	VERB	voloir
c'	CCONJ	ce
on	PRON	on
vous	PRON	vous
encuevre	NOUN	encover
,	PUNCT	,
savoit	VERB	savoir
nus	DET	nul
fors	ADV	fors
vous	PRON	vous
dui	PRON	deus
ceste	DET	cest
oevre	NOUN	ovrir
?	PUNCT	?
»	PUNCT	"
Et	CCONJ	et
li	DET	le
chevaliers	NOUN	chevalier
li	DET	le
respont	VERB	respondre
:	PUNCT	:
«	PUNCT	"
Nenil	ADV	nenil
,	PUNCT	,
creature	NOUN	créature
del	ADP.DET	de.le
mont	NOUN	monde
.	PUNCT	.
»	PUNCT	"
Et	CCONJ	et
dist	VERB	dire
li	DET	le
dus	NOUN	duc
:	PUNCT	:
«	PUNCT	"
Ce	PRON	ce
n'	ADV	ne
avint	VERB	avenir
onques	ADV	onque
:	PUNCT	:
comment	ADV	comment
i	ADV	i
avenez	VERB	avenir
vous	PRON	vous
donques	ADV	donc
,	PUNCT	,
ne	ADV	ne
comment	ADV	comment
savez	VERB	savoir
lieu	NOUN	lieu
ne	ADV	ne
tens	NOUN	tens
?	PUNCT	?
-	PUNCT	-
Par	ADP	par
foi	NOUN	foi
,	PUNCT	,
sire	NOUN	seignor
,	PUNCT	,
fet	VERB	faire
cil	DET	cel
,	PUNCT	,
par	ADP	par
sens	NOUN	sens
que	SCONJ	que
je	PRON	je
vous	PRON	vous
dirai	VERB	dire
sanz	ADP	sans
riens	NOUN	rien
tere	NOUN	terre
,	PUNCT	,
quant	SCONJ	cant
tant	ADV	tant
savez	VERB	savoir
de	ADP	de
nostre	DET	notre
afere	NOUN	afaire
.	PUNCT	.
»	PUNCT	"
Lors	ADV	lors
li	DET	le
a	ADP	a
toutes	DET	tout
acontees	VERB	aconter
ses	DET	son
venues	VERB	venir
et	CCONJ	et
ses	DET	son
alees	VERB	aler
,	PUNCT	,
et	CCONJ	et
la	DET	le
couvenance	NOUN	covenir
premiere	ADJ	premier
,	PUNCT	,
et	CCONJ	et
du	ADP.DET	de.le
petit	ADJ	petit
chien	NOUN	chien
la	DET	le
maniere	NOUN	manière
.	PUNCT	.
Lors	ADV	lors
dist	VERB	dire
li	DET	le
dus	NOUN	duc
:	PUNCT	:
«	PUNCT	"
Je	PRON	je
vous	PRON	vous
requier	VERB	requerre
que	SCONJ	que
a	ADP	a
vostre	DET	vostre
terme	NOUN	terme
premier	ADJ	premier
vueilliez	NOUN	vouloir
que	SCONJ	que
vostre	DET	vostre
compains	NOUN	compagnon
soie	NOUN	estre
d'	ADP	de
aler	VERB	aler
o	ADP	o
vous	PRON	vous
en	ADP	en
ceste	DET	cest
voie	NOUN	voie
,	PUNCT	,
quar	CCONJ	car
je	PRON	je
vueil	NOUN	vouloir
savoir	VERB	savoir
sans	NOUN	sans
aloingne	VERB	aler
se	PRON	se
ainsi	ADV	ainsi
va	VERB	aler
vostre	DET	vostre
besoingne	NOUN	besoingnier
:	PUNCT	:
si	ADV	si
n'	ADV	ne
en	ADP	en
savra	VERB	savoir
ma	DET	mon
niece	NOUN	niece
rien	NOUN	rien
.	PUNCT	.
-	PUNCT	-
Sire	NOUN	seignor
,	PUNCT	,
fet	VERB	faire
il	PRON	il
,	PUNCT	,
je	PRON	je
l'	DET	le
otroi	VERB	otroiier
bien	NOUN	bien
,	PUNCT	,
mes	DET	mais
qu'	SCONJ	que
il	PRON	il
ne	ADV	ne
vous	PRON	vous
griet	VERB	grever
ne	ADV	ne
anuit	ADV	anuit
,	PUNCT	,
et	CCONJ	et
,	PUNCT	,
sachiez	VERB	savoir
bien	NOUN	bien
,	PUNCT	,
g'	PRON	je
irai	VERB	aler
anuit	ADV	anuit
.	PUNCT	.
»	PUNCT	"
Et	CCONJ	et
li	DET	le
dus	NOUN	duc
dist	VERB	dire
qu'	SCONJ	que
il	PRON	il
i	ADV	i
ira	VERB	aler
,	PUNCT	,
que	SCONJ	que
ja	ADV	ja
ne	ADV	ne
li	DET	le
anuiera	VERB	enoiier
,	PUNCT	,
ainz	ADV	ainz
li	DET	le
sera	VERB	estre
solaz	NOUN	solaz
et	CCONJ	et
geu	NOUN	jeu
.	PUNCT	.
Entr'	ADP	entre
aus	PRON	il
ont	VERB	avoir
devisé	NOUN	deviser
le	DET	le
leu	NOUN	lieu
ou	CCONJ	ou
assembleront	VERB	assembler
tout	DET	tout
a	ADP	a
pié	NOUN	pié
.	PUNCT	.
Si	ADV	si
tost	DET	tost
comme	SCONJ	comme
il	PRON	il
fu	VERB	estre
anuitié	VERB	anuitier
,	PUNCT	,
que	SCONJ	que
assez	ADV	assez
pres	ADV	près
d'	ADP	de
iluec	ADV	iluec
estoit	VERB	estre
ou	CCONJ	ou
la	DET	le
niece	NOUN	niece
le	DET	le
duc	NOUN	duc
manoit	VERB	mener
,	PUNCT	,
cele	DET	cel
part	NOUN	part
tienent	VERB	tenir
lor	DET	lor
chemin	NOUN	chemin
tant	ADV	tant
qu'	SCONJ	que
il	PRON	il
sont	VERB	estre
venu	VERB	venir
au	ADP.DET	a.le
jardin	NOUN	jardin
,	PUNCT	,
ou	CCONJ	ou
li	DET	le
dus	NOUN	duc
ne	ADV	ne
fu	VERB	estre
pas	NOUN	pas
grant	ADJ	grant
piece	NOUN	piece
,	PUNCT	,
quant	SCONJ	cant
il	PRON	il
vit	VERB	vëoir
le	DET	le
chienet	VERB	chienet
sa	DET	son
niece	NOUN	niece
qui	PRON	qui
s'	DET	soi
en	ADP	en
vint	VERB	venir
au	ADP.DET	a.le
bout	NOUN	boter
du	ADP.DET	de.le
vergier	NOUN	vergier
ou	CCONJ	ou
il	PRON	il
trova	VERB	trover
le	DET	le
chevalier	NOUN	chevalier
qui	PRON	qui
grant	ADJ	grant
joie	NOUN	joie
a	ADP	a
fet	VERB	faire
au	ADP.DET	a.le
chienet	VERB	chienet
.	PUNCT	.
Tantost	ADV	tantost
a	ADP	a
la	DET	le
voie	NOUN	voie
se	PRON	se
met	VERB	metre
li	DET	le
chevaliers	NOUN	chevalier
et	CCONJ	et
le	DET	le
duc	NOUN	duc
lait	VERB	lait
,	PUNCT	,
et	CCONJ	et
li	DET	le
dus	NOUN	duc
aprés	ADP	après
lui	PRON	lui
s'	DET	soi
en	ADP	en
vait	VERB	aler
pres	ADV	près
de	ADP	de
la	DET	le
chambre	NOUN	chambre
,	PUNCT	,
et	CCONJ	et
ne	ADV	ne
se	PRON	se
muet	VERB	movoir
;	PUNCT	;
iluec	ADV	iluec
s'	DET	soi
esconsse	NOUN	esconse
au	ADP.DET	a.le
mieus	ADV	mieux
qu'	SCONJ	que
il	PRON	il
puet	VERB	pöoir
;	PUNCT	;
d'	ADP	de
un	DET	un
arbre	NOUN	arbre
mout	ADV	mout
grant	ADJ	grant
et	CCONJ	et
mout	ADV	mout
large	ADJ	large
s'	DET	soi
estoit	VERB	estre
couvers	NOUN	couvrir
com	SCONJ	come
d'	ADP	de
une	DET	un
targe	NOUN	targe
et	CCONJ	et
mout	ADV	mout
entent	VERB	entendre
a	ADP	a
lui	PRON	lui
celer	VERB	celer
.	PUNCT	.
D'	ADP	de
iluec	ADV	iluec
vit	VERB	vëoir
en	ADP	en
la	DET	le
chambre	NOUN	chambre
entrer	VERB	entrer
le	DET	le
chevalier	NOUN	chevalier
,	PUNCT	,
et	CCONJ	et
vit	VERB	vëoir
issir	VERB	issir
sa	DET	son
niece	NOUN	niece
et	CCONJ	et
contre	ADP	contre
lui	PRON	lui
venir	VERB	venir
hors	ADV	hors
de	ADP	de
la	DET	le
chambre	NOUN	chambre
en	ADP	en
un	DET	un
prael	NOUN	präel
,	PUNCT	,
et	CCONJ	et
vit	VERB	vëoir
et	CCONJ	et
oï	VERB	öir
tel	DET	tel
apel	ADP	apeler
comme	SCONJ	comme
ele	PRON	il
li	DET	le
fist	VERB	faire
par	ADP	par
solaz	NOUN	solaz
de	ADP	de
salut	VERB	salüer
de	ADP	de
bouche	NOUN	bouche
et	CCONJ	et
de	ADP	de
braz	NOUN	braz
,	PUNCT	,
si	ADV	si
tost	DET	tost
comme	SCONJ	comme
ele	PRON	il
le	DET	le
choisi	NOUN	choisir
.	PUNCT	.
De	ADP	de
la	DET	le
chambre	NOUN	chambre
vers	ADP	vers
lui	PRON	lui
sailli	VERB	salir
,	PUNCT	,
et	CCONJ	et
de	ADP	de
ses	DET	son
biaus	ADJ	bel
braz	NOUN	braz
l'	DET	le
acola	VERB	accoler
et	CCONJ	et
plus	ADV	plus
de	ADP	de
cent	DET	cent
foiz	NOUN	foi
le	DET	le
besa	VERB	beau
ainz	ADV	ainz
que	SCONJ	que
feïst	VERB	faire
longue	ADJ	long
parole	NOUN	parole
.	PUNCT	.
Et	CCONJ	et
cil	DET	cel
la	DET	le
rebese	VERB	reber
et	CCONJ	et
acole	VERB	acoler
,	PUNCT	,
et	CCONJ	et
li	DET	le
dist	VERB	dire
:	PUNCT	:
«	PUNCT	"
Ma	DET	mon
dame	NOUN	dame
,	PUNCT	,
m'	PRON	je
amie	NOUN	ami
,	PUNCT	,
m'	PRON	je
amor	NOUN	amor
,	PUNCT	,
mon	DET	mon
cuer	NOUN	cuer
,	PUNCT	,
ma	DET	mon
druërie	ADJ	droiture
,	PUNCT	,
m'	PRON	je
esperance	NOUN	espérance
et	CCONJ	et
tout	DET	tout
quanques	PRON	cantque
j'	PRON	je
aim	VERB	aimer
,	PUNCT	,
sachiez	VERB	savoir
que	SCONJ	que
j'	PRON	je
ai	VERB	avoir
eü	VERB	avoir
grant	ADJ	grant
faim	NOUN	faim
d'	ADP	de
estre	VERB	estre
o	ADP	o
vous	PRON	vous
,	PUNCT	,
si	ADV	si
comme	SCONJ	comme
ore	NOUN	ore
i	ADV	i
sui	VERB	estre
,	PUNCT	,
trestoz	DET	trestot
jors	NOUN	jour
puis	NOUN	puis
que	SCONJ	que
je	PRON	je
n'	ADV	ne
i	ADV	i
fui	VERB	estre
.	PUNCT	.
»	PUNCT	"
Ele	PRON	il
redist	VERB	redire
:	PUNCT	:
«	PUNCT	"
Mon	DET	mon
douz	ADJ	douz
seignor	NOUN	seignor
,	PUNCT	,
mes	DET	mais
douz	ADJ	douz
amis	NOUN	ami
,	PUNCT	,
ma	DET	mon
douce	ADJ	doux
amor	NOUN	amor
,	PUNCT	,
onques	ADV	onque
puis	NOUN	puis
ne	ADV	ne
fu	VERB	estre
jor	NOUN	jor
ne	ADV	ne
eure	NOUN	erer
que	SCONJ	que
ne	ADV	ne
m'	PRON	je
anuiast	VERB	ainuile
la	DET	le
demeure	NOUN	demeurer
;	PUNCT	;
mes	DET	mais
ore	NOUN	ore
de	ADP	de
riens	NOUN	rien
ne	ADV	ne
me	PRON	je
dueil	NOUN	doloir
,	PUNCT	,
quant	SCONJ	cant
j'	PRON	je
ai	VERB	avoir
o	ADP	o
moi	PRON	je
ce	PRON	ce
que	SCONJ	que
je	PRON	je
vueil	NOUN	vouloir
,	PUNCT	,
quant	SCONJ	cant
ci	ADV	ci
estes	VERB	estre
sains	ADJ	sain
et	CCONJ	et
haitiez	VERB	haitier
,	PUNCT	,
et	CCONJ	et
li	DET	le
tres	ADV	très
bien	NOUN	bien
venuz	VERB	venir
soiez	VERB	estre
!	PUNCT	!
»	PUNCT	"
Et	CCONJ	et
cil	DET	cel
dist	VERB	dire
:	PUNCT	:
«	PUNCT	"
Et	CCONJ	et
vous	PRON	vous
bien	NOUN	bien
trovee	VERB	trover
!	PUNCT	!
»	PUNCT	"
Tout	DET	tout
oï	VERB	öir
li	DET	le
dus	NOUN	duc
a	ADP	a
l'	DET	le
entree	NOUN	entree
,	PUNCT	,
qui	PRON	qui
mout	ADV	mout
pres	ADV	près
d'	ADP	de
aus	PRON	il
apoiez	VERB	apoiier
fu	VERB	estre
;	PUNCT	;
sa	DET	son
niece	NOUN	niece
a	ADP	a
la	DET	le
voiz	NOUN	voiz
bien	NOUN	bien
connu	VERB	conne
,	PUNCT	,
si	ADV	si
bien	NOUN	bien
,	PUNCT	,
et	CCONJ	et
a	ADP	a
la	DET	le
contenance	NOUN	contenance
,	PUNCT	,
que	SCONJ	que
il	PRON	il
est	VERB	estre
or	NOUN	or
fors	ADV	fors
de	ADP	de
doutance	NOUN	doutence
,	PUNCT	,
et	CCONJ	et
si	ADV	si
tient	VERB	tenir
de	ADP	de
ce	PRON	ce
la	DET	le
duchesse	NOUN	duchés
que	SCONJ	que
dit	VERB	dire
li	DET	le
ot	VERB	avoir
a	ADP	a
menteresse	NOUN	menteser
;	PUNCT	;
et	CCONJ	et
mout	ADV	mout
li	DET	le
plest	NOUN	plaire
:	PUNCT	:
or	NOUN	or
voit	VERB	vëoir
il	PRON	il
bien	NOUN	bien
que	SCONJ	que
cil	DET	cel
ne	ADV	ne
li	DET	le
a	ADP	a
mesfet	NOUN	mesfait
rien	NOUN	rien
de	ADP	de
ce	PRON	ce
que	SCONJ	que
il	PRON	il
l'	DET	le
a	ADP	a
mescreü	VERB	mescrovre
.	PUNCT	.
Ilueques	PROPN	iluec
s'	DET	soi
est	VERB	estre
issi	VERB	issir
tenu	VERB	tenir
toute	DET	tout
la	DET	le
nuit	NOUN	nuit
,	PUNCT	,
endementiers	ADV	endementiere
que	SCONJ	que
la	DET	le
dame	NOUN	dame
et	CCONJ	et
li	DET	le
chevaliers	NOUN	chevalier
dedenz	ADP	dedenz
la	DET	le
chambre	NOUN	chambre
en	ADP	en
un	DET	un
lit	NOUN	lit
furent	VERB	estre
et	CCONJ	et
sanz	ADP	sans
dormir	VERB	dormir
ensamble	ADV	emsambel
jurent	VERB	jesir
,	PUNCT	,
a	ADP	a
tel	DET	tel
joie	NOUN	joie
et	CCONJ	et
a	ADP	a
tel	DET	tel
deport	VERB	deport
qu'	SCONJ	que
il	PRON	il
n'	ADV	ne
est	VERB	estre
resons	NOUN	reson
que	SCONJ	que
le	DET	le
recort	NOUN	recort
,	PUNCT	,
ne	ADV	ne
nus	DET	nul
ne	ADV	ne
l'	DET	le
entende	VERB	entendre
ne	ADV	ne
n'	ADV	ne
oie	NOUN	öir
s'	DET	soi
il	PRON	il
n'	ADV	ne
atent	VERB	atendre
a	ADP	a
avoir	VERB	avoir
tel	DET	tel
joie	NOUN	joie
que	SCONJ	que
Amors	NOUN	amor
aus	PRON	il
fins	NOUN	fin
amanz	NOUN	amant
done	VERB	doner
,	PUNCT	,
quant	SCONJ	cant
sa	DET	son
paine	NOUN	peine
reguerredone	NOUN	rejergorier
.	PUNCT	.
Quar	CCONJ	car
cil	DET	cel
qui	PRON	qui
tel	DET	tel
joie	NOUN	joie
n'	ADV	ne
atent	VERB	atendre
,	PUNCT	,
s'	DET	soi
il	PRON	il
l'	DET	le
ooit	VERB	öir
or	NOUN	or
,	PUNCT	,
riens	NOUN	rien
n'	ADV	ne
i	ADV	i
entent	VERB	entendre
,	PUNCT	,
puis	NOUN	puis
qu'	SCONJ	que
il	PRON	il
n'	ADV	ne
a	ADP	a
a	ADP	a
Amors	NOUN	amor
le	DET	le
cuer	NOUN	cuer
:	PUNCT	:
que	SCONJ	que
nus	DET	nul
ne	ADV	ne
savroit	VERB	savoir
a	ADP	a
nul	DET	nul
fuer	NOUN	fuer
combien	NOUN	combien
vaut	VERB	valoir
a	ADP	a
tel	DET	tel
joie	NOUN	joie
avoir	VERB	avoir
,	PUNCT	,
s'	DET	soi
Amors	NOUN	amor
ne	ADV	ne
li	DET	le
fesoit	VERB	faire
savoir	VERB	savoir
.	PUNCT	.
Ne	CCONJ	ne
teus	ADJ	taire
biens	NOUN	bien
n'	ADV	ne
avient	VERB	avenir
mie	ADV	mie
a	ADP	a
toz	DET	tot
,	PUNCT	,
que	SCONJ	que
ce	PRON	ce
est	VERB	estre
joie	NOUN	joie
sanz	ADP	sans
corouz	NOUN	corroz
et	CCONJ	et
solaz	NOUN	solaz
et	CCONJ	et
envoiseüre	NOUN	envoser
;	PUNCT	;
mes	DET	mais
tant	ADV	tant
i	ADV	i
a	ADP	a
que	SCONJ	que
petit	ADJ	petit
dure	ADJ	dur
,	PUNCT	,
c'	CCONJ	ce
est	VERB	estre
avis	NOUN	avis
a	ADP	a
l'	DET	le
amant	NOUN	amender
qui	PRON	qui
l'	DET	le
a	ADP	a
;	PUNCT	;
ja	ADV	ja
tant	ADV	tant
longues	ADJ	long
ne	ADV	ne
durera	VERB	durer
,	PUNCT	,
tant	ADV	tant
li	DET	le
plest	NOUN	plaire
la	DET	le
vie	NOUN	vie
qu'	SCONJ	que
il	PRON	il
maine	NOUN	maine
,	PUNCT	,
que	SCONJ	que
se	PRON	se
nuis	NOUN	nuir
devenoit	VERB	devenir
semaine	NOUN	semaine
et	CCONJ	et
semaine	NOUN	semaine
devenoit	VERB	devenir
mois	NOUN	mois
,	PUNCT	,
et	CCONJ	et
mois	NOUN	mois
uns	DET	un
anz	NOUN	an
,	PUNCT	,
et	CCONJ	et
uns	DET	un
anz	NOUN	an
trois	DET	trois
,	PUNCT	,
et	CCONJ	et
troi	DET	trois
an	ADP	en
vint	VERB	venir
,	PUNCT	,
et	CCONJ	et
vint	VERB	venir
an	ADP	en
cent	DET	cent
,	PUNCT	,
quant	SCONJ	cant
vendroit	VERB	vendre
au	ADP.DET	a.le
definement	NOUN	defenir
,	PUNCT	,
si	ADV	si
voudroit	VERB	voloir
il	PRON	il
qu'	SCONJ	que
il	PRON	il
anuitast	VERB	enoiier
cele	DET	cel
nuit	NOUN	nuit
,	PUNCT	,
ainz	ADV	ainz
qu'	SCONJ	que
il	PRON	il
ajornast	VERB	ajorner
.	PUNCT	.
Et	CCONJ	et
en	ADP	en
itel	DET	itel
penssé	NOUN	penser
estoit	VERB	estre
icil	DET	cil
que	SCONJ	que
li	DET	le
dus	NOUN	duc
atendoit	VERB	atendre
;	PUNCT	;
quar	CCONJ	car
ainz	ADV	ainz
jor	NOUN	jor
aler	VERB	aler
l'	DET	le
en	ADP	en
covint	VERB	covenir
,	PUNCT	,
et	CCONJ	et
s'	DET	soi
amie	NOUN	ami
o	ADP	o
lui	PRON	lui
a	ADP	a
l'	DET	le
uis	NOUN	uis
vint	VERB	venir
.	PUNCT	.
La	DET	le
vit	VERB	vëoir
li	DET	le
dus	NOUN	duc
au	ADP.DET	a.le
congié	NOUN	congié
prendre	VERB	prendre
besier	VERB	baisier
doner	VERB	doner
et	CCONJ	et
besier	VERB	baisier
rendre	VERB	rendre
,	PUNCT	,
et	CCONJ	et
oï	VERB	öir
forment	ADV	forment
souspirer	VERB	sospirer
et	CCONJ	et
au	ADP.DET	a.le
congié	NOUN	congié
prendre	VERB	prendre
plorer	VERB	plorer
.	PUNCT	.
Iluec	ADV	iluec
ot	VERB	avoir
ploré	VERB	plorer
mainte	DET	maint
lerme	NOUN	larme
,	PUNCT	,
et	CCONJ	et
si	ADV	si
oï	VERB	öir
prendre	VERB	prendre
le	DET	le
terme	NOUN	terme
du	ADP.DET	de.le
rassambler	VERB	rassambre
iluec	ADV	iluec
arriere	ADV	ariere
.	PUNCT	.
Li	DET	le
chevaliers	NOUN	chevalier
en	ADP	en
tel	DET	tel
maniere	NOUN	manière
s'	DET	soi
en	ADP	en
part	NOUN	part
,	PUNCT	,
et	CCONJ	et
la	DET	le
dame	NOUN	dame
l'	DET	le
uis	NOUN	uis
clot	VERB	clore
;	PUNCT	;
mes	DET	mais
tant	ADV	tant
comme	SCONJ	comme
veoir	VERB	vëoir
le	DET	le
pot	VERB	pöoir
,	PUNCT	,
le	DET	le
convoia	VERB	convoiier
a	ADP	a
ses	DET	son
biaus	ADJ	bel
ieus	NOUN	il
,	PUNCT	,
quant	SCONJ	cant
ele	PRON	il
ne	ADV	ne
pot	VERB	pöoir
fere	VERB	faire
mieus	ADV	mieux
.	PUNCT	.
Quant	SCONJ	cant
li	DET	le
dus	NOUN	duc
vit	VERB	vëoir
clorre	NOUN	clorer
l'	DET	le
uisset	VERB	huiste
,	PUNCT	,
tantost	ADV	tantost
a	ADP	a
la	DET	le
voie	NOUN	voie
se	PRON	se
met	VERB	metre
tant	ADV	tant
que	SCONJ	que
le	DET	le
chevalier	NOUN	chevalier
ataint	VERB	ataindre
qui	PRON	qui
a	ADP	a
soi	PRON	soi
meïsme	ADJ	mëisme
se	PRON	se
plaint	ADJ	plaindre
de	ADP	de
la	DET	le
nuit	NOUN	nuit
:	PUNCT	:
si	ADV	si
comme	SCONJ	comme
il	PRON	il
a	ADP	a
dit	VERB	dire
,	PUNCT	,
trop	ADV	trop
li	DET	le
avoit	VERB	avoir
duré	VERB	durer
petit	ADJ	petit
.	PUNCT	.
Et	CCONJ	et
tel	DET	tel
penssee	NOUN	penser
et	CCONJ	et
auteus	DET	auteur
diz	NOUN	dire
ot	VERB	avoir
cele	DET	cel
dont	PRON	dont
il	PRON	il
ert	VERB	estre
partiz	NOUN	partir
,	PUNCT	,
a	ADP	a
cui	PRON	cui
il	PRON	il
samble	NOUN	samble
por	ADP	por
la	DET	le
nuit	NOUN	nuit
que	SCONJ	que
failli	VERB	falir
ait	VERB	avoir
a	ADP	a
son	DET	son
deduit	NOUN	deduit
,	PUNCT	,
ne	ADV	ne
du	ADP.DET	de.le
jor	NOUN	jor
ne	ADV	ne
se	PRON	se
loe	NOUN	löer
point	NOUN	point
.	PUNCT	.
Li	DET	le
chevaliers	NOUN	chevalier
ert	VERB	estre
en	ADP	en
tel	DET	tel
point	NOUN	point
et	CCONJ	et
de	ADP	de
penssee	NOUN	penser
et	CCONJ	et
de	ADP	de
parole	NOUN	parole
,	PUNCT	,
quant	SCONJ	cant
li	DET	le
dus	NOUN	duc
l'	DET	le
ataint	VERB	ataindre
,	PUNCT	,
si	ADV	si
l'	DET	le
acole	VERB	acoler
et	CCONJ	et
li	DET	le
a	ADP	a
fet	VERB	faire
joie	NOUN	joie
mout	ADV	mout
grant	ADJ	grant
,	PUNCT	,
puis	NOUN	puis
li	DET	le
a	ADP	a
dit	VERB	dire
:	PUNCT	:
«	PUNCT	"
Je	PRON	je
vous	PRON	vous
créant	NOUN	croire
que	SCONJ	que
toz	DET	tot
jors	NOUN	jour
mes	DET	mais
vous	PRON	vous
amerai	VERB	amer
ne	ADV	ne
ja	ADV	ja
mes	DET	mais
jor	NOUN	jor
ne	ADV	ne
vous	PRON	vous
harrai	NOUN	harrai
quar	CCONJ	car
vous	PRON	vous
m'	PRON	je
avez	VERB	avoir
de	ADP	de
tout	DET	tout
voir	ADJ	voir
dit	VERB	dire
et	CCONJ	et
ne	ADV	ne
m'	PRON	je
avez	VERB	avoir
de	ADP	de
mot	NOUN	mot
mentit	ADJ	mentir
.	PUNCT	.
-	PUNCT	-
Sire	NOUN	seignor
,	PUNCT	,
fet	VERB	faire
cil	DET	cel
,	PUNCT	,
vostre	DET	vostre
merci	NOUN	merci
!	PUNCT	!
mes	DET	mais
por	ADP	por
Dieu	PROPN	dieu
vous	PRON	vous
requier	VERB	requerre
et	CCONJ	et
pri	VERB	priier
que	SCONJ	que
cest	DET	cest
conseil	NOUN	conseil
celer	VERB	celer
vous	PRON	vous
plaise	NOUN	plaie
,	PUNCT	,
qu'	SCONJ	que
amor	NOUN	amor
perdroie	VERB	perdre
et	CCONJ	et
joie	NOUN	joie
et	CCONJ	et
aise	NOUN	aise
et	CCONJ	et
morroie	VERB	morir
sanz	ADP	sans
nule	DET	nul
faute	NOUN	falir
,	PUNCT	,
se	PRON	se
je	PRON	je
savoie	VERB	savoir
que	SCONJ	que
nul	DET	nul
autre	ADJ	autre
ice	PRON	ice
savroit	VERB	savoir
fors	ADV	fors
vous	PRON	vous
sanz	ADP	sans
plus	ADV	plus
.	PUNCT	.
-	PUNCT	-
Or	ADV	or
n'	ADV	ne
en	ADP	en
parlez	VERB	parler
ja	ADV	ja
,	PUNCT	,
fet	VERB	faire
li	DET	le
dus	NOUN	duc
;	PUNCT	;
sachiez	VERB	savoir
qu'	SCONJ	que
il	PRON	il
ert	VERB	estre
si	ADV	si
bien	NOUN	bien
celé	VERB	celer
que	SCONJ	que
ja	ADV	ja
par	ADP	par
moi	PRON	je
n'	ADV	ne
en	ADP	en
ert	VERB	estre
parlé	VERB	parler
.	PUNCT	.
»	PUNCT	"
Ainsi	ADV	ainsi
s'	DET	soi
en	ADP	en
sont	VERB	estre
parlant	VERB	parler
venu	VERB	venir
la	DET	le
dont	PRON	dont
il	PRON	il
estoient	VERB	estre
meü	VERB	movoir
.	PUNCT	.
Et	CCONJ	et
cel	DET	cel
jor	NOUN	jor
,	PUNCT	,
quant	SCONJ	cant
vint	VERB	venir
au	ADP.DET	a.le
mengier	VERB	mangier
,	PUNCT	,
moustra	VERB	moustroy
li	DET	le
dus	NOUN	duc
au	ADP.DET	a.le
chevalier	NOUN	chevalier
plus	ADV	plus
biau	ADJ	bel
samblant	NOUN	sambler
qu'	SCONJ	que
ainz	ADV	ainz
n'	ADV	ne
avoit	VERB	avoir
fait	VERB	faire
,	PUNCT	,
dont	PRON	dont
tel	DET	tel
corouz	NOUN	corroz
et	CCONJ	et
tel	DET	tel
deshait	NOUN	deshait
en	ADP	en
ot	VERB	avoir
la	DET	le
duchoise	NOUN	duché
sanz	ADP	sans
fable	NOUN	fable
qu'	SCONJ	que
ele	PRON	il
se	PRON	se
leva	VERB	lever
de	ADP	de
la	DET	le
table	NOUN	table
et	CCONJ	et
a	ADP	a
fet	VERB	faire
samblant	NOUN	sambler
par	ADP	par
faintise	NOUN	feindre
que	SCONJ	que
maladie	ADJ	maladen
li	DET	le
soit	VERB	estre
prise	VERB	prendre
:	PUNCT	:
alee	VERB	aler
est	VERB	estre
couchier	VERB	couchier
en	ADP	en
son	DET	son
lit	NOUN	lit
ou	CCONJ	ou
ele	PRON	il
ot	VERB	avoir
petit	ADJ	petit
de	ADP	de
delit	NOUN	delit
.	PUNCT	.
Et	CCONJ	et
li	DET	le
dus	NOUN	duc
,	PUNCT	,
quant	SCONJ	cant
il	PRON	il
ot	VERB	avoir
mengié	VERB	mangier
et	CCONJ	et
lavé	VERB	laver
et	CCONJ	et
bien	NOUN	bien
festoié	NOUN	fésoitié
,	PUNCT	,
si	ADV	si
l'	DET	le
est	VERB	estre
tantost	ADV	tantost
alez	VERB	aler
veoir	VERB	vëoir
et	CCONJ	et
la	DET	le
fist	VERB	faire
sus	DET	sus
son	DET	son
lit	NOUN	lit
seoir	VERB	sëoir
,	PUNCT	,
et	CCONJ	et
a	ADP	a
commandé	VERB	commander
que	SCONJ	que
nului	PRON	nul
ne	ADV	ne
remaingne	VERB	remanoir
leenz	ADJ	lait
fors	ADV	fors
lui	PRON	lui
:	PUNCT	:
l'	DET	le
en	ADP	en
fet	VERB	faire
tantost	ADV	tantost
ce	PRON	ce
qu'	SCONJ	que
il	PRON	il
commande	VERB	commander
;	PUNCT	;
et	CCONJ	et
li	DET	le
dus	NOUN	duc
errant	VERB	errer
li	DET	le
demande	VERB	demander
comment	ADV	comment
cist	DET	cest
maus	NOUN	mal
li	DET	le
est	VERB	estre
venu	VERB	venir
et	CCONJ	et
que	SCONJ	que
ce	PRON	ce
est	VERB	estre
qu'	SCONJ	que
ele	PRON	il
a	ADP	a
eü	VERB	avoir
.	PUNCT	.
Ele	PRON	il
respont	VERB	respondre
:	PUNCT	:
«	PUNCT	"
Si	ADV	si
Dieus	PROPN	dieu
me	PRON	je
gart	VERB	garder
,	PUNCT	,
je	PRON	je
ne	ADV	ne
m'	PRON	je
en	ADP	en
donoie	VERB	doner
regart	NOUN	regart
orains	NOUN	orains
,	PUNCT	,
quant	SCONJ	cant
au	ADP.DET	a.le
mengier	VERB	mangier
m'	PRON	je
assis	VERB	asseoir
,	PUNCT	,
que	SCONJ	que
greignor	ADJ	grant
sens	NOUN	sens
et	CCONJ	et
plus	ADV	plus
d'	ADP	de
avis	NOUN	avis
n'	ADV	ne
avez	VERB	avoir
en	ADP	en
vous	PRON	vous
que	SCONJ	que
je	PRON	je
n'	ADV	ne
i	ADV	i
vi	VERB	vëoir
,	PUNCT	,
quant	SCONJ	cant
vous	PRON	vous
tenez	VERB	tenir
plus	ADV	plus
chier	ADJ	chier
celi	PRON	cel
que	SCONJ	que
je	PRON	je
vous	PRON	vous
ai	VERB	avoir
dit	VERB	dire
qui	PRON	qui
porchace	NOUN	porchacier
qu'	SCONJ	que
il	PRON	il
a	ADP	a
moi	PRON	je
honte	NOUN	honte
et	CCONJ	et
despit	NOUN	despit
face	VERB	faire
;	PUNCT	;
et	CCONJ	et
quant	SCONJ	cant
vi	VERB	vëoir
que	SCONJ	que
plus	ADV	plus
biau	ADJ	bel
samblant	NOUN	sambler
li	DET	le
feïstes	VERB	faire
que	SCONJ	que
de	ADP	de
devant	ADP	devant
,	PUNCT	,
si	ADV	si
grant	ADJ	grant
duel	NOUN	duel
et	CCONJ	et
si	ADV	si
grant	ADJ	grant
ire	NOUN	ire
oi	VERB	avoir
qu'	SCONJ	que
ilueques	ADV	iluec
demorer	VERB	demorer
ne	ADV	ne
poi	NOUN	pöoir
.	PUNCT	.
-	PUNCT	-
Ha	INTJ	ha
!	PUNCT	!
fet	VERB	faire
li	DET	le
dus	NOUN	duc
,	PUNCT	,
ma	DET	mon
douce	ADJ	doux
amie	NOUN	ami
.	PUNCT	.
Sachiez	VERB	savoir
,	PUNCT	,
je	PRON	je
n'	ADV	ne
en	ADP	en
croiroie	VERB	croire
mie	ADV	mie
ne	ADV	ne
vous	PRON	vous
ne	ADV	ne
autre	ADJ	autre
creature	NOUN	créature
que	SCONJ	que
onques	ADV	onque
por	ADP	por
nule	DET	nul
aventure	NOUN	aventure
avenist	VERB	avenir
ce	PRON	ce
que	SCONJ	que
vous	PRON	vous
me	PRON	je
dites	VERB	dire
ainz	ADV	ainz
sai	VERB	savoir
bien	NOUN	bien
qu'	SCONJ	que
il	PRON	il
en	ADP	en
est	VERB	estre
toz	DET	tot
quites	ADJ	quite
,	PUNCT	,
n'	ADV	ne
onques	ADV	onque
ne	ADV	ne
penssa	VERB	penser
de	ADP	de
ce	PRON	ce
fere	VERB	faire
,	PUNCT	,
tant	ADV	tant
ai	VERB	avoir
apris	VERB	aprendre
de	ADP	de
son	DET	son
afere	NOUN	afaire
:	PUNCT	:
si	ADV	si
ne	ADV	ne
m'	PRON	je
en	ADP	en
enquerez	VERB	enquerre
ja	ADV	ja
plus	ADV	plus
.	PUNCT	.
»	PUNCT	"
Atant	ADV	atant
se	PRON	se
part	NOUN	part
d'	ADP	de
iluec	ADV	iluec
li	DET	le
dus	NOUN	duc
;	PUNCT	;
et	CCONJ	et
ele	PRON	il
remest	VERB	remanoir
mout	ADV	mout
penssive	ADJ	penser
,	PUNCT	,
que	SCONJ	que
ja	ADV	ja
mes	DET	mais
jor	NOUN	jor
que	SCONJ	que
ele	PRON	il
vive	ADJ	vif
,	PUNCT	,
une	DET	un
eure	NOUN	erer
a	ADP	a
aise	NOUN	aise
ne	ADV	ne
sera	VERB	estre
devant	ADP	devant
que	SCONJ	que
plus	ADV	plus
apris	VERB	aprendre
avra	VERB	avoir
de	ADP	de
ce	PRON	ce
que	SCONJ	que
li	DET	le
dus	NOUN	duc
li	DET	le
desfent	VERB	defendre
qu'	SCONJ	que
ele	PRON	il
ne	ADV	ne
li	DET	le
demant	VERB	demander
noient	VERB	noiier
;	PUNCT	;
que	SCONJ	que
ja	ADV	ja
ne	ADV	ne
l'	DET	le
en	ADP	en
tendra	VERB	tenir
desfensse	NOUN	defense
,	PUNCT	,
quar	CCONJ	car
en	ADP	en
son	DET	son
cuer	NOUN	cuer
engin	NOUN	engin
porpensse	NOUN	porsent
qu'	SCONJ	que
ele	PRON	il
le	DET	le
porra	VERB	pöoir
bien	NOUN	bien
savoir	VERB	savoir
,	PUNCT	,
s'	DET	soi
ele	PRON	il
s'	DET	soi
en	ADP	en
sueffre	VERB	souffrir
jusqu'	ADP	jusque
au	ADP.DET	a.le
soir	NOUN	soir
qu'	SCONJ	que
ele	PRON	il
ait	VERB	avoir
le	DET	le
duc	NOUN	duc
entre	ADP	entre
ses	DET	son
braz	NOUN	braz
:	PUNCT	:
ele	PRON	il
set	VERB	savoir
bien	NOUN	bien
qu'	SCONJ	que
en	ADP	en
tel	DET	tel
solaz	NOUN	solaz
en	ADP	en
fera	VERB	faire
,	PUNCT	,
ce	PRON	ce
ne	ADV	ne
doute	ADJ	doute
point	NOUN	point
,	PUNCT	,
mieus	ADV	mieux
son	DET	son
voloir	VERB	voloir
qu'	SCONJ	que
en	ADP	en
autre	ADJ	autre
point	NOUN	point
.	PUNCT	.
Por	ADP	por
ce	PRON	ce
adonc	ADV	adonc
atant	VERB	atendre
se	PRON	se
tint	VERB	tenir
,	PUNCT	,
et	CCONJ	et
quant	SCONJ	cant
li	DET	le
dus	NOUN	duc
couchier	VERB	couchier
se	PRON	se
vint	VERB	venir
,	PUNCT	,
a	ADP	a
une	DET	un
part	NOUN	part
du	ADP.DET	de.le
lit	NOUN	lit
s'	DET	soi
est	VERB	estre
traite	VERB	traire
;	PUNCT	;
samblant	NOUN	sambler
fet	VERB	faire
que	SCONJ	que
point	NOUN	point
ne	ADV	ne
li	DET	le
haite	ADJ	haitier
que	SCONJ	que
li	DET	le
dus	NOUN	duc
o	ADP	o
li	DET	le
gesir	VERB	jesir
doie	VERB	devoir
,	PUNCT	,
qu'	SCONJ	que
ele	PRON	il
set	VERB	savoir
bien	NOUN	bien
ce	PRON	ce
est	VERB	estre
la	DET	le
voie	NOUN	voie
de	ADP	de
son	DET	son
mari	NOUN	mari
metre	VERB	metre
au	ADP.DET	a.le
desouz	ADP	desoz
par	ADP	par
fere	VERB	faire
samblant	NOUN	sambler
de	ADP	de
corouz	NOUN	corroz
.	PUNCT	.
Por	ADP	por
ce	PRON	ce
se	PRON	se
tint	VERB	tenir
en	ADP	en
itel	DET	itel
guise	NOUN	guise
que	SCONJ	que
ele	PRON	il
mieus	ADV	mieux
le	DET	le
duc	NOUN	duc
atise	NOUN	atis
a	ADP	a
croire	VERB	croire
que	SCONJ	que
mout	ADV	mout
soit	VERB	estre
irie	NOUN	irier
;	PUNCT	;
por	ADP	por
ce	PRON	ce
sanz	ADP	sans
plus	ADV	plus
qu'	SCONJ	que
il	PRON	il
l'	DET	le
a	ADP	a
besie	NOUN	baisier
li	DET	le
dist	VERB	dire
ele	PRON	il
:	PUNCT	:
«	PUNCT	"
Mout	ADV	mout
estes	VERB	estre
faus	ADJ	faus
et	CCONJ	et
trichierres	NOUN	trichier
et	CCONJ	et
desloiaus	ADJ	deslouier
,	PUNCT	,
qui	PRON	qui
moi	PRON	je
moustrez	VERB	moustrer
samblant	NOUN	sambler
d'	ADP	de
amor	NOUN	amor
,	PUNCT	,
n'	ADV	ne
onques	ADV	onque
ne	ADV	ne
m'	PRON	je
amastes	NOUN	ametre
nul	DET	nul
jor	NOUN	jor
;	PUNCT	;
et	CCONJ	et
j'	PRON	je
ai	VERB	avoir
esté	VERB	être
lonc	ADJ	lonc
tens	NOUN	tens
si	ADV	si
fole	ADJ	fol
que	SCONJ	que
j'	PRON	je
ai	VERB	avoir
creü	VERB	croire
vostre	DET	vostre
parole	NOUN	parole
,	PUNCT	,
que	SCONJ	que
soventes	ADJ	sovente
foiz	NOUN	foi
disiiez	NOUN	dire
que	SCONJ	que
de	ADP	de
cuer	NOUN	cuer
loial	ADJ	loyal
m'	PRON	je
amiiez	NOUN	ami
;	PUNCT	;
mes	DET	mais
hui	ADV	ui
m'	PRON	je
en	ADP	en
sui	VERB	estre
aperceüe	VERB	apercevoir
que	SCONJ	que
j'	PRON	je
en	ADP	en
ai	VERB	avoir
esté	VERB	être
deceüe	VERB	decevoir
.	PUNCT	.
»	PUNCT	"
Et	CCONJ	et
li	DET	le
dus	NOUN	duc
dist	VERB	dire
:	PUNCT	:
«	PUNCT	"
Et	CCONJ	et
vous	PRON	vous
,	PUNCT	,
a	ADP	a
qoi	PRON	coi
?	PUNCT	?
-	PUNCT	-
Ja	ADV	ja
me	PRON	je
deïstes	VERB	dire
,	PUNCT	,
par	ADP	par
ma	DET	mon
foi	NOUN	foi
,	PUNCT	,
fet	VERB	faire
cele	DET	cel
qui	PRON	qui
a	ADP	a
mal	NOUN	mal
i	ADV	i
bee	NOUN	be
,	PUNCT	,
que	SCONJ	que
je	PRON	je
ne	ADV	ne
fusse	NOUN	estre
si	ADV	si
osee	VERB	oser
que	SCONJ	que
je	PRON	je
vous	PRON	vous
enqueïsse	NOUN	enquerre
rien	NOUN	rien
de	ADP	de
ce	PRON	ce
que	SCONJ	que
or	NOUN	or
savez	VERB	savoir
vous	PRON	vous
bien	NOUN	bien
?	PUNCT	?
-	PUNCT	-
De	ADP	de
qoi	PRON	coi
,	PUNCT	,
suer	NOUN	seror
,	PUNCT	,
savez	VERB	savoir
vous	PRON	vous
,	PUNCT	,
por	ADP	por
Dé	PROPN	dieu
?	PUNCT	?
-	PUNCT	-
De	ADP	de
ce	PRON	ce
que	SCONJ	que
cil	DET	cel
vous	PRON	vous
a	ADP	a
conté	VERB	conter
,	PUNCT	,
fet	VERB	faire
ele	PRON	il
,	PUNCT	,
mençonge	ADJ	mençogne
et	CCONJ	et
arvoire	NOUN	arrovier
,	PUNCT	,
qu'	SCONJ	que
il	PRON	il
vous	PRON	vous
a	ADP	a
fet	VERB	faire
pensser	VERB	penser
et	CCONJ	et
croire	VERB	croire
.	PUNCT	.
Mes	CCONJ	mais
de	ADP	de
ce	PRON	ce
savoir	VERB	savoir
ne	ADV	ne
me	PRON	je
chaut	ADJ	chaloir
,	PUNCT	,
que	SCONJ	que
j'	PRON	je
ai	VERB	avoir
penssé	NOUN	penser
que	SCONJ	que
petit	ADJ	petit
vaut	VERB	valoir
a	ADP	a
vous	PRON	vous
amer	VERB	amer
de	ADP	de
cuer	NOUN	cuer
loial	ADJ	loyal
:	PUNCT	:
que	SCONJ	que
c'	CCONJ	ce
onques	ADV	onque
fust	VERB	estre
ou	CCONJ	ou
bien	NOUN	bien
ou	CCONJ	ou
mal	NOUN	mal
,	PUNCT	,
mes	DET	mais
cuers	NOUN	cuer
riens	NOUN	rien
ne	ADV	ne
vit	VERB	vëoir
ne	ADV	ne
ne	ADV	ne
sot	VERB	savoir
que	SCONJ	que
ne	ADV	ne
seüssiez	NOUN	savoir
ausi	ADV	aussi
tost	DET	tost
;	PUNCT	;
et	CCONJ	et
or	NOUN	or
voi	NOUN	vëoir
que	SCONJ	que
vous	PRON	vous
me	PRON	je
celez	VERB	celer
,	PUNCT	,
vostre	DET	vostre
merci	NOUN	merci
,	PUNCT	,
les	DET	le
voz	DET	vostre
penssez	NOUN	penser
.	PUNCT	.
Si	ADV	si
sachiez	VERB	savoir
ore	NOUN	ore
sanz	ADP	sans
doutance	NOUN	doutence
que	SCONJ	que
ja	ADV	ja
mes	DET	mais
n'	ADV	ne
avrai	VERB	avoir
tel	DET	tel
fïance	NOUN	fïance
en	ADP	en
vous	PRON	vous
,	PUNCT	,
ne	ADV	ne
cuer	NOUN	cuer
de	ADP	de
tel	DET	tel
maniere	NOUN	manière
com	SCONJ	come
j'	PRON	je
ai	VERB	avoir
eü	VERB	avoir
ça	ADV	ça
en	ADP	en
arriere	ADV	ariere
.	PUNCT	.
»	PUNCT	"
Lors	ADV	lors
a	ADP	a
commencié	VERB	commencer
a	ADP	a
plorer	VERB	plorer
la	DET	le
duchoise	NOUN	duché
et	CCONJ	et
a	ADP	a
souspirer	VERB	sospirer
,	PUNCT	,
et	CCONJ	et
s'	DET	soi
esforça	VERB	esforcier
plus	ADV	plus
qu'	SCONJ	que
ele	PRON	il
pot	VERB	pöoir
.	PUNCT	.
Et	CCONJ	et
li	DET	le
dus	NOUN	duc
tel	DET	tel
pitié	NOUN	pitié
en	ADP	en
ot	VERB	avoir
qu'	SCONJ	que
il	PRON	il
li	DET	le
a	ADP	a
dit	VERB	dire
:	PUNCT	:
«	PUNCT	"
Ma	DET	mon
bele	ADJ	bel
suer	NOUN	seror
,	PUNCT	,
je	PRON	je
ne	ADV	ne
soufferroie	NOUN	souffroyer
a	ADP	a
nul	DET	nul
fuer	NOUN	fuer
ne	ADV	ne
vostre	DET	vostre
corouz	NOUN	corroz
ne	ADV	ne
vostre	DET	vostre
ire	NOUN	ire
;	PUNCT	;
mes	DET	mais
,	PUNCT	,
sachiez	VERB	savoir
,	PUNCT	,
je	PRON	je
ne	ADV	ne
puis	NOUN	puis
pas	NOUN	pas
dire	VERB	dire
ce	PRON	ce
que	SCONJ	que
volez	VERB	voloir
que	SCONJ	que
je	PRON	je
vous	PRON	vous
die	VERB	dire
sanz	ADP	sans
fere	VERB	faire
trop	ADV	trop
grant	ADJ	grant
vilonie	NOUN	viloin
.	PUNCT	.
»	PUNCT	"
Ele	PRON	il
respont	VERB	respondre
isnel	ADJ	isnel
le	DET	le
pas	NOUN	pas
:	PUNCT	:
«	PUNCT	"
Sire	NOUN	seignor
,	PUNCT	,
si	ADV	si
ne	ADV	ne
m'	PRON	je
en	ADP	en
dites	VERB	dire
pas	NOUN	pas
,	PUNCT	,
quar	CCONJ	car
je	PRON	je
voi	NOUN	vëoir
bien	NOUN	bien
a	ADP	a
cel	DET	cel
samblant	NOUN	sambler
qu'	SCONJ	que
en	ADP	en
moi	PRON	je
ne	ADV	ne
vous	PRON	vous
fïez	VERB	fïer
pas	NOUN	pas
tant	ADV	tant
que	SCONJ	que
celaisse	VERB	celaisse
vostre	DET	vostre
conseil	NOUN	conseil
;	PUNCT	;
et	CCONJ	et
sachiez	VERB	savoir
que	SCONJ	que
mout	ADV	mout
me	PRON	je
merveil	NOUN	merveille
:	PUNCT	:
ainc	NOUN	ainc
n'	ADV	ne
oïstes	VERB	öir
grant	ADJ	grant
ne	ADV	ne
petit	ADJ	petit
conseil	NOUN	conseil
que	SCONJ	que
vous	PRON	vous
m'	PRON	je
eüssiez	VERB	avoir
dit	VERB	dire
,	PUNCT	,
dont	PRON	dont
descouvers	NOUN	descovrir
fussiez	NOUN	estre
par	ADP	par
moi	PRON	je
;	PUNCT	;
et	CCONJ	et
si	ADV	si
vous	PRON	vous
di	VERB	dire
en	ADP	en
bone	ADJ	bon
foi	NOUN	foi
,	PUNCT	,
ja	ADV	ja
en	ADP	en
ma	DET	mon
vie	NOUN	vie
n'	ADV	ne
avendra	VERB	avenir
.	PUNCT	.
»	PUNCT	"
Quant	SCONJ	cant
ce	PRON	ce
ot	VERB	avoir
dit	VERB	dire
,	PUNCT	,
si	ADV	si
replora	VERB	replorer
;	PUNCT	;
et	CCONJ	et
li	DET	le
dus	NOUN	duc
si	ADV	si
l'	DET	le
acole	VERB	acoler
et	CCONJ	et
bese	VERB	bes
,	PUNCT	,
et	CCONJ	et
est	VERB	estre
de	ADP	de
son	DET	son
cuer	NOUN	cuer
a	ADP	a
malese	NOUN	maler
,	PUNCT	,
si	ADV	si
que	SCONJ	que
plus	ADV	plus
ne	ADV	ne
se	PRON	se
pot	VERB	pöoir
tenir	VERB	tenir
de	ADP	de
sa	DET	son
volenté	NOUN	volenté
descouvrir	VERB	descovrir
.	PUNCT	.
Puis	NOUN	puis
si	ADV	si
li	DET	le
a	ADP	a
dit	VERB	dire
:	PUNCT	:
«	PUNCT	"
Bele	ADJ	bel
dame	NOUN	dame
,	PUNCT	,
je	PRON	je
ne	ADV	ne
sai	VERB	savoir
que	SCONJ	que
face	VERB	faire
,	PUNCT	,
par	ADP	par
m'	PRON	je
ame	NOUN	ame
,	PUNCT	,
que	SCONJ	que
tant	ADV	tant
m'	PRON	je
afi	NOUN	afïer
en	ADP	en
vous	PRON	vous
et	CCONJ	et
croi	NOUN	croire
que	SCONJ	que
chose	NOUN	chose
celer	VERB	celer
ne	ADV	ne
vous	PRON	vous
doi	NOUN	devoir
que	SCONJ	que
li	DET	le
miens	ADJ	mien
cuers	NOUN	cuer
sache	VERB	savoir
ne	ADV	ne
ot	VERB	avoir
;	PUNCT	;
mes	DET	mais
,	PUNCT	,
je	PRON	je
vous	PRON	vous
pri	VERB	priier
,	PUNCT	,
n'	ADV	ne
en	ADP	en
parlez	VERB	parler
mot	NOUN	mot
:	PUNCT	:
sachiez	VERB	savoir
,	PUNCT	,
et	CCONJ	et
itant	ADV	itant
vous	PRON	vous
en	ADP	en
di	VERB	dire
,	PUNCT	,
que	SCONJ	que
,	PUNCT	,
se	PRON	se
je	PRON	je
sui	VERB	estre
par	ADP	par
vous	PRON	vous
trahi	VERB	träir
,	PUNCT	,
vous	PRON	vous
en	ADP	en
receverez	VERB	recevoir
la	DET	le
mort	NOUN	mort
.	PUNCT	.
»	PUNCT	"
Et	CCONJ	et
ele	PRON	il
dist	VERB	dire
:	PUNCT	:
«	PUNCT	"
Bien	NOUN	bien
m'	PRON	je
i	ADV	i
acort	VERB	acorter
;	PUNCT	;
estre	VERB	estre
ne	ADV	ne
porroit	VERB	pöoir
que	SCONJ	que
feïsse	VERB	faire
chose	NOUN	chose
dont	PRON	dont
vers	ADP	vers
vous	PRON	vous
mespreïsse	NOUN	mespriser
.	PUNCT	.
»	PUNCT	"
Cil	DET	cel
qui	PRON	qui
l'	DET	le
aime	NOUN	aimer
por	ADP	por
ce	PRON	ce
la	DET	le
croit	VERB	croire
et	CCONJ	et
cuide	VERB	cuidier
que	SCONJ	que
veritez	NOUN	verité
soit	VERB	estre
de	ADP	de
ce	PRON	ce
que	SCONJ	que
li	DET	le
dist	VERB	dire
,	PUNCT	,
puis	NOUN	puis
li	DET	le
conte	NOUN	comte
de	ADP	de
sa	DET	son
niece	NOUN	niece
trestout	DET	trestot
le	DET	le
conte	NOUN	comte
,	PUNCT	,
comme	SCONJ	comme
apris	VERB	aprendre
l'	DET	le
ot	VERB	avoir
du	ADP.DET	de.le
chevalier	NOUN	chevalier
,	PUNCT	,
et	CCONJ	et
comment	ADV	comment
il	PRON	il
fu	VERB	estre
el	ADP.DET	en.le
vergier	NOUN	vergier
en	ADP	en
l'	DET	le
anglet	NOUN	angele
ou	CCONJ	ou
il	PRON	il
n'	ADV	ne
ot	VERB	avoir
qu'	SCONJ	que
eus	PRON	au
deus	DET	deux
,	PUNCT	,
quant	SCONJ	cant
li	DET	le
chienés	NOUN	chienes
s'	DET	soi
en	ADP	en
vint	VERB	venir
a	ADP	a
eus	PRON	au
;	PUNCT	;
et	CCONJ	et
de	ADP	de
l'	DET	le
issue	VERB	issue
et	CCONJ	et
de	ADP	de
l'	DET	le
entree	NOUN	entree
li	DET	le
a	ADP	a
la	DET	le
verité	NOUN	vérité
contee	VERB	conter
,	PUNCT	,
si	ADV	si
qu'	SCONJ	que
il	PRON	il
ne	ADV	ne
li	DET	le
a	ADP	a
riens	NOUN	rien
teü	VERB	taire
qu'	SCONJ	que
il	PRON	il
i	ADV	i
ait	VERB	avoir
oï	VERB	öir
ne	ADV	ne
veü	VERB	vëoir
.	PUNCT	.
Et	CCONJ	et
quant	SCONJ	cant
la	DET	le
duchoise	NOUN	duché
l'	DET	le
entent	VERB	entendre
que	SCONJ	que
cil	DET	cel
aime	NOUN	aimer
plus	ADV	plus
bassement	NOUN	bâsege
qui	PRON	qui
de	ADP	de
s'	DET	soi
amor	NOUN	amor
l'	DET	le
a	ADP	a
escondite	VERB	escondire
,	PUNCT	,
morte	VERB	morir
se	PRON	se
tient	VERB	tenir
et	CCONJ	et
a	ADP	a
despite	VERB	despit
;	PUNCT	;
mes	DET	mais
ainc	NOUN	ainc
de	ADP	de
ce	PRON	ce
samblant	NOUN	sambler
ne	ADV	ne
fist	VERB	faire
,	PUNCT	,
ainçois	ADV	ainçois
otroia	VERB	otroiier
et	CCONJ	et
promist	VERB	prometre
au	ADP.DET	a.le
duc	NOUN	duc
a	ADP	a
si	ADV	si
celer	VERB	celer
ceste	DET	cest
oevre	NOUN	ovrir
que	SCONJ	que
,	PUNCT	,
se	PRON	se
c'	CCONJ	ce
est	VERB	estre
qu'	SCONJ	que
ele	PRON	il
le	DET	le
descuevre	VERB	descovrir
,	PUNCT	,
que	SCONJ	que
il	PRON	il
la	DET	le
pende	NOUN	pende
a	ADP	a
une	DET	un
hart	ADJ	hart
.	PUNCT	.
Et	CCONJ	et
si	ADV	si
li	DET	le
est	VERB	estre
il	PRON	il
ja	ADV	ja
mout	ADV	mout
tart	ADV	tart
d'	ADP	de
a	ADP	a
celi	PRON	cel
parler	VERB	parler
qu'	SCONJ	que
ele	PRON	il
het	VERB	häir
,	PUNCT	,
des	ADP.DET	de.le
icele	DET	icel
eure	NOUN	erer
qu'	SCONJ	que
ele	PRON	il
set	VERB	savoir
que	SCONJ	que
ele	PRON	il
est	VERB	estre
amie	NOUN	ami
a	ADP	a
celui	DET	cel
qui	PRON	qui
li	DET	le
fet	VERB	faire
et	CCONJ	et
honte	NOUN	honte
et	CCONJ	et
anui	NOUN	enui
por	ADP	por
itant	ADV	itant
,	PUNCT	,
ce	PRON	ce
li	DET	le
est	VERB	estre
avis	NOUN	avis
,	PUNCT	,
qu'	SCONJ	que
il	PRON	il
ne	ADV	ne
vout	VERB	vouloir
estre	VERB	estre
ses	DET	son
amis	NOUN	ami
.	PUNCT	.
Si	ADV	si
afferme	NOUN	affermer
tout	DET	tout
son	DET	son
porpens	NOUN	porpense
que	SCONJ	que
,	PUNCT	,
s'	DET	soi
ele	PRON	il
voit	VERB	vëoir
ne	ADV	ne
lieu	NOUN	lieu
ne	ADV	ne
tens	NOUN	tens
qu'	SCONJ	que
a	ADP	a
la	DET	le
niece	NOUN	niece
le	DET	le
duc	NOUN	duc
parolt	NOUN	parler
qu'	SCONJ	que
ele	PRON	il
li	DET	le
dira	VERB	dire
ausi	ADV	aussi
tost	DET	tost
,	PUNCT	,
ne	ADV	ne
ja	ADV	ja
ne	ADV	ne
celera	VERB	celer
tel	DET	tel
chose	NOUN	chose
ou	CCONJ	ou
felonie	NOUN	felonie
avra	VERB	avoir
enclose	VERB	enclore
.	PUNCT	.
Mes	CCONJ	mais
ainc	NOUN	ainc
en	ADP	en
point	NOUN	point
n'	ADV	ne
en	ADP	en
lieu	NOUN	lieu
n'	ADV	ne
en	ADP	en
vin	NOUN	vin
tant	ADV	tant
que	SCONJ	que
la	DET	le
Pentecouste	PROPN	pentessont
vint	VERB	venir
qui	PRON	qui
aprés	ADP	après
fu	VERB	estre
,	PUNCT	,
a	ADP	a
la	DET	le
premiere	ADJ	premier
que	SCONJ	que
li	DET	le
dus	NOUN	duc
tint	VERB	tenir
cort	NOUN	cort
mout	ADV	mout
pleniere	NOUN	plenier
,	PUNCT	,
si	ADV	si
qu'	SCONJ	que
il	PRON	il
envoia	VERB	envoyer
par	ADP	par
tout	DET	tout
querre	VERB	querre
toutes	DET	tout
les	DET	le
dames	NOUN	dame
de	ADP	de
la	DET	le
terre	NOUN	terre
,	PUNCT	,
et	CCONJ	et
sa	DET	son
niece	NOUN	niece
tout	DET	tout
premeraine	ADJ	premerain
qui	PRON	qui
de	ADP	de
Vergi	VERB	vergier
ert	VERB	estre
chastelaine	NOUN	chastelain
.	PUNCT	.
Et	CCONJ	et
quant	SCONJ	cant
la	DET	le
duchoise	NOUN	duché
la	DET	le
vit	VERB	vëoir
,	PUNCT	,
tantost	ADV	tantost
toz	DET	tot
li	DET	le
sans	NOUN	sans
li	DET	le
fremist	NOUN	fremir
,	PUNCT	,
com	SCONJ	come
cele	DET	cel
del	ADP.DET	de.le
mont	NOUN	monde
que	SCONJ	que
plus	ADV	plus
het	VERB	häir
.	PUNCT	.
Mes	CCONJ	mais
son	DET	son
corage	NOUN	corage
celer	VERB	celer
set	VERB	savoir
:	PUNCT	:
si	ADV	si
li	DET	le
a	ADP	a
fet	VERB	faire
plus	ADV	plus
bel	ADJ	bel
atret	VERB	atrait
c'	CCONJ	ce
onques	ADV	onque
devant	ADP	devant
ne	ADV	ne
li	DET	le
ot	VERB	avoir
fet	VERB	faire
;	PUNCT	;
mes	DET	mais
mout	ADV	mout
ot	VERB	avoir
grant	ADJ	grant
talent	NOUN	talent
de	ADP	de
dire	VERB	dire
ce	PRON	ce
dont	PRON	dont
ele	PRON	il
au	ADP.DET	a.le
cuer	NOUN	cuer
grant	ADJ	grant
ire	NOUN	ire
,	PUNCT	,
et	CCONJ	et
la	DET	le
demeure	NOUN	demeurer
mout	ADV	mout
li	DET	le
couste	NOUN	coute
.	PUNCT	.
Por	ADP	por
ce	PRON	ce
,	PUNCT	,
le	DET	le
jor	NOUN	jor
de	ADP	de
Pentecouste	PROPN	pentessont
,	PUNCT	,
quant	SCONJ	cant
les	DET	le
tables	NOUN	table
furent	VERB	estre
ostees	VERB	ostesse
,	PUNCT	,
en	ADP	en
a	ADP	a
la	DET	le
duchoise	NOUN	duché
menees	NOUN	mener
les	DET	le
dames	NOUN	dame
en	ADP	en
sa	DET	son
chambre	NOUN	chambre
o	ADP	o
soi	PRON	soi
por	ADP	por
eles	PRON	il
parer	VERB	parer
en	ADP	en
reqoi	VERB	requerre
por	ADP	por
venir	VERB	venir
cointes	ADJ	cointe
aus	PRON	il
caroles	NOUN	carole
.	PUNCT	.
Lors	ADV	lors
ne	ADV	ne
pot	VERB	pöoir
garder	VERB	garder
ses	DET	son
paroles	NOUN	parole
la	DET	le
duchoise	NOUN	duché
qui	PRON	qui
vit	VERB	vëoir
son	DET	son
leu	NOUN	lieu
,	PUNCT	,
ainz	ADV	ainz
dist	VERB	dire
ausi	ADV	aussi
comme	SCONJ	comme
par	ADP	par
geu	NOUN	jeu
:	PUNCT	:
«	PUNCT	"
Chastelaine	PROPN	châteaut
,	PUNCT	,
soiez	VERB	estre
bien	NOUN	bien
cointe	ADJ	cointe
,	PUNCT	,
quar	CCONJ	car
bel	ADJ	bel
et	CCONJ	et
preu	ADJ	pro
avez	VERB	avoir
acointe	ADJ	acointier
.	PUNCT	.
»	PUNCT	"
Et	CCONJ	et
cele	DET	cel
respont	VERB	respondre
simplement	NOUN	simplement
;	PUNCT	;
«	PUNCT	"
Je	PRON	je
ne	ADV	ne
sai	VERB	savoir
quel	DET	quel
acointement	NOUN	acointement
vous	PRON	vous
penssez	NOUN	penser
,	PUNCT	,
ma	DET	mon
dame	NOUN	dame
,	PUNCT	,
por	ADP	por
voir	ADJ	voir
,	PUNCT	,
que	SCONJ	que
talent	NOUN	talent
n'	ADV	ne
ai	VERB	avoir
d'	ADP	de
ami	NOUN	ami
avoir	VERB	avoir
qui	PRON	qui
ne	ADV	ne
soit	VERB	estre
del	ADP.DET	de.le
tout	DET	tout
a	ADP	a
l'	DET	le
onor	NOUN	onor
et	CCONJ	et
de	ADP	de
moi	PRON	je
et	CCONJ	et
de	ADP	de
mon	DET	mon
seignor	NOUN	seignor
.	PUNCT	.
-	PUNCT	-
Je	PRON	je
l'	DET	le
otroi	VERB	otroiier
bien	NOUN	bien
,	PUNCT	,
dist	VERB	dire
la	DET	le
duchesse	NOUN	duchés
,	PUNCT	,
mes	DET	mais
vous	PRON	vous
estes	VERB	estre
bone	ADJ	bon
mestresse	NOUN	masser
,	PUNCT	,
qui	PRON	qui
avez	VERB	avoir
apris	VERB	aprendre
le	DET	le
mestier	NOUN	mestier
du	ADP.DET	de.le
petit	ADJ	petit
chienet	VERB	chienet
afetier	VERB	afaitier
.	PUNCT	.
»	PUNCT	"
Les	DET	le
dames	NOUN	dame
ont	VERB	avoir
oï	VERB	öir
le	DET	le
conte	NOUN	comte
,	PUNCT	,
mes	DET	mais
ne	ADV	ne
sevent	VERB	savoir
a	ADP	a
qoi	PRON	coi
ce	PRON	ce
monte	NOUN	monter
;	PUNCT	;
o	ADP	o
la	DET	le
duchoise	NOUN	duché
s'	DET	soi
en	ADP	en
revont	VERB	revoir
aus	PRON	il
caroles	NOUN	carole
que	SCONJ	que
fetes	VERB	faire
ont	VERB	avoir
.	PUNCT	.
Et	CCONJ	et
la	DET	le
chastelaine	NOUN	chastelain
remaint	VERB	remanoir
:	PUNCT	:
li	DET	le
cuers	NOUN	cuer
li	DET	le
trouble	NOUN	trouble
d'	ADP	de
ire	NOUN	ire
et	CCONJ	et
taint	VERB	teindre
,	PUNCT	,
et	CCONJ	et
li	DET	le
mue	ADJ	müe
trestoz	DET	trestot
el	ADP.DET	en.le
ventre	NOUN	ventre
.	PUNCT	.
Dedenz	ADP	dedenz
une	DET	un
garderobe	NOUN	garder
entre	ADP	entre
ou	CCONJ	ou
une	DET	un
pucelete	NOUN	pucelete
estoit	VERB	estre
qui	PRON	qui
aus	PRON	il
piez	NOUN	pié
du	ADP.DET	de.le
lit	NOUN	lit
se	PRON	se
gisoit	VERB	jesir
,	PUNCT	,
mes	DET	mais
ele	PRON	il
ne	ADV	ne
la	DET	le
pot	VERB	pöoir
veoir	VERB	vëoir
.	PUNCT	.
El	ADP.DET	en.le
lit	NOUN	lit
s'	DET	soi
est	VERB	estre
lessie	VERB	laissier
cheoir	VERB	chëoir
la	DET	le
chastelaine	NOUN	chastelain
mout	ADV	mout
dolente	ADJ	dolent
;	PUNCT	;
iluec	ADV	iluec
se	PRON	se
plaint	ADJ	plaindre
et	CCONJ	et
se	PRON	se
demente	ADJ	dementer
,	PUNCT	,
et	CCONJ	et
dist	VERB	dire
:	PUNCT	:
«	PUNCT	"
Ha	INTJ	ha
!	PUNCT	!
sire	NOUN	seignor
Dieus	PROPN	dieu
,	PUNCT	,
merci	NOUN	merci
!	PUNCT	!
que	SCONJ	que
puet	VERB	pöoir
estre	VERB	estre
que	SCONJ	que
j'	PRON	je
ai	VERB	avoir
oï	VERB	öir
,	PUNCT	,
que	SCONJ	que
ma	DET	mon
dame	NOUN	dame
m'	PRON	je
a	ADP	a
fet	VERB	faire
regret	NOUN	regret
que	SCONJ	que
j'	PRON	je
ai	VERB	avoir
afetié	VERB	afaitier
mon	DET	mon
chienet	VERB	chienet
?	PUNCT	?
Ce	PRON	ce
ne	ADV	ne
set	VERB	savoir
ele	PRON	il
par	ADP	par
nului	PRON	nul
,	PUNCT	,
ce	PRON	ce
sai	VERB	savoir
je	PRON	je
bien	NOUN	bien
,	PUNCT	,
fors	ADV	fors
par	ADP	par
celui	DET	cel
cui	PRON	cui
j'	PRON	je
amoie	NOUN	amer
et	CCONJ	et
trahie	VERB	träir
m'	PRON	je
a	ADP	a
;	PUNCT	;
ne	ADV	ne
ce	PRON	ce
ne	ADV	ne
li	DET	le
deïst	VERB	dire
il	PRON	il
ja	ADV	ja
s'	DET	soi
a	ADP	a
li	DET	le
n'	ADV	ne
eüst	VERB	avoir
grant	ADJ	grant
acointance	NOUN	acointance
,	PUNCT	,
et	CCONJ	et
s'	DET	soi
il	PRON	il
ne	ADV	ne
l'	DET	le
amast	VERB	amer
sanz	ADP	sans
doutance	NOUN	doutence
plus	ADV	plus
que	SCONJ	que
moi	PRON	je
cui	PRON	cui
il	PRON	il
a	ADP	a
trahie	VERB	träir
.	PUNCT	.
Bien	NOUN	bien
voi	NOUN	vëoir
que	SCONJ	que
il	PRON	il
ne	ADV	ne
m'	PRON	je
aime	NOUN	aimer
mie	ADV	mie
,	PUNCT	,
quant	SCONJ	cant
il	PRON	il
me	PRON	je
faut	VERB	falir
de	ADP	de
couvenant	VERB	covenir
,	PUNCT	,
douz	ADJ	douz
Dieus	PROPN	dieu
!	PUNCT	!
et	CCONJ	et
je	PRON	je
l'	DET	le
amoie	NOUN	amer
tant	ADV	tant
comme	SCONJ	comme
riens	NOUN	rien
peüst	VERB	pauvoir
autre	ADJ	autre
amer	VERB	amer
,	PUNCT	,
qu'	SCONJ	que
aillors	ADV	aillors
ne	ADV	ne
pooie	NOUN	pöoir
pensser	VERB	penser
nis	PRON	nis
une	DET	un
eure	NOUN	erer
ne	ADV	ne
jor	NOUN	jor
ne	ADV	ne
nuit	NOUN	nuit
!	PUNCT	!
Quar	CCONJ	car
c'	CCONJ	ce
ert	VERB	estre
ma	DET	mon
joie	NOUN	joie
et	CCONJ	et
mon	DET	mon
deduit	NOUN	deduit
,	PUNCT	,
c'	CCONJ	ce
ert	VERB	estre
mes	DET	mais
delis	NOUN	deliis
,	PUNCT	,
c'	CCONJ	ce
ert	VERB	estre
mes	DET	mais
depors	ADP	depors
,	PUNCT	,
c'	CCONJ	ce
ert	VERB	estre
mes	DET	mais
solaz	NOUN	solaz
,	PUNCT	,
c'	CCONJ	ce
ert	VERB	estre
mes	DET	mais
confors	NOUN	confort
.	PUNCT	.
Comment	ADV	comment
a	ADP	a
lui	PRON	lui
me	PRON	je
contenoie	NOUN	contenir
de	ADP	de
pensser	VERB	penser
,	PUNCT	,
quant	SCONJ	cant
je	PRON	je
nel	ADV.PRON	ne.il
veoie	NOUN	vëoir
!	PUNCT	!
Ha	INTJ	ha
!	PUNCT	!
amis	NOUN	ami
,	PUNCT	,
dont	PRON	dont
est	VERB	estre
ce	PRON	ce
venu	VERB	venir
?	PUNCT	?
Que	CCONJ	que
poëz	NOUN	pöoir
estre	VERB	estre
devenu	VERB	devenir
,	PUNCT	,
qui	PRON	qui
vers	ADP	vers
moi	PRON	je
avez	VERB	avoir
esté	VERB	être
faus	ADJ	faus
?	PUNCT	?
Je	PRON	je
cuidois	VERB	cuidier
que	SCONJ	que
plus	ADV	plus
loiaus	ADJ	loyal
me	PRON	je
fussiez	NOUN	estre
,	PUNCT	,
si	ADV	si
Dieus	PROPN	dieu
me	PRON	je
conseut	VERB	conseit
,	PUNCT	,
que	SCONJ	que
ne	ADV	ne
fu	VERB	estre
Tristans	PROPN	tristan
a	ADP	a
Yseut	PROPN	issir
;	PUNCT	;
plus	ADV	plus
vous	PRON	vous
amoie	NOUN	amer
la	DET	le
moitié	NOUN	moitié
,	PUNCT	,
si	ADV	si
Dieus	PROPN	dieu
ait	VERB	avoir
ja	ADV	ja
de	ADP	de
moi	PRON	je
pitié	NOUN	pitié
,	PUNCT	,
que	SCONJ	que
ne	ADV	ne
fesoie	VERB	faire
moi	PRON	je
meïsmes	ADJ	mëisme
.	PUNCT	.
Onques	ADV	onque
avant	ADV	avant
ne	ADV	ne
puis	NOUN	puis
ne	ADV	ne
primes	NOUN	prim
en	ADP	en
penssé	NOUN	penser
n'	ADV	ne
en	ADP	en
dit	VERB	dire
ne	ADV	ne
en	ADP	en
fet	VERB	faire
,	PUNCT	,
ne	ADV	ne
fis	VERB	faire
ne	ADV	ne
poi	NOUN	pöoir
ne	ADV	ne
grant	ADJ	grant
mesfet	NOUN	mesfait
par	ADP	par
qoi	PRON	coi
me	PRON	je
deüssiez	VERB	devoir
haïr	VERB	häir
ne	ADV	ne
si	ADV	si
vilainement	ADV	vilainement
trahir	VERB	träir
comme	SCONJ	comme
a	ADP	a
noz	DET	notre
amors	NOUN	amor
depecier	VERB	depecier
por	ADP	por
autre	ADJ	autre
amer	VERB	amer
et	CCONJ	et
moi	PRON	je
lessier	VERB	laissier
,	PUNCT	,
et	CCONJ	et
descouvrir	VERB	descovrir
nostre	DET	notre
conseil	NOUN	conseil
.	PUNCT	.
Hé	NOUN	hai!
!	PUNCT	!
lasse	ADJ	las
!	PUNCT	!
amis	NOUN	ami
,	PUNCT	,
mout	ADV	mout
me	PRON	je
merveil	NOUN	merveille
,	PUNCT	,
que	SCONJ	que
li	DET	le
miens	ADJ	mien
cuers	NOUN	cuer
,	PUNCT	,
si	ADV	si
m'	PRON	je
aït	VERB	aidier
Dieus	PROPN	dieu
,	PUNCT	,
ne	ADV	ne
fu	VERB	estre
onques	ADV	onque
vers	ADP	vers
vous	PRON	vous
itieus	NOUN	iteile
,	PUNCT	,
quar	CCONJ	car
,	PUNCT	,
se	PRON	se
tout	DET	tout
le	DET	le
mont	NOUN	monde
et	CCONJ	et
neïs	ADV	nëis
tout	DET	tout
son	DET	son
ciel	NOUN	ciel
et	CCONJ	et
son	DET	son
paradis	NOUN	paradis
me	PRON	je
donast	VERB	doner
Dieus	PROPN	dieu
,	PUNCT	,
pas	NOUN	pas
nel	ADV.PRON	ne.il
preïsse	NOUN	prendre
par	ADP	par
couvenant	VERB	covenir
que	SCONJ	que
vous	PRON	vous
perdisse	VERB	perdre
;	PUNCT	;
quar	CCONJ	car
vous	PRON	vous
estiiez	VERB	estreiie
ma	DET	mon
richece	NOUN	richece
et	CCONJ	et
ma	DET	mon
santez	NOUN	santé
et	CCONJ	et
ma	DET	mon
leece	VERB	leece
;	PUNCT	;
ne	ADV	ne
riens	NOUN	rien
grever	VERB	grever
ne	ADV	ne
me	PRON	je
peüst	VERB	pauvoir
tant	ADV	tant
comme	SCONJ	comme
mes	DET	mais
las	ADJ	las
cuers	NOUN	cuer
seüst	VERB	savoir
que	SCONJ	que
li	DET	le
vostres	DET	vostre
de	ADP	de
riens	NOUN	rien
m'	PRON	je
amast	VERB	amer
.	PUNCT	.
Ha	INTJ	ha
!	PUNCT	!
fine	NOUN	finer
amor	NOUN	amor
!	PUNCT	!
et	CCONJ	et
qui	PRON	qui
penssast	ADJ	penser
que	SCONJ	que
cist	DET	cest
feïst	VERB	faire
vers	ADP	vers
moi	PRON	je
desroi	ADP	desroi
,	PUNCT	,
qui	PRON	qui
disoit	VERB	dire
,	PUNCT	,
quant	SCONJ	cant
il	PRON	il
ert	VERB	estre
o	ADP	o
moi	PRON	je
et	CCONJ	et
je	PRON	je
faisoie	VERB	faire
mon	DET	mon
pooir	NOUN	pöoir
de	ADP	de
fere	VERB	faire
trestout	DET	trestot
son	DET	son
voloir	VERB	voloir
,	PUNCT	,
qu'	SCONJ	que
il	PRON	il
ert	VERB	estre
toz	DET	tot
miens	ADJ	mien
et	CCONJ	et
a	ADP	a
sa	DET	son
dame	NOUN	dame
me	PRON	je
tenoit	VERB	tenir
et	CCONJ	et
de	ADP	de
cors	NOUN	cors
et	CCONJ	et
d'	ADP	de
ame	NOUN	ame
?	PUNCT	?
et	CCONJ	et
le	DET	le
disoit	VERB	dire
si	ADV	si
doucement	NOUN	doucement
que	SCONJ	que
le	DET	le
creoie	VERB	croire
vraiement	NOUN	vraiment
,	PUNCT	,
ne	ADV	ne
je	PRON	je
ne	ADV	ne
penssaisse	NOUN	penser
a	ADP	a
nul	DET	nul
fuer	NOUN	fuer
qu'	SCONJ	que
il	PRON	il
peüst	VERB	pauvoir
trover	VERB	trover
en	ADP	en
son	DET	son
cuer	NOUN	cuer
envers	ADP	envers
moi	PRON	je
corouz	NOUN	corroz
ne	ADV	ne
haïne	NOUN	häine
por	ADP	por
duchoise	NOUN	duché
ne	ADV	ne
por	ADP	por
roïne	NOUN	röine
;	PUNCT	;
qu'	SCONJ	que
a	ADP	a
lui	PRON	lui
amer	VERB	amer
estoit	VERB	estre
si	ADV	si
buen	ADJ	bon
qu'	SCONJ	que
a	ADP	a
mon	DET	mon
cuer	NOUN	cuer
prenoie	NOUN	prendre
le	DET	le
suen	ADJ	suen
.	PUNCT	.
De	ADP	de
lui	PRON	lui
me	PRON	je
penssoie	NOUN	penser
autressi	ADV	autresi
qu'	SCONJ	que
il	PRON	il
se	PRON	se
tenoit	VERB	tenir
a	ADP	a
mon	DET	mon
ami	NOUN	ami
toute	DET	tout
sa	DET	son
vie	NOUN	vie
et	CCONJ	et
son	DET	son
eage	NOUN	egai
;	PUNCT	;
quar	CCONJ	car
bien	NOUN	bien
connois	VERB	connaître
a	ADP	a
mon	DET	mon
corage	NOUN	corage
,	PUNCT	,
s'	DET	soi
avant	ADV	avant
morust	VERB	morir
,	PUNCT	,
que	SCONJ	que
tant	ADV	tant
l'	DET	le
amaisse	VERB	amaisse
que	SCONJ	que
aprés	ADP	après
lui	PRON	lui
petit	ADJ	petit
duraisse	ADJ	duraistre
,	PUNCT	,
qu'	SCONJ	que
estre	VERB	estre
morte	VERB	morir
o	ADP	o
lui	PRON	lui
me	PRON	je
fust	VERB	estre
mieus	ADV	mieux
que	SCONJ	que
vivre	VERB	vivre
si	ADV	si
que	SCONJ	que
de	ADP	de
mes	DET	mais
ieus	NOUN	il
ne	ADV	ne
le	DET	le
veïsse	VERB	vëoir
nule	DET	nul
foiz	NOUN	foi
.	PUNCT	.
Ha	INTJ	ha
!	PUNCT	!
fine	NOUN	finer
amor	NOUN	amor
!	PUNCT	!
est	VERB	estre
ce	PRON	ce
donc	ADV	donc
droiz	ADJ	droit
que	SCONJ	que
il	PRON	il
a	ADP	a
ainsi	ADV	ainsi
descouvert	VERB	descovrir
nostre	DET	notre
conseil	NOUN	conseil
?	PUNCT	?
dont	PRON	dont
il	PRON	il
me	PRON	je
pert	VERB	perdre
,	PUNCT	,
qu'	SCONJ	que
a	ADP	a
m'	PRON	je
amor	NOUN	amor
otroier	VERB	otroiier
li	DET	le
dis	VERB	dire
et	CCONJ	et
bien	NOUN	bien
en	ADP	en
couvenant	VERB	covenir
li	DET	le
mis	VERB	metre
que	SCONJ	que
a	ADP	a
cele	DET	cel
eure	NOUN	erer
me	PRON	je
perdroit	VERB	perdre
que	SCONJ	que
nostre	DET	notre
amor	NOUN	amor
descouvreroit	VERB	descovrir
.	PUNCT	.
Et	CCONJ	et
quant	SCONJ	cant
j'	PRON	je
ai	VERB	avoir
avant	ADV	avant
perdu	VERB	perdre
lui	PRON	lui
,	PUNCT	,
ne	ADV	ne
puis	NOUN	puis
,	PUNCT	,
aprés	ADP	après
itel	DET	itel
anui	NOUN	enui
,	PUNCT	,
vivre	VERB	vivre
sanz	ADP	sans
lui	PRON	lui
por	ADP	por
cui	PRON	cui
me	PRON	je
dueil	NOUN	doloir
ne	ADV	ne
je	PRON	je
ne	ADV	ne
quier	VERB	querre
ne	ADV	ne
je	PRON	je
ne	ADV	ne
vueil	NOUN	vouloir
;	PUNCT	;
ne	ADV	ne
ma	DET	mon
vie	NOUN	vie
ne	ADV	ne
me	PRON	je
plest	NOUN	plaire
point	NOUN	point
,	PUNCT	,
ainz	ADV	ainz
pri	VERB	priier
Dieu	PROPN	dieu
que	SCONJ	que
la	DET	le
mort	NOUN	mort
me	PRON	je
doinst	VERB	doner
,	PUNCT	,
et	CCONJ	et
que	SCONJ	que
,	PUNCT	,
tout	DET	tout
ausi	ADV	aussi
vraiement	NOUN	vraiment
com	SCONJ	come
je	PRON	je
ai	VERB	avoir
aimé	VERB	aimer
lëaument	NOUN	lëaument
celui	DET	cel
qui	PRON	qui
ce	PRON	ce
m'	PRON	je
a	ADP	a
porchacié	VERB	porchacier
,	PUNCT	,
ait	VERB	avoir
de	ADP	de
l'	DET	le
ame	NOUN	ame
de	ADP	de
moi	PRON	je
pitié	NOUN	pitié
,	PUNCT	,
et	CCONJ	et
a	ADP	a
celui	DET	cel
qui	PRON	qui
a	ADP	a
son	DET	son
tort	NOUN	tort
m'	PRON	je
a	ADP	a
trahie	VERB	träir
et	CCONJ	et
livree	NOUN	livrer
a	ADP	a
mort	NOUN	mort
doinst	VERB	doner
honor	NOUN	honneur
,	PUNCT	,
et	CCONJ	et
je	PRON	je
li	DET	le
pardon	NOUN	pardon
.	PUNCT	.
Ne	CCONJ	ne
ma	DET	mon
mort	NOUN	mort
n'	ADV	ne
est	VERB	estre
se	PRON	se
douce	ADJ	doux
non	NOUN	nom
,	PUNCT	,
ce	PRON	ce
m'	PRON	je
est	VERB	estre
avis	NOUN	avis
,	PUNCT	,
quant	SCONJ	cant
de	ADP	de
lui	PRON	lui
vient	VERB	venir
;	PUNCT	;
et	CCONJ	et
quant	SCONJ	cant
de	ADP	de
s'	DET	soi
amor	NOUN	amor
me	PRON	je
sovient	VERB	sovenir
,	PUNCT	,
por	ADP	por
lui	PRON	lui
morir	VERB	morir
ne	ADV	ne
m'	PRON	je
est	VERB	estre
pas	NOUN	pas
paine	NOUN	peine
.	PUNCT	.
»	PUNCT	"
Atant	ADV	atant
se	PRON	se
tut	DET	tout
la	DET	le
chastelaine	NOUN	chastelain
fors	ADV	fors
qu'	SCONJ	que
ele	PRON	il
dist	VERB	dire
en	ADP	en
souspirant	VERB	sousprendre
:	PUNCT	:
«	PUNCT	"
Douz	ADJ	douz
amis	NOUN	ami
,	PUNCT	,
a	ADP	a
Dieu	PROPN	dieu
vous	PRON	vous
commant	ADV	comment
!	PUNCT	!
»	PUNCT	"
A	ADP	a
cest	DET	cest
mot	NOUN	mot
de	ADP	de
ses	DET	son
braz	NOUN	braz
s'	DET	soi
estraint	ADJ	estreindre
,	PUNCT	,
li	DET	le
cuers	NOUN	cuer
li	DET	le
faut	VERB	falir
,	PUNCT	,
li	DET	le
vis	NOUN	vis
li	DET	le
taint	VERB	teindre
:	PUNCT	:
angoisseusement	ADV	angoissement
s'	DET	soi
est	VERB	estre
pasmee	VERB	pasmer
,	PUNCT	,
et	CCONJ	et
gist	VERB	jesir
pale	NOUN	pale
et	CCONJ	et
descoloree	VERB	descolorer
en	ADP	en
mi	DET	moi
le	DET	le
lit	NOUN	lit
,	PUNCT	,
morte	VERB	morir
sanz	ADP	sans
vie	NOUN	vie
.	PUNCT	.
Mes	CCONJ	mais
ses	DET	son
amis	NOUN	ami
ne	ADV	ne
le	DET	le
set	VERB	savoir
mie	ADV	mie
qui	PRON	qui
se	PRON	se
deduisoit	VERB	deduition
en	ADP	en
la	DET	le
sale	NOUN	sale
a	ADP	a
la	DET	le
carole	NOUN	carler
et	CCONJ	et
dansse	NOUN	danser
et	CCONJ	et
bale	ADJ	bal
;	PUNCT	;
mes	DET	mais
ne	ADV	ne
li	DET	le
plest	NOUN	plaire
riens	NOUN	rien
qu'	SCONJ	que
il	PRON	il
i	ADV	i
voie	NOUN	voie
,	PUNCT	,
quant	SCONJ	cant
cele	DET	cel
a	ADP	a
cui	PRON	cui
son	DET	son
cuer	NOUN	cuer
s'	DET	soi
otroie	VERB	otroiier
n'	ADV	ne
i	ADV	i
voit	VERB	vëoir
point	NOUN	point
,	PUNCT	,
dont	PRON	dont
mout	ADV	mout
se	PRON	se
merveille	NOUN	merveille
;	PUNCT	;
si	ADV	si
a	ADP	a
dit	VERB	dire
au	ADP.DET	a.le
duc	NOUN	duc
en	ADP	en
l'	DET	le
oreille	NOUN	oreille
:	PUNCT	:
«	PUNCT	"
Sire	NOUN	seignor
,	PUNCT	,
qu'	SCONJ	que
est	VERB	estre
ce	PRON	ce
que	SCONJ	que
vostre	DET	vostre
niece	NOUN	niece
est	VERB	estre
demoree	VERB	demorer
si	ADV	si
grant	ADJ	grant
piece	NOUN	piece
que	SCONJ	que
n'	ADV	ne
est	VERB	estre
aus	PRON	il
caroles	NOUN	carole
venue	VERB	venir
?	PUNCT	?
Ne	CCONJ	ne
sai	VERB	savoir
se	PRON	se
l'	DET	le
avez	VERB	avoir
mise	VERB	metre
en	ADP	en
mue	ADJ	müe
.	PUNCT	.
»	PUNCT	"
Et	CCONJ	et
li	DET	le
dus	NOUN	duc
la	DET	le
carole	NOUN	carler
esgarde	VERB	esgarder
,	PUNCT	,
qui	PRON	qui
de	ADP	de
ce	PRON	ce
ne	ADV	ne
s'	DET	soi
estoit	VERB	estre
pris	NOUN	prendre
garde	NOUN	garde
:	PUNCT	:
celui	DET	cel
a	ADP	a
soi	PRON	soi
par	ADP	par
la	DET	le
main	NOUN	main
trait	VERB	traire
,	PUNCT	,
et	CCONJ	et
droit	ADJ	droit
en	ADP	en
la	DET	le
chambre	NOUN	chambre
s'	DET	soi
en	ADP	en
vait	VERB	aler
;	PUNCT	;
et	CCONJ	et
quant	SCONJ	cant
ilueques	ADV	iluec
ne	ADV	ne
la	DET	le
trueve	VERB	trover
,	PUNCT	,
au	ADP.DET	a.le
chevalier	NOUN	chevalier
commande	VERB	commander
et	CCONJ	et
rueve	VERB	rover
qu'	SCONJ	que
en	ADP	en
la	DET	le
garderobe	NOUN	garder
la	DET	le
quiere	NOUN	querre
,	PUNCT	,
quar	CCONJ	car
il	PRON	il
le	DET	le
veut	VERB	vouloir
en	ADP	en
tel	DET	tel
maniere	NOUN	manière
,	PUNCT	,
por	ADP	por
leenz	ADJ	lait
entr'	ADP	entre
eus	PRON	au
solacier	NOUN	solage
com	SCONJ	come
d'	ADP	de
acoler	VERB	acoler
et	CCONJ	et
de	ADP	de
besier	VERB	baisier
.	PUNCT	.
Et	CCONJ	et
cil	DET	cel
qui	PRON	qui
li	DET	le
en	ADP	en
sot	VERB	savoir
hauz	ADJ	haut
grez	NOUN	grez
est	VERB	estre
en	ADP	en
la	DET	le
garderobe	NOUN	garder
entrez	VERB	entrer
ou	CCONJ	ou
s'	DET	soi
amie	NOUN	ami
gisoit	VERB	jesir
enverse	NOUN	envers
el	ADP.DET	en.le
lit	NOUN	lit
,	PUNCT	,
descoloree	VERB	descolorer
et	CCONJ	et
perse	NOUN	pers
.	PUNCT	.
Cil	DET	cel
maintenant	ADV	maintenant
l'	DET	le
acole	VERB	acoler
et	CCONJ	et
baise	VERB	baiser
,	PUNCT	,
qui	PRON	qui
bien	NOUN	bien
en	ADP	en
ot	VERB	avoir
et	CCONJ	et
lieu	NOUN	lieu
et	CCONJ	et
aise	NOUN	aise
;	PUNCT	;
mes	DET	mais
la	DET	le
bouche	NOUN	bouche
a	ADP	a
trovee	VERB	trover
froide	ADJ	froide
et	CCONJ	et
partout	NOUN	partout
bien	NOUN	bien
pale	NOUN	pale
et	CCONJ	et
bien	NOUN	bien
roide	ADJ	roit
,	PUNCT	,
et	CCONJ	et
au	ADP.DET	a.le
samblant	NOUN	sambler
que	SCONJ	que
li	DET	le
cors	NOUN	cors
moustre	NOUN	moustre
voit	VERB	vëoir
bien	NOUN	bien
qu'	SCONJ	que
ele	PRON	il
est	VERB	estre
morte	VERB	morir
tout	DET	tout
outre	ADP	outre
.	PUNCT	.
Tantost	ADV	tantost
toz	DET	tot
esbahiz	NOUN	ébahir
s'	DET	soi
escrie	VERB	escrïer
:	PUNCT	:
«	PUNCT	"
Qu'	CCONJ	que
est	VERB	estre
ce	PRON	ce
?	PUNCT	?
las	ADJ	las
!	PUNCT	!
est	VERB	estre
morte	VERB	morir
m'	PRON	je
amie	NOUN	ami
?	PUNCT	?
»	PUNCT	"
Et	CCONJ	et
la	DET	le
pucele	NOUN	pucele
sailli	VERB	salir
sus	DET	sus
qui	PRON	qui
aus	PRON	il
piez	NOUN	pié
du	ADP.DET	de.le
lit	NOUN	lit
gisoit	VERB	jesir
jus	ADV	jus
,	PUNCT	,
et	CCONJ	et
dist	VERB	dire
:	PUNCT	:
«	PUNCT	"
Sire	NOUN	seignor
,	PUNCT	,
ce	PRON	ce
croi	NOUN	croire
je	PRON	je
bien	NOUN	bien
qu'	SCONJ	que
ele	PRON	il
soit	VERB	estre
morte	VERB	morir
,	PUNCT	,
qu'	SCONJ	que
autre	ADJ	autre
rien	NOUN	rien
ne	ADV	ne
demanda	VERB	demander
puis	NOUN	puis
que	SCONJ	que
vint	VERB	venir
ci	ADV	ci
,	PUNCT	,
por	ADP	por
le	DET	le
corouz	NOUN	corroz
de	ADP	de
son	DET	son
ami	NOUN	ami
dont	PRON	dont
ma	DET	mon
dame	NOUN	dame
l'	DET	le
ataïna	VERB	atïandre
et	CCONJ	et
d'	ADP	de
un	DET	un
chienet	VERB	chienet
la	DET	le
ramposna	VERB	ramponer
,	PUNCT	,
dont	PRON	dont
li	DET	le
corouz	NOUN	corroz
li	DET	le
vint	VERB	venir
morteus	ADJ	mortel
.	PUNCT	.
»	PUNCT	"
Et	CCONJ	et
quant	SCONJ	cant
cil	DET	cel
entent	VERB	entendre
les	DET	le
mos	DET	mous
teus	ADJ	taire
,	PUNCT	,
que	SCONJ	que
ce	PRON	ce
qu'	SCONJ	que
il	PRON	il
dist	VERB	dire
au	ADP.DET	a.le
duc	NOUN	duc
l'	DET	le
a	ADP	a
morte	VERB	morir
,	PUNCT	,
sanz	ADP	sans
mesure	NOUN	mesure
se	PRON	se
desconforte	VERB	desconforter
:	PUNCT	:
«	PUNCT	"
Ha	INTJ	ha
!	PUNCT	!
las	ADJ	las
!	PUNCT	!
dist	VERB	dire
il	PRON	il
,	PUNCT	,
ma	DET	mon
douce	ADJ	doux
amor	NOUN	amor
,	PUNCT	,
la	DET	le
plus	ADV	plus
cortoise	ADJ	cortois
et	CCONJ	et
la	DET	le
meillor	ADJ	meillor
c'	CCONJ	ce
onques	ADV	onque
fust	VERB	estre
et	CCONJ	et
la	DET	le
plus	ADV	plus
loial	ADJ	loyal
,	PUNCT	,
comme	SCONJ	comme
trichierres	NOUN	trichier
desloial	ADJ	deslëalot
vous	PRON	vous
ai	VERB	avoir
morte	VERB	morir
!	PUNCT	!
Si	ADV	si
fust	VERB	estre
droiture	NOUN	droiture
que	SCONJ	que
sor	ADP	sor
moi	PRON	je
tornast	VERB	torner
l'	DET	le
aventure	NOUN	aventure
,	PUNCT	,
si	ADV	si
que	SCONJ	que
vous	PRON	vous
n'	ADV	ne
en	ADP	en
eüssiez	VERB	avoir
mal	NOUN	mal
;	PUNCT	;
mes	DET	mais
cuer	NOUN	cuer
aviiez	NOUN	avier
si	ADV	si
loial	ADJ	loyal
que	SCONJ	que
sor	ADP	sor
vous	PRON	vous
l'	DET	le
avez	VERB	avoir
avant	ADV	avant
prise	VERB	prendre
.	PUNCT	.
Mes	CCONJ	mais
je	PRON	je
ferai	VERB	faire
de	ADP	de
moi	PRON	je
justise	NOUN	justicier
por	ADP	por
la	DET	le
trahison	NOUN	trahison
que	SCONJ	que
j'	PRON	je
ai	VERB	avoir
fete	VERB	faire
.	PUNCT	.
»	PUNCT	"
Une	DET	un
espee	NOUN	espee
du	ADP.DET	de.le
fuerre	NOUN	fuerre
a	ADP	a
trete	VERB	traire
qui	PRON	qui
ert	VERB	estre
pendue	VERB	pendeur
a	ADP	a
un	DET	un
espuer	NOUN	espereu
,	PUNCT	,
et	CCONJ	et
s'	DET	soi
en	ADP	en
feri	VERB	ferir
par	ADP	par
mi	DET	moi
le	DET	le
cuer	NOUN	cuer
:	PUNCT	:
cheoir	VERB	chëoir
se	PRON	se
lest	VERB	laissier
sor	ADP	sor
l'	DET	le
autre	ADJ	autre
cors	NOUN	cors
;	PUNCT	;
tant	ADV	tant
a	ADP	a
sainié	VERB	saignier
que	SCONJ	que
il	PRON	il
est	VERB	estre
mors	NOUN	mors
.	PUNCT	.
Et	CCONJ	et
la	DET	le
pucele	NOUN	pucele
est	VERB	estre
hors	ADV	hors
saillie	VERB	salir
,	PUNCT	,
quant	SCONJ	cant
ele	PRON	il
vit	VERB	vëoir
les	DET	le
cors	NOUN	cors
sanz	ADP	sans
vie	NOUN	vie
:	PUNCT	:
hidor	NOUN	hider
ot	VERB	avoir
de	ADP	de
ce	PRON	ce
qu'	SCONJ	que
ele	PRON	il
vit	VERB	vëoir
.	PUNCT	.
Au	ADP.DET	a.le
duc	NOUN	duc
qu'	SCONJ	que
ele	PRON	il
encontra	VERB	encontre
a	ADP	a
dit	VERB	dire
ce	PRON	ce
qu'	SCONJ	que
ele	PRON	il
a	ADP	a
oï	VERB	öir
et	CCONJ	et
veü	VERB	vëoir
si	ADV	si
qu'	SCONJ	que
ele	PRON	il
n'	ADV	ne
i	ADV	i
a	ADP	a
riens	NOUN	rien
teü	VERB	taire
,	PUNCT	,
comment	ADV	comment
l'	DET	le
afere	NOUN	afaire
ert	VERB	estre
commencié	VERB	commencer
,	PUNCT	,
neïs	ADV	nëis
du	ADP.DET	de.le
chienet	VERB	chienet
afetié	VERB	afaitier
dont	PRON	dont
la	DET	le
duchoise	NOUN	duché
avoit	VERB	avoir
parlé	VERB	parler
.	PUNCT	.
Ez	ADV	ez
vous	PRON	vous
le	DET	le
duc	NOUN	duc
adonc	ADV	adonc
dervé	ADP	dervire
:	PUNCT	:
tout	DET	tout
maintenant	ADV	maintenant
en	ADP	en
la	DET	le
chambre	NOUN	chambre
entre	ADP	entre
,	PUNCT	,
au	ADP.DET	a.le
chevalier	NOUN	chevalier
trest	VERB	tref
fors	ADV	fors
du	ADP.DET	de.le
ventre	NOUN	ventre
l'	DET	le
espee	NOUN	espee
dont	PRON	dont
s'	DET	soi
estoit	VERB	estre
ocis	VERB	ocire
.	PUNCT	.
Tantost	ADV	tantost
s'	DET	soi
est	VERB	estre
a	ADP	a
la	DET	le
voie	NOUN	voie
mis	VERB	metre
grant	ADJ	grant
oirre	NOUN	oriere
droit	ADJ	droit
a	ADP	a
la	DET	le
carole	NOUN	carler
,	PUNCT	,
sanz	ADP	sans
plus	ADV	plus
tenir	VERB	tenir
longue	ADJ	long
parole	NOUN	parole
,	PUNCT	,
de	ADP	de
maintenant	ADV	maintenant
a	ADP	a
la	DET	le
duchesse	NOUN	duchés
;	PUNCT	;
si	ADV	si
li	DET	le
a	ADP	a
rendu	VERB	rendre
sa	DET	son
promesse	NOUN	promesse
,	PUNCT	,
que	SCONJ	que
el	ADP.DET	en.le
chief	NOUN	chief
li	DET	le
a	ADP	a
embatue	VERB	embatre
l'	DET	le
espee	NOUN	espee
que	SCONJ	que
il	PRON	il
tenoie	VERB	tenir
nue	ADJ	nu
,	PUNCT	,
sanz	ADP	sans
parler	VERB	parler
,	PUNCT	,
tant	ADV	tant
estoit	VERB	estre
iriez	ADJ	irier
.	PUNCT	.
La	DET	le
duchoise	NOUN	duché
chiet	VERB	chëoir
a	ADP	a
ses	DET	son
piez	NOUN	pié
,	PUNCT	,
voiant	VERB	vëoir
toz	DET	tot
ceus	DET	ceu
de	ADP	de
la	DET	le
contree	VERB	contree
,	PUNCT	,
dont	PRON	dont
fu	VERB	estre
la	DET	le
feste	NOUN	fête
mout	ADV	mout
troublee	VERB	troubler
des	ADP.DET	de.le
chevaliers	NOUN	chevalier
qui	PRON	qui
la	DET	le
estoient	VERB	estre
,	PUNCT	,
qui	PRON	qui
grant	ADJ	grant
joie	NOUN	joie
menee	VERB	mener
avoient	VERB	avoir
.	PUNCT	.
Et	CCONJ	et
li	DET	le
dus	NOUN	duc
trestout	DET	trestot
ausi	ADV	aussi
tost	DET	tost
,	PUNCT	,
oiant	VERB	öir
toz	DET	tot
,	PUNCT	,
qui	PRON	qui
oïr	VERB	öir
le	DET	le
vost	VERB	voloir
,	PUNCT	,
dist	VERB	dire
tout	DET	tout
l'	DET	le
afere	NOUN	afaire
en	ADP	en
mi	DET	moi
la	DET	le
cort	NOUN	cort
.	PUNCT	.
Lors	ADV	lors
n'	ADV	ne
i	ADV	i
a	ADP	a
celui	DET	cel
qui	PRON	qui
n'	ADV	ne
en	ADP	en
plort	NOUN	plorer
,	PUNCT	,
et	CCONJ	et
nommeement	ADV	nommer
quant	SCONJ	cant
il	PRON	il
voient	VERB	vëoir
les	DET	le
deus	DET	deux
amanz	NOUN	amant
qui	PRON	qui
mort	NOUN	mort
estoient	VERB	estre
,	PUNCT	,
et	CCONJ	et
la	DET	le
duchoise	NOUN	duché
d'	ADP	de
autre	ADJ	autre
part	NOUN	part
;	PUNCT	;
a	ADP	a
duel	NOUN	duel
et	CCONJ	et
a	ADP	a
corouz	NOUN	corroz
depart	NOUN	departir
la	DET	le
cort	NOUN	cort
et	CCONJ	et
a	ADP	a
meschief	NOUN	meschif
vilain	ADJ	vilain
.	PUNCT	.
Li	DET	le
dus	NOUN	duc
enterrer	VERB	enterrer
l'	DET	le
endemain	NOUN	endemain
fist	VERB	faire
les	DET	le
amanz	NOUN	amant
en	ADP	en
un	DET	un
sarqueu	NOUN	sarque
,	PUNCT	,
et	CCONJ	et
la	DET	le
duchoise	NOUN	duché
en	ADP	en
autre	ADJ	autre
leu	NOUN	lieu
.	PUNCT	.
Mes	CCONJ	mais
de	ADP	de
l'	DET	le
aventure	NOUN	aventure
ot	VERB	avoir
tel	DET	tel
ire	NOUN	ire
c'	CCONJ	ce
onques	ADV	onque
puis	NOUN	puis
ne	ADV	ne
l'	DET	le
oï	VERB	öir
on	PRON	on
rire	VERB	rire
;	PUNCT	;
errant	VERB	errer
se	PRON	se
croisa	VERB	croistre
d'	ADP	de
outre	ADP	outre
mer	NOUN	mer
,	PUNCT	,
ou	CCONJ	ou
il	PRON	il
ala	VERB	aler
sanz	ADP	sans
retorner	VERB	retorner
,	PUNCT	,
si	ADV	si
devint	VERB	devenir
ilueques	ADV	iluec
Templier	NOUN	templer
.	PUNCT	.
Ha	INTJ	ha
!	PUNCT	!
Dieus	PROPN	dieu
!	PUNCT	!
trestout	DET	trestot
cest	DET	cest
encombrier	VERB	encombrier
et	CCONJ	et
cest	DET	cest
meschief	NOUN	meschif
por	ADP	por
ce	PRON	ce
avint	VERB	avenir
qu'	SCONJ	que
au	ADP.DET	a.le
chevalier	NOUN	chevalier
tant	ADV	tant
mesavint	NOUN	mesveindre
qu'	SCONJ	que
il	PRON	il
dist	VERB	dire
ce	PRON	ce
que	SCONJ	que
celer	VERB	celer
devoit	VERB	devoir
et	CCONJ	et
que	SCONJ	que
desfendu	VERB	defendre
li	DET	le
avoit	VERB	avoir
s'	DET	soi
amie	NOUN	ami
qu'	SCONJ	que
il	PRON	il
ne	ADV	ne
le	DET	le
deïst	VERB	dire
,	PUNCT	,
tant	ADV	tant
com	SCONJ	come
s'	DET	soi
amor	NOUN	amor
avoir	VERB	avoir
vousist	VERB	voloir
.	PUNCT	.
Et	CCONJ	et
par	ADP	par
cest	DET	cest
example	NOUN	exmempler
doit	VERB	devoir
l'	DET	le
en	ADP	en
s'	DET	soi
amor	NOUN	amor
celer	VERB	celer
par	ADP	par
si	ADV	si
grant	ADJ	grant
sen	DET	son
c'	CCONJ	ce
on	PRON	on
ait	VERB	avoir
toz	DET	tot
jors	NOUN	jour
en	ADP	en
remembrance	NOUN	remembrer
que	SCONJ	que
li	DET	le
descouvrirs	NOUN	descovrir
riens	NOUN	rien
n'	ADV	ne
avance	NOUN	avancier
et	CCONJ	et
li	DET	le
celers	NOUN	celer
en	ADP	en
toz	DET	tot
poins	NOUN	peindre
vaut	VERB	valoir
.	PUNCT	.
Qui	PRON	qui
si	ADV	si
le	DET	le
fet	VERB	faire
,	PUNCT	,
ne	ADV	ne
crient	VERB	criembre
assaut	NOUN	assaut
des	ADP.DET	de.le
faus	ADJ	faus
felons	NOUN	felon
enquereors	NOUN	enquerre
qui	PRON	qui
enquierent	VERB	enquerre
autrui	PRON	autrui
amors	NOUN	amor
.	PUNCT	.
EXPLICIT	PROPN	explit-dic
LA	DET	le
CHASTELAINE	NOUN	chastelain
DE	ADP	de
VERGI	ADJ	vergier
.	PUNCT	.
